{"type":"FeatureCollection","name":"denver_micromobility_zones","source":{"agency":"Denver Department of Transportation & Infrastructure","obtained_via":"Colorado Open Records Act request","received":"2026-10-06"},"features":[{"type":"Feature","properties":{"zone_kind":"slow","zone_label":"Slow zone","zone_venue":"Larimer Square","source_file":"denver-larimer_square_-_slow_ride_zone_export.geojson"},"geometry":{"type":"MultiPolygon","coordinates":[[[[-104.99889,39.748459],[-104.998373,39.748095],[-104.999511,39.747119],[-105.000107,39.747574],[-104.99889,39.748459]]]]}},{"type":"Feature","properties":{"zone_kind":"outside_denver","zone_label":"Outside Denver","zone_venue":"Glendale","zone_note":"A separate city. Denver's rules — and this app's numbers — stop at this line.","source_file":"denver-mun_glendale_export.geojson"},"geometry":{"type":"MultiPolygon","coordinates":[[[[-104.9407,39.69657],[-104.93955,39.69657],[-104.93955,39.69666],[-104.93856,39.69666],[-104.93856,39.69793],[-104.94003,39.69793],[-104.94003,39.69773],[-104.9407,39.69773],[-104.94069,39.71108],[-104.93167,39.7111],[-104.93168,39.70913],[-104.92955,39.70858],[-104.92954,39.70641],[-104.92912,39.70641],[-104.92912,39.70679],[-104.92829,39.70679],[-104.92828,39.70669],[-104.92699,39.7067],[-104.92699,39.70386],[-104.93171,39.70386],[-104.93171,39.70206],[-104.93288,39.70205],[-104.93286,39.70362],[-104.93329,39.70377],[-104.93405,39.70376],[-104.93405,39.70131],[-104.93288,39.70132],[-104.93288,39.7003],[-104.93172,39.70032],[-104.93172,39.70021],[-104.92878,39.70023],[-104.9288,39.69842],[-104.92821,39.69842],[-104.92821,39.69664],[-104.93591,39.69658],[-104.93591,39.69784],[-104.93642,39.69784],[-104.93642,39.69658],[-104.93627,39.69658],[-104.93626,39.69477],[-104.93951,39.69476],[-104.93951,39.6954],[-104.94056,39.6954],[-104.94055,39.69476],[-104.9407,39.69476],[-104.9407,39.69657]]]]}},{"type":"Feature","properties":{"zone_kind":"no_ride","zone_label":"No riding","zone_note":"Riding is not permitted here at any time.","source_file":"denver-new_noride_alltime_export.geojson"},"geometry":{"type":"MultiPolygon","coordinates":[[[[-105.001247,39.753636],[-105.00035,39.754325],[-105.000343,39.75432],[-104.99991,39.75466],[-104.99885,39.75386],[-104.999288,39.753512],[-104.999229,39.753467],[-105.00042,39.752576],[-105.001525,39.75176],[-105.001745,39.751929],[-105.001237,39.75233],[-105.00211,39.75304],[-105.001247,39.753636]]],[[[-104.99081,39.75981],[-104.9894,39.7607],[-104.98842,39.76148],[-104.98837,39.76127],[-104.98809,39.76002],[-104.98814,39.75997],[-104.98923,39.75945],[-104.99152,39.758],[-104.99269,39.7589],[-104.99081,39.75981]]],[[[-104.9869,39.76247],[-104.98421,39.76466],[-104.98317,39.76533],[-104.98085,39.7667],[-104.97932,39.76736],[-104.97886,39.76698],[-104.97905,39.76687],[-104.98589,39.76168],[-104.98635,39.76131],[-104.98712,39.76069],[-104.9875,39.76098],[-104.98758,39.76092],[-104.9877,39.76186],[-104.9869,39.76247]]],[[[-104.96923,39.77694],[-104.96851,39.77642],[-104.97197,39.77373],[-104.97268,39.77426],[-104.96923,39.77694]]],[[[-104.9407,39.69657],[-104.93955,39.69657],[-104.93955,39.69666],[-104.93856,39.69666],[-104.93856,39.69793],[-104.94003,39.69793],[-104.94003,39.69773],[-104.9407,39.69773],[-104.94069,39.71108],[-104.93167,39.7111],[-104.93168,39.70913],[-104.92955,39.70858],[-104.92954,39.70641],[-104.92912,39.70641],[-104.92912,39.70679],[-104.92829,39.70679],[-104.92828,39.70669],[-104.92699,39.7067],[-104.92699,39.70386],[-104.93171,39.70386],[-104.93171,39.70206],[-104.93288,39.70205],[-104.93286,39.70362],[-104.93329,39.70377],[-104.93405,39.70376],[-104.93405,39.70131],[-104.93288,39.70132],[-104.93288,39.7003],[-104.93172,39.70032],[-104.93172,39.70021],[-104.92878,39.70023],[-104.9288,39.69842],[-104.92821,39.69842],[-104.92821,39.69664],[-104.93591,39.69658],[-104.93591,39.69784],[-104.93642,39.69784],[-104.93642,39.69658],[-104.93627,39.69658],[-104.93626,39.69477],[-104.93951,39.69476],[-104.93951,39.6954],[-104.94056,39.6954],[-104.94055,39.69476],[-104.9407,39.69476],[-104.9407,39.69657]]]]}},{"type":"Feature","properties":{"zone_kind":"no_parking","zone_label":"No parking","zone_note":"You may ride through, but not end a ride here.","source_file":"denver-new_npz_both_alltime_export.geojson"},"geometry":{"type":"MultiPolygon","coordinates":[[[[-105.08149,39.63399],[-105.07988,39.63407],[-105.07821,39.63587],[-105.07405,39.63594],[-105.0701,39.6369],[-105.06755,39.63716],[-105.06518,39.63644],[-105.06185,39.63555],[-105.05994,39.63487],[-105.05844,39.63309],[-105.057676,39.63245],[-105.05701,39.63168],[-105.056089,39.631122],[-105.05525,39.63042],[-105.05375,39.62939],[-105.05381,39.62764],[-105.053924,39.627518],[-105.055127,39.626561],[-105.05545,39.62644],[-105.05581,39.62606],[-105.055807,39.62602],[-105.05584,39.625994],[-105.05584,39.624817],[-105.05586,39.62463],[-105.05629,39.6242],[-105.05753,39.6238],[-105.05841,39.62339],[-105.05961,39.62316],[-105.06109,39.62321],[-105.06272,39.62314],[-105.06373,39.62279],[-105.06427,39.62228],[-105.06459,39.62127],[-105.06502,39.62064],[-105.065273,39.620181],[-105.06591,39.62084],[-105.076,39.624225],[-105.07492,39.62423],[-105.078469,39.627731],[-105.081,39.6313],[-105.081243,39.631462],[-105.08145,39.63186],[-105.081536,39.63184],[-105.08149,39.63399]]],[[[-105.06072,39.63934],[-105.06066,39.63961],[-105.06067,39.63987],[-105.0605,39.63999],[-105.06037,39.6402],[-105.06025,39.64025],[-105.06,39.64017],[-105.05974,39.64033],[-105.0594,39.64078],[-105.05859,39.64128],[-105.05847,39.64141],[-105.05844,39.64154],[-105.0582,39.64181],[-105.05802,39.6419],[-105.05777,39.64182],[-105.05743,39.64206],[-105.05728,39.64208],[-105.05714,39.64195],[-105.05628,39.64242],[-105.05618,39.64264],[-105.05608,39.6429],[-105.05581,39.64301],[-105.05552,39.64309],[-105.05516,39.64329],[-105.05495,39.64331],[-105.05475,39.64323],[-105.05459,39.64314],[-105.05449,39.64295],[-105.05444,39.64279],[-105.05452,39.64263],[-105.05468,39.64255],[-105.05488,39.64256],[-105.05503,39.64256],[-105.0552,39.6425],[-105.05544,39.64241],[-105.05567,39.64237],[-105.05587,39.64239],[-105.05627,39.64239],[-105.05651,39.64223],[-105.05677,39.6421],[-105.057,39.64201],[-105.05707,39.64189],[-105.05701,39.64174],[-105.05709,39.64166],[-105.05749,39.64148],[-105.05797,39.64133],[-105.05829,39.64108],[-105.05846,39.6411],[-105.05857,39.64122],[-105.05878,39.64114],[-105.05896,39.64102],[-105.05916,39.64086],[-105.05942,39.64066],[-105.05952,39.64052],[-105.05965,39.64032],[-105.05985,39.64014],[-105.05962,39.64001],[-105.05964,39.63991],[-105.05967,39.63978],[-105.05955,39.6397],[-105.05964,39.63954],[-105.06009,39.63927],[-105.06017,39.63908],[-105.06035,39.6389],[-105.0606,39.63888],[-105.0608,39.63892],[-105.06081,39.63909],[-105.06072,39.63934]]],[[[-105.05316,39.72861],[-105.05232,39.72886],[-105.05191,39.72898],[-105.0515,39.72884],[-105.05119,39.72868],[-105.05081,39.72853],[-105.04952,39.72894],[-105.04889,39.72915],[-105.04858,39.72921],[-105.04857,39.72913],[-105.05011,39.72863],[-105.0508,39.72845],[-105.05123,39.72858],[-105.05176,39.72885],[-105.05189,39.72887],[-105.05282,39.72856],[-105.05316,39.72853],[-105.05316,39.72861]]],[[[-105.0531,39.75038],[-105.05311,39.75202],[-105.05301,39.75203],[-105.05273,39.75211],[-105.05261,39.75237],[-105.05251,39.75264],[-105.0526,39.7529],[-105.05175,39.75285],[-105.05176,39.75235],[-105.05106,39.75234],[-105.05089,39.75289],[-105.04892,39.75291],[-105.04891,39.75199],[-105.04779,39.75194],[-105.04757,39.75292],[-105.04636,39.75291],[-105.04299,39.7516],[-105.04302,39.7501],[-105.04321,39.75011],[-105.04346,39.74997],[-105.04323,39.74967],[-105.043,39.74967],[-105.04299,39.74865],[-105.04323,39.7484],[-105.04302,39.74797],[-105.0427,39.74805],[-105.04204,39.7478],[-105.04109,39.74762],[-105.03877,39.74683],[-105.03721,39.74584],[-105.03679,39.74533],[-105.03668,39.74481],[-105.03705,39.74414],[-105.0388,39.74411],[-105.0388,39.74433],[-105.03943,39.74441],[-105.03946,39.74414],[-105.04152,39.74409],[-105.04156,39.74435],[-105.04265,39.74436],[-105.04274,39.7442],[-105.04503,39.74427],[-105.04502,39.74509],[-105.04541,39.7451],[-105.04599,39.74492],[-105.04596,39.7441],[-105.05088,39.7441],[-105.05107,39.74433],[-105.05213,39.74512],[-105.05234,39.7453],[-105.05311,39.74549],[-105.05312,39.74657],[-105.0531,39.74743],[-105.05291,39.74763],[-105.0531,39.74777],[-105.05314,39.74883],[-105.0531,39.75038]]],[[[-105.05297,39.78276],[-105.05274,39.78299],[-105.05234,39.78327],[-105.05179,39.78367],[-105.05141,39.78392],[-105.05087,39.78423],[-105.05019,39.78458],[-105.04941,39.78472],[-105.04851,39.78479],[-105.04752,39.78459],[-105.04658,39.78422],[-105.04575,39.78377],[-105.04483,39.7834],[-105.04487,39.783],[-105.04557,39.78243],[-105.04619,39.78212],[-105.04689,39.78192],[-105.04683,39.78153],[-105.04679,39.7805],[-105.04739,39.78049],[-105.04783,39.78062],[-105.0481,39.78089],[-105.04831,39.78107],[-105.04877,39.78117],[-105.0491,39.78096],[-105.04902,39.78076],[-105.04837,39.78047],[-105.04924,39.7805],[-105.04996,39.78051],[-105.05014,39.78067],[-105.05064,39.78121],[-105.05073,39.78152],[-105.05106,39.78173],[-105.05188,39.782],[-105.05197,39.78208],[-105.05298,39.78196],[-105.05297,39.78276]]],[[[-105.05172,39.64543],[-105.05097,39.6457],[-105.04916,39.64609],[-105.0491,39.64624],[-105.04843,39.64669],[-105.04723,39.64754],[-105.04695,39.64816],[-105.04657,39.64827],[-105.04613,39.64824],[-105.04577,39.64803],[-105.0452,39.64758],[-105.04492,39.64716],[-105.04538,39.64685],[-105.046,39.647],[-105.04698,39.64674],[-105.04787,39.64654],[-105.04838,39.64623],[-105.04885,39.64611],[-105.04998,39.64588],[-105.04977,39.64566],[-105.04959,39.64522],[-105.04965,39.64496],[-105.04993,39.64464],[-105.05066,39.64444],[-105.0515,39.64423],[-105.05239,39.64406],[-105.05293,39.64409],[-105.05294,39.64452],[-105.05172,39.64543]]],[[[-105.05202,39.73511],[-105.04973,39.73509],[-105.04723,39.73485],[-105.04381,39.73474],[-105.03952,39.7347],[-105.03947,39.73411],[-105.04391,39.73414],[-105.0477,39.73435],[-105.0521,39.73465],[-105.05202,39.73511]]],[[[-105.05102,39.66961],[-105.05054,39.66982],[-105.04986,39.66989],[-105.04927,39.66975],[-105.04871,39.66956],[-105.04781,39.66923],[-105.04743,39.66891],[-105.04718,39.66845],[-105.04728,39.66816],[-105.04812,39.66813],[-105.04925,39.66821],[-105.0503,39.66838],[-105.05102,39.66861],[-105.05114,39.66927],[-105.05102,39.66961]]],[[[-105.04831,39.67873],[-105.04757,39.67869],[-105.04698,39.67878],[-105.04615,39.67888],[-105.04543,39.67901],[-105.04545,39.67924],[-105.04517,39.6793],[-105.04425,39.67944],[-105.04422,39.67921],[-105.04408,39.67894],[-105.04379,39.67863],[-105.04303,39.67819],[-105.0425,39.67789],[-105.04222,39.67772],[-105.04209,39.67759],[-105.0419,39.67716],[-105.0419,39.67695],[-105.04213,39.67694],[-105.04242,39.67693],[-105.04293,39.67701],[-105.04339,39.67712],[-105.04376,39.67711],[-105.04414,39.677],[-105.04483,39.67691],[-105.04559,39.67686],[-105.04644,39.67684],[-105.04721,39.67693],[-105.04794,39.67711],[-105.04833,39.67762],[-105.04864,39.67837],[-105.04865,39.67867],[-105.04831,39.67873]]],[[[-105.04843,39.72938],[-105.0474,39.7294],[-105.04701,39.72947],[-105.04694,39.72956],[-105.0468,39.72978],[-105.04659,39.72995],[-105.04631,39.73004],[-105.04615,39.73],[-105.04546,39.73006],[-105.04502,39.73011],[-105.04459,39.7301],[-105.04407,39.73011],[-105.04402,39.72987],[-105.04442,39.72989],[-105.04478,39.72997],[-105.04548,39.72995],[-105.04613,39.72986],[-105.04659,39.72966],[-105.04686,39.72936],[-105.04743,39.72919],[-105.04773,39.72919],[-105.04794,39.72916],[-105.04843,39.72907],[-105.04843,39.72938]]],[[[-105.04318,39.67959],[-105.04236,39.67969],[-105.04185,39.67973],[-105.0409,39.67971],[-105.04009,39.67956],[-105.03963,39.67944],[-105.03852,39.67911],[-105.03858,39.67882],[-105.03865,39.67843],[-105.03877,39.67773],[-105.03881,39.67671],[-105.0388,39.67668],[-105.04009,39.67668],[-105.04052,39.67658],[-105.04055,39.67681],[-105.0408,39.67692],[-105.04156,39.67696],[-105.04155,39.67737],[-105.04172,39.67757],[-105.04184,39.67783],[-105.04165,39.67793],[-105.0413,39.67785],[-105.04117,39.678],[-105.04107,39.67825],[-105.04115,39.67837],[-105.04141,39.67844],[-105.04165,39.6785],[-105.04193,39.67855],[-105.04209,39.67856],[-105.04219,39.67855],[-105.04224,39.67847],[-105.0422,39.67822],[-105.04252,39.67838],[-105.04263,39.67843],[-105.04252,39.67854],[-105.04231,39.67865],[-105.04241,39.67877],[-105.04264,39.67867],[-105.04273,39.67852],[-105.04329,39.67877],[-105.04372,39.67912],[-105.04387,39.67948],[-105.04318,39.67959]]],[[[-105.04229,39.73082],[-105.04111,39.73085],[-105.04076,39.73124],[-105.03968,39.73139],[-105.03965,39.73112],[-105.04064,39.73087],[-105.041,39.73039],[-105.04238,39.7305],[-105.04375,39.73009],[-105.04381,39.73038],[-105.04229,39.73082]]],[[[-105.043027,39.776874],[-105.043024,39.776711],[-105.043344,39.77668],[-105.043349,39.776866],[-105.043027,39.776874]]],[[[-105.04156,39.78913],[-105.04099,39.78913],[-105.04099,39.78889],[-105.04156,39.78889],[-105.04156,39.78913]]],[[[-105.03896,39.73159],[-105.0388,39.73218],[-105.03831,39.73244],[-105.03814,39.7329],[-105.03783,39.7329],[-105.03799,39.73236],[-105.03861,39.73196],[-105.0388,39.73138],[-105.03931,39.73121],[-105.03933,39.73149],[-105.03896,39.73159]]],[[[-105.03915,39.73474],[-105.03664,39.73476],[-105.03547,39.7353],[-105.034,39.73566],[-105.03292,39.73566],[-105.03239,39.73487],[-105.03531,39.73487],[-105.03625,39.73439],[-105.03678,39.73419],[-105.03705,39.73393],[-105.03763,39.73357],[-105.03843,39.73372],[-105.03922,39.734],[-105.03915,39.73474]]],[[[-105.03844,39.73371],[-105.03787,39.73361],[-105.03778,39.73306],[-105.03842,39.73304],[-105.03858,39.73351],[-105.03844,39.73371]]],[[[-105.0376,39.69545],[-105.03751,39.6957],[-105.03757,39.69614],[-105.03755,39.69641],[-105.03739,39.69659],[-105.03697,39.69661],[-105.03655,39.69666],[-105.03629,39.69674],[-105.03576,39.69696],[-105.03552,39.69703],[-105.03519,39.69707],[-105.03487,39.69705],[-105.03422,39.69694],[-105.03377,39.69678],[-105.03339,39.69655],[-105.03315,39.69634],[-105.03326,39.69606],[-105.03361,39.69581],[-105.03417,39.69561],[-105.03453,39.69543],[-105.03455,39.69507],[-105.03466,39.69491],[-105.03465,39.6942],[-105.03463,39.69336],[-105.03647,39.69332],[-105.03653,39.69343],[-105.03657,39.69485],[-105.03658,39.69494],[-105.0364,39.695],[-105.03675,39.69503],[-105.0372,39.69514],[-105.03765,39.6952],[-105.0376,39.69545]]],[[[-105.03257,39.78288],[-105.031,39.78328],[-105.02866,39.78359],[-105.02774,39.78355],[-105.02723,39.78319],[-105.02709,39.78265],[-105.02724,39.78248],[-105.02749,39.78236],[-105.02732,39.78216],[-105.02721,39.78204],[-105.02651,39.78197],[-105.02653,39.78049],[-105.02939,39.78047],[-105.0299,39.78068],[-105.03015,39.78064],[-105.03038,39.78048],[-105.03159,39.78045],[-105.03241,39.78044],[-105.03243,39.7808],[-105.03297,39.78082],[-105.0331,39.78069],[-105.03433,39.78071],[-105.03439,39.78287],[-105.03257,39.78288]]],[[[-105.03151,39.73609],[-105.0315,39.73637],[-105.03152,39.7367],[-105.03045,39.73692],[-105.03025,39.73698],[-105.02933,39.73644],[-105.02818,39.73625],[-105.0274,39.73614],[-105.02554,39.73664],[-105.02554,39.73614],[-105.0264,39.73546],[-105.02695,39.73535],[-105.02773,39.735],[-105.02961,39.73504],[-105.03046,39.73497],[-105.03198,39.73487],[-105.03201,39.73619],[-105.03151,39.73609]]],[[[-105.03063,39.72441],[-105.02959,39.72445],[-105.02945,39.72458],[-105.02951,39.72482],[-105.02963,39.72517],[-105.02811,39.72502],[-105.02756,39.72508],[-105.02642,39.72498],[-105.02591,39.72493],[-105.02582,39.72471],[-105.02585,39.72421],[-105.02595,39.72303],[-105.02615,39.72271],[-105.02636,39.72271],[-105.02656,39.72246],[-105.02658,39.72157],[-105.02782,39.72151],[-105.02803,39.72157],[-105.0282,39.72189],[-105.02802,39.722],[-105.02768,39.72223],[-105.02771,39.72264],[-105.02784,39.72296],[-105.02826,39.72295],[-105.02866,39.72276],[-105.02885,39.72306],[-105.02948,39.7231],[-105.03106,39.72312],[-105.03112,39.72441],[-105.03063,39.72441]]],[[[-105.02195,39.73806],[-105.02193,39.73718],[-105.0235,39.73672],[-105.025,39.7362],[-105.02504,39.73668],[-105.02195,39.73806]]],[[[-105.0206,39.73894],[-105.01945,39.73895],[-105.01838,39.73908],[-105.01848,39.7386],[-105.02162,39.73767],[-105.02163,39.7386],[-105.0206,39.73894]]],[[[-105.0201,39.7019],[-105.01835,39.70191],[-105.01777,39.70225],[-105.01739,39.70243],[-105.01692,39.70255],[-105.01617,39.70259],[-105.01569,39.7027],[-105.01536,39.70286],[-105.01478,39.70283],[-105.01416,39.70256],[-105.01349,39.70244],[-105.01348,39.7019],[-105.01366,39.70131],[-105.01404,39.70082],[-105.01424,39.70019],[-105.01603,39.70017],[-105.01627,39.70039],[-105.01747,39.70057],[-105.01821,39.70057],[-105.02011,39.70068],[-105.0201,39.7019]]],[[[-105.018363,39.738939],[-105.018321,39.739122],[-105.018295,39.739152],[-105.0181,39.73976],[-105.018012,39.739736],[-105.01801,39.739741],[-105.017425,39.739592],[-105.017423,39.73958],[-105.0172,39.73952],[-105.01753,39.73854],[-105.01735,39.73711],[-105.01745,39.737078],[-105.017415,39.737026],[-105.017989,39.736882],[-105.017998,39.736903],[-105.01804,39.73689],[-105.018172,39.737304],[-105.018252,39.737488],[-105.018364,39.737785],[-105.018385,39.737971],[-105.01842,39.73808],[-105.01843,39.73873],[-105.018363,39.738939]]],[[[-105.017799,39.736398],[-105.017876,39.736626],[-105.017275,39.736746],[-105.01727,39.73668],[-105.017225,39.736555],[-105.01717,39.73657],[-105.01673,39.73515],[-105.01688,39.73432],[-105.01658,39.72975],[-105.01672,39.729759],[-105.016707,39.729621],[-105.016605,39.729473],[-105.017307,39.729469],[-105.01731,39.729799],[-105.01733,39.7298],[-105.01733,39.73064],[-105.017589,39.730928],[-105.017667,39.730991],[-105.017664,39.731011],[-105.01778,39.73114],[-105.0175,39.7316],[-105.01744,39.73233],[-105.017431,39.732616],[-105.017431,39.733557],[-105.017452,39.734135],[-105.017432,39.734932],[-105.01766,39.73553],[-105.0179,39.73637],[-105.017799,39.736398]]],[[[-105.017763,39.747083],[-105.017667,39.747615],[-105.017484,39.748324],[-105.01705,39.748279],[-105.016884,39.748493],[-105.016589,39.748625],[-105.01653,39.74905],[-105.016454,39.749797],[-105.016277,39.749764],[-105.016009,39.749772],[-105.015827,39.749908],[-105.015757,39.750094],[-105.015591,39.750283],[-105.01543,39.750358],[-105.015237,39.750366],[-105.014904,39.750613],[-105.014486,39.750885],[-105.014065,39.751095],[-105.012559,39.752166],[-105.011106,39.753236],[-105.010232,39.753857],[-105.009537,39.753556],[-105.008875,39.753255],[-105.00844,39.752943],[-105.009542,39.752061],[-105.011026,39.751922],[-105.012,39.75123],[-105.01294,39.75062],[-105.01382,39.74989],[-105.01436,39.74976],[-105.01464,39.74917],[-105.01488,39.74828],[-105.01497,39.74758],[-105.01503,39.7469],[-105.01516,39.74601],[-105.01527,39.74444],[-105.01555,39.7437],[-105.01628,39.74441],[-105.01669,39.74608],[-105.016769,39.746143],[-105.016889,39.746212],[-105.017581,39.746419],[-105.017801,39.746732],[-105.017763,39.747083]]],[[[-105.015328,39.729176],[-105.015215,39.729064],[-105.014888,39.728078],[-105.014856,39.727579],[-105.015144,39.726728],[-105.015182,39.726416],[-105.015124,39.725896],[-105.015188,39.725813],[-105.015956,39.725788],[-105.015954,39.725811],[-105.01608,39.7258],[-105.016,39.72657],[-105.01605,39.72704],[-105.01618,39.72772],[-105.016341,39.728154],[-105.016551,39.728417],[-105.016744,39.728615],[-105.016838,39.728742],[-105.01716,39.72908],[-105.017089,39.729079],[-105.017173,39.729192],[-105.015328,39.729176]]],[[[-105.01429,39.72394],[-105.01345,39.72367],[-105.01187,39.72309],[-105.01105,39.7226],[-105.00935,39.72162],[-105.00827,39.72067],[-105.00728,39.7197],[-105.00617,39.71864],[-105.00288,39.71638],[-105.00195,39.71539],[-105.00094,39.71367],[-104.99989,39.71153],[-105.0007,39.71147],[-105.00134,39.71298],[-105.00177,39.71387],[-105.00216,39.71486],[-105.00275,39.71556],[-105.00423,39.71666],[-105.00538,39.71739],[-105.0068,39.71844],[-105.00765,39.71924],[-105.00805,39.71975],[-105.00895,39.72055],[-105.00971,39.72121],[-105.01089,39.72174],[-105.01157,39.72188],[-105.01229,39.72212],[-105.0132,39.72253],[-105.01463,39.72328],[-105.01557,39.7239],[-105.0161,39.7249],[-105.01429,39.72394]]],[[[-105.008161,39.75534],[-105.007201,39.754622],[-105.007863,39.754098],[-105.007814,39.753889],[-105.007689,39.753595],[-105.008048,39.753319],[-105.008301,39.753492],[-105.009236,39.753954],[-105.00971,39.75417],[-105.009695,39.754181],[-105.009829,39.754247],[-105.008161,39.75534]]],[[[-105.008089,39.74508],[-105.008,39.744936],[-105.008899,39.744573],[-105.008924,39.744612],[-105.00893,39.74461],[-105.008957,39.744664],[-105.008966,39.744678],[-105.008089,39.74508]]],[[[-105.00788,39.73289],[-105.00734,39.73381],[-105.00654,39.73499],[-105.00636,39.73526],[-105.0063,39.7346],[-105.00628,39.73422],[-105.00623,39.73368],[-105.00618,39.73297],[-105.00591,39.73197],[-105.00549,39.73066],[-105.00492,39.72891],[-105.00477,39.7287],[-105.00593,39.72855],[-105.00664,39.72854],[-105.00748,39.72872],[-105.00815,39.72954],[-105.00843,39.73162],[-105.00788,39.73289]]],[[[-105.006978,39.745548],[-105.006931,39.745482],[-105.00691,39.74549],[-105.00653,39.745],[-105.0073,39.7447],[-105.007304,39.744705],[-105.007332,39.744693],[-105.007584,39.745025],[-105.00786,39.74493],[-105.007888,39.744958],[-105.007893,39.744956],[-105.007914,39.744984],[-105.00799,39.74506],[-105.007976,39.745066],[-105.008005,39.745105],[-105.006978,39.745548]]],[[[-105.007819,39.755632],[-105.00783,39.75564],[-105.00597,39.75802],[-105.004298,39.760088],[-105.00417,39.760268],[-105.003011,39.758919],[-105.003575,39.758699],[-105.00368,39.75865],[-105.003841,39.758557],[-105.00395,39.75849],[-105.00417,39.75827],[-105.00438,39.75797],[-105.00452,39.75773],[-105.00458,39.75749],[-105.00463,39.75721],[-105.00455,39.75684],[-105.00454,39.75651],[-105.00452,39.75623],[-105.004535,39.75614],[-105.004529,39.756008],[-105.004674,39.75567],[-105.004686,39.755659],[-105.00469,39.75565],[-105.00488,39.75544],[-105.00522,39.75523],[-105.00567,39.75502],[-105.00649,39.75471],[-105.006517,39.754729],[-105.006632,39.754676],[-105.007877,39.755583],[-105.007819,39.755632]]],[[[-104.99034,39.72886],[-104.990549,39.729079],[-104.990585,39.729073],[-104.991049,39.729675],[-104.991013,39.729691],[-104.991155,39.729909],[-104.991183,39.729898],[-104.9917,39.730583],[-104.992596,39.731777],[-104.993315,39.732781],[-104.9939,39.733547],[-104.993861,39.733565],[-104.994029,39.733797],[-104.994077,39.733774],[-104.994452,39.734293],[-104.995152,39.735238],[-104.995815,39.736139],[-104.996265,39.736735],[-104.996235,39.736736],[-104.99645,39.73698],[-104.996749,39.737401],[-104.997432,39.73832],[-104.997402,39.738319],[-104.997587,39.738601],[-104.997631,39.7386],[-104.998572,39.739891],[-104.998539,39.739891],[-104.99856,39.73992],[-104.99881,39.74031],[-104.998821,39.740331],[-104.998865,39.74033],[-104.999296,39.741131],[-104.999252,39.741145],[-104.999377,39.741403],[-104.999425,39.741389],[-104.999669,39.741861],[-104.999663,39.741866],[-104.999803,39.742173],[-104.999849,39.742139],[-105.000289,39.743098],[-105.000436,39.743597],[-105.00044,39.74368],[-105.00045,39.743987],[-105.00044,39.743994],[-105.00044,39.744],[-105.000459,39.744317],[-105.000482,39.744301],[-105.000495,39.74448],[-105.00057,39.74523],[-105.00068,39.745608],[-105.000777,39.745845],[-105.000903,39.746029],[-105.000611,39.746179],[-105.000621,39.746289],[-105.000548,39.746188],[-105.000446,39.7463],[-105.000611,39.746522],[-105.000626,39.746655],[-105.000768,39.746897],[-105.000772,39.746895],[-105.000827,39.747008],[-105.00122,39.74775],[-105.00139,39.74795],[-105.001736,39.748499],[-105.001812,39.748578],[-105.001788,39.748582],[-105.0018,39.7486],[-105.00195,39.74877],[-105.001978,39.748791],[-105.002027,39.748784],[-105.002062,39.748827],[-105.002343,39.74905],[-105.002337,39.749063],[-105.002558,39.749225],[-105.002566,39.749211],[-105.002578,39.74922],[-105.0026,39.74919],[-105.003567,39.749938],[-105.003655,39.749929],[-105.003961,39.749811],[-105.004481,39.750197],[-105.004269,39.750375],[-105.00452,39.75023],[-105.00649,39.75166],[-105.00771,39.75306],[-105.007693,39.753074],[-105.007786,39.753148],[-105.007482,39.753362],[-105.007418,39.753313],[-105.00741,39.75332],[-105.00606,39.75229],[-105.00506,39.75154],[-105.00237,39.7495],[-105.002398,39.749462],[-105.00222,39.74932],[-105.00157,39.74884],[-105.00142,39.74868],[-105.001274,39.748465],[-105.001118,39.748238],[-105.000981,39.748077],[-105.001045,39.748064],[-105.00103,39.74802],[-105.000882,39.747813],[-105.000879,39.747813],[-105.000854,39.747757],[-105.000708,39.747457],[-105.000458,39.74707],[-105.000506,39.747043],[-105.0005,39.74703],[-105.00023,39.74685],[-104.99968,39.74626],[-105.00009,39.74593],[-105.000283,39.745816],[-105.000254,39.745755],[-105.00034,39.745677],[-105.000293,39.745453],[-105.000235,39.745505],[-105.000152,39.74453],[-105.000228,39.744477],[-105.000174,39.744193],[-105.000168,39.744198],[-105.000122,39.744189],[-105.000088,39.743828],[-104.999967,39.743387],[-104.999495,39.742401],[-104.999553,39.742358],[-104.99954,39.74233],[-104.999394,39.742078],[-104.999347,39.742115],[-104.998991,39.741514],[-104.999082,39.741488],[-104.998931,39.741244],[-104.998881,39.741259],[-104.998366,39.740337],[-104.998411,39.740336],[-104.99839,39.7403],[-104.99816,39.73993],[-104.998132,39.739891],[-104.998073,39.739891],[-104.997126,39.738608],[-104.997207,39.738607],[-104.99696,39.73833],[-104.996941,39.738302],[-104.996912,39.738301],[-104.995946,39.736999],[-104.995984,39.736979],[-104.996007,39.73698],[-104.996,39.73697],[-104.99589,39.73676],[-104.995882,39.73675],[-104.995769,39.736754],[-104.99501,39.735704],[-104.994557,39.735069],[-104.994031,39.734363],[-104.993709,39.733947],[-104.993789,39.733909],[-104.993617,39.733677],[-104.993546,39.73371],[-104.993058,39.733019],[-104.992459,39.732198],[-104.991722,39.731172],[-104.991204,39.730424],[-104.990995,39.730158],[-104.990877,39.730023],[-104.990918,39.730006],[-104.99074,39.729811],[-104.990713,39.729823],[-104.990182,39.729139],[-104.990205,39.729135],[-104.99,39.72892],[-104.99034,39.72886]]],[[[-105.00628,39.68418],[-105.00544,39.6843],[-105.00458,39.68397],[-105.00488,39.68331],[-105.00432,39.68239],[-105.00641,39.6824],[-105.00643,39.68253],[-105.00628,39.68418]]],[[[-105.00611,39.68531],[-105.0055,39.68548],[-105.00488,39.68607],[-105.00513,39.68645],[-105.00562,39.68626],[-105.00573,39.68658],[-105.00572,39.68735],[-105.00494,39.68732],[-105.00478,39.68744],[-105.00452,39.68783],[-105.00449,39.68799],[-105.00454,39.68815],[-105.00482,39.68822],[-105.00537,39.68825],[-105.00535,39.6885],[-105.00494,39.68923],[-105.00179,39.68916],[-105.00182,39.68723],[-105.0027,39.68735],[-105.00306,39.68698],[-105.0028,39.68621],[-105.00334,39.68579],[-105.00368,39.68577],[-105.00367,39.68521],[-105.00371,39.6846],[-105.00442,39.68406],[-105.00471,39.68412],[-105.00542,39.68447],[-105.00618,39.68435],[-105.00611,39.68531]]],[[[-105.004578,39.746476],[-105.004047,39.745773],[-105.003741,39.745375],[-105.003847,39.745325],[-105.00383,39.7453],[-105.004116,39.745196],[-105.004572,39.744979],[-105.003939,39.744096],[-105.001134,39.745383],[-105.000833,39.745185],[-105.001315,39.744957],[-105.0013,39.74493],[-105.001767,39.74473],[-105.001621,39.744517],[-105.001378,39.744587],[-105.001241,39.744643],[-105.001222,39.744154],[-105.001305,39.744115],[-105.001309,39.74412],[-105.00131,39.74406],[-105.00148,39.74422],[-105.00167,39.74417],[-105.001817,39.74434],[-105.002461,39.744231],[-105.003757,39.743721],[-105.003051,39.74278],[-105.003009,39.742791],[-105.002689,39.742904],[-105.002674,39.742878],[-105.00263,39.74289],[-105.00248,39.74268],[-105.002545,39.742653],[-105.00248,39.742541],[-105.002727,39.742389],[-105.002636,39.742261],[-105.002877,39.742158],[-105.003561,39.743043],[-105.003845,39.74338],[-105.004776,39.743012],[-105.004782,39.743022],[-105.00481,39.74301],[-105.00499,39.74295],[-105.00526,39.74325],[-105.00487,39.743421],[-105.004138,39.743758],[-105.00484,39.744703],[-105.005554,39.744393],[-105.005726,39.744633],[-105.004993,39.74497],[-105.005009,39.744994],[-105.005769,39.745948],[-105.004578,39.746476]]],[[[-105.00497,39.75976],[-105.00486,39.75969],[-105.00519,39.75942],[-105.00531,39.75951],[-105.00497,39.75976]]],[[[-105.004905,39.741153],[-105.00492,39.74118],[-105.00405,39.74156],[-105.00435,39.74194],[-105.004312,39.741956],[-105.004315,39.74196],[-105.003988,39.742108],[-105.003296,39.741164],[-105.003327,39.741152],[-105.00331,39.74113],[-105.00367,39.74097],[-105.0041,39.74093],[-105.00422,39.74109],[-105.00457,39.74095],[-105.00476,39.74089],[-105.004795,39.740954],[-105.004921,39.740912],[-105.005055,39.741089],[-105.004905,39.741153]]],[[[-105.00483,39.66608],[-105.00469,39.66648],[-105.00437,39.66686],[-105.003,39.66759],[-105.00127,39.66814],[-104.99967,39.66873],[-104.99907,39.66942],[-104.9986,39.67039],[-104.99818,39.67155],[-104.99775,39.67285],[-104.99773,39.67377],[-104.99784,39.6745],[-104.99793,39.67485],[-104.99805,39.67661],[-104.99816,39.67768],[-104.99834,39.67837],[-104.9977,39.67835],[-104.99743,39.67662],[-104.99683,39.67612],[-104.99678,39.67519],[-104.99677,39.67387],[-104.99696,39.67246],[-104.99726,39.6716],[-104.99789,39.67049],[-104.99867,39.66891],[-104.9996,39.66815],[-105.00117,39.66766],[-105.00289,39.66712],[-105.00394,39.6666],[-105.00421,39.666368],[-105.004374,39.66631],[-105.004382,39.66622],[-105.00444,39.66617],[-105.004473,39.665165],[-105.004475,39.665139],[-105.004493,39.664936],[-105.00481,39.66459],[-105.00483,39.66546],[-105.00483,39.66608]]],[[[-105.003821,39.760462],[-105.002008,39.759567],[-105.002308,39.759171],[-105.00263,39.758952],[-105.003912,39.760396],[-105.003821,39.760462]]],[[[-105.00274,39.741696],[-105.002689,39.741844],[-105.002617,39.741874],[-105.00273,39.742],[-105.00256,39.74204],[-105.00233,39.7418],[-105.00222,39.74183],[-105.00218,39.74177],[-105.00201,39.74182],[-105.00184,39.74175],[-105.001842,39.741749],[-105.001761,39.741749],[-105.002196,39.741564],[-105.001718,39.74094],[-105.00157,39.74075],[-105.001573,39.740749],[-105.001445,39.740582],[-105.001643,39.7405],[-105.002354,39.741455],[-105.002544,39.74139],[-105.002818,39.741277],[-105.003033,39.741564],[-105.00274,39.741696]]],[[[-105.002137,39.762177],[-105.00182,39.762618],[-105.001509,39.763035],[-105.001279,39.763043],[-105.000665,39.76274],[-105.000226,39.762566],[-104.999009,39.763022],[-104.998264,39.762585],[-104.99711,39.76282],[-104.996466,39.763024],[-104.99676,39.76592],[-104.9967,39.76598],[-104.99608,39.76601],[-104.9958,39.76607],[-104.9957,39.76567],[-104.99561,39.76565],[-104.99555,39.76527],[-104.99529,39.7643],[-104.99518,39.76274],[-104.995271,39.762702],[-104.99527,39.762676],[-104.995761,39.762498],[-104.996122,39.762347],[-104.996606,39.762136],[-104.997818,39.761884],[-104.998744,39.761663],[-104.99916,39.76149],[-104.999274,39.761328],[-104.99968,39.760577],[-104.999786,39.760604],[-104.99981,39.76057],[-105.000073,39.760619],[-105.000479,39.760371],[-105.000941,39.760239],[-105.001354,39.760033],[-105.001745,39.760214],[-105.002228,39.760874],[-105.002421,39.761538],[-105.002137,39.762177]]],[[[-105.000908,39.752589],[-105.001161,39.752791],[-105.001745,39.753253],[-105.00035,39.754325],[-104.999229,39.753467],[-105.00042,39.752576],[-105.001525,39.75176],[-105.001745,39.751929],[-105.000908,39.752589]]],[[[-105.00158,39.6836],[-105.00121,39.6849],[-105.00083,39.68617],[-105.00045,39.68779],[-105.00017,39.68902],[-104.99934,39.68887],[-105.00064,39.68498],[-105.00112,39.68337],[-105.00115,39.68261],[-105.00083,39.68193],[-105.00012,39.68133],[-104.99905,39.6808],[-104.99834,39.68024],[-104.99802,39.67997],[-104.99769,39.67897],[-104.99767,39.6787],[-104.99832,39.67868],[-104.99863,39.67967],[-104.99889,39.68011],[-104.99947,39.68057],[-105.00001,39.68077],[-105.00035,39.68093],[-105.00099,39.68131],[-105.00129,39.68161],[-105.00164,39.68212],[-105.0017,39.68275],[-105.00158,39.6836]]],[[[-105.000517,39.751993],[-104.999913,39.751521],[-105.000405,39.75115],[-105.001013,39.751616],[-105.000517,39.751993]]],[[[-104.99972,39.71103],[-104.9997,39.711],[-104.99939,39.71035],[-104.99861,39.70845],[-104.99774,39.70651],[-104.99718,39.70527],[-104.9959,39.70382],[-104.99474,39.7026],[-104.99292,39.70044],[-104.99223,39.69921],[-104.99193,39.69792],[-104.99206,39.6968],[-104.99278,39.69685],[-104.99258,39.69849],[-104.99293,39.69956],[-104.99341,39.70026],[-104.99424,39.70123],[-104.99498,39.7021],[-104.99549,39.70293],[-104.99641,39.70348],[-104.997,39.70405],[-104.99758,39.70464],[-104.99816,39.70491],[-104.99883,39.70509],[-104.99901,39.7055],[-104.99906,39.7066],[-104.9991,39.70791],[-104.9996,39.70926],[-105.00051,39.71103],[-104.99972,39.71103]]],[[[-104.99964,39.751309],[-104.999079,39.750885],[-104.999568,39.750505],[-105.000136,39.75094],[-104.99964,39.751309]]],[[[-104.9998,39.68978],[-104.99922,39.69033],[-104.99789,39.69107],[-104.99712,39.69142],[-104.99575,39.69193],[-104.99459,39.69268],[-104.9939,39.69363],[-104.99356,39.69438],[-104.99323,39.69543],[-104.99287,39.6965],[-104.99217,39.69647],[-104.99308,39.69403],[-104.99356,39.69315],[-104.99414,39.6924],[-104.99447,39.69214],[-104.99405,39.69154],[-104.99346,39.69085],[-104.99343,39.68978],[-104.99385,39.68976],[-104.99482,39.68975],[-104.99507,39.6896],[-104.99562,39.68958],[-104.99639,39.68956],[-104.9975,39.68928],[-104.99829,39.68916],[-104.99846,39.68942],[-104.99903,39.68947],[-104.99941,39.68923],[-105.00004,39.68936],[-104.9998,39.68978]]],[[[-104.998792,39.75065],[-104.998221,39.750225],[-104.998693,39.749843],[-104.999267,39.75028],[-104.998792,39.75065]]],[[[-104.998626,39.744484],[-104.998473,39.744367],[-104.99906,39.743931],[-104.999211,39.744051],[-104.998626,39.744484]]],[[[-104.998087,39.745821],[-104.997247,39.745187],[-104.998258,39.744377],[-104.999084,39.745004],[-104.998087,39.745821]]],[[[-104.99793,39.749996],[-104.997398,39.749581],[-104.997872,39.749216],[-104.998409,39.749625],[-104.99793,39.749996]]],[[[-104.997036,39.749303],[-104.9965,39.748892],[-104.996973,39.748528],[-104.997528,39.74895],[-104.997036,39.749303]]],[[[-104.9965,39.70063],[-104.99626,39.70142],[-104.99583,39.7018],[-104.99547,39.70219],[-104.99444,39.70098],[-104.99385,39.70036],[-104.99325,39.69951],[-104.99301,39.69902],[-104.99294,39.69861],[-104.99665,39.69866],[-104.99668,39.70054],[-104.9965,39.70063]]],[[[-104.996163,39.748628],[-104.995624,39.748215],[-104.996077,39.747841],[-104.996643,39.748275],[-104.996163,39.748628]]],[[[-104.995256,39.747935],[-104.994741,39.747534],[-104.995201,39.747169],[-104.995739,39.74758],[-104.995256,39.747935]]],[[[-104.994439,39.747299],[-104.993866,39.746852],[-104.994326,39.746501],[-104.994904,39.746942],[-104.994439,39.747299]]],[[[-104.994508,39.764244],[-104.99451,39.76427],[-104.99419,39.764509],[-104.993768,39.764861],[-104.993676,39.764894],[-104.99312,39.76531],[-104.992819,39.765436],[-104.992588,39.765616],[-104.992058,39.765754],[-104.99166,39.76592],[-104.991115,39.766005],[-104.991043,39.766024],[-104.988894,39.766433],[-104.98857,39.76652],[-104.98737,39.7668],[-104.98527,39.76749],[-104.985248,39.767462],[-104.985137,39.767496],[-104.984729,39.767129],[-104.98768,39.766251],[-104.989255,39.76585],[-104.98995,39.76566],[-104.99147,39.76523],[-104.992455,39.764874],[-104.992536,39.764838],[-104.99445,39.76336],[-104.994452,39.76339],[-104.994557,39.76334],[-104.994589,39.764177],[-104.994508,39.764244]]],[[[-104.993576,39.746633],[-104.99298,39.746169],[-104.993439,39.745822],[-104.994038,39.746279],[-104.993576,39.746633]]],[[[-104.992684,39.745943],[-104.992115,39.745504],[-104.992562,39.745146],[-104.993145,39.745599],[-104.992684,39.745943]]],[[[-104.991797,39.74526],[-104.991244,39.74483],[-104.991704,39.744494],[-104.992255,39.744915],[-104.991797,39.74526]]],[[[-104.990911,39.744569],[-104.990373,39.744157],[-104.990813,39.743811],[-104.99136,39.744227],[-104.990911,39.744569]]],[[[-104.990076,39.743922],[-104.989494,39.743476],[-104.989948,39.743146],[-104.990539,39.743599],[-104.990076,39.743922]]],[[[-104.99,39.72892],[-104.989853,39.728763],[-104.98971,39.728625],[-104.989719,39.728619],[-104.989512,39.72847],[-104.989506,39.728474],[-104.989277,39.728293],[-104.98842,39.72764],[-104.987992,39.727421],[-104.987653,39.727255],[-104.987653,39.727248],[-104.98756,39.7272],[-104.98729,39.72702],[-104.98723,39.726987],[-104.987232,39.727067],[-104.986355,39.72651],[-104.986356,39.7265],[-104.98632,39.72648],[-104.98602,39.72624],[-104.98601,39.726234],[-104.986003,39.726298],[-104.985768,39.726083],[-104.98573,39.72606],[-104.985707,39.726028],[-104.985435,39.72578],[-104.985526,39.725778],[-104.98552,39.72577],[-104.98529,39.72552],[-104.985223,39.725522],[-104.983793,39.724037],[-104.983799,39.724019],[-104.983555,39.723813],[-104.983546,39.723841],[-104.982629,39.723148],[-104.98264,39.72312],[-104.982332,39.722912],[-104.982321,39.722948],[-104.980642,39.721875],[-104.979459,39.72113],[-104.978973,39.720846],[-104.979009,39.720819],[-104.978748,39.720661],[-104.978727,39.720683],[-104.977715,39.720045],[-104.977716,39.720008],[-104.977399,39.719837],[-104.977401,39.719863],[-104.976417,39.719405],[-104.975307,39.719051],[-104.974204,39.718795],[-104.974198,39.718767],[-104.973943,39.718705],[-104.973952,39.718725],[-104.973459,39.718624],[-104.973458,39.718607],[-104.97342,39.7186],[-104.97311,39.71855],[-104.972954,39.718513],[-104.971595,39.71826],[-104.973072,39.718244],[-104.973083,39.718311],[-104.97313,39.71831],[-104.973447,39.718374],[-104.973443,39.7183],[-104.973802,39.718382],[-104.973834,39.718454],[-104.974153,39.718553],[-104.974137,39.718479],[-104.976093,39.718954],[-104.976887,39.719238],[-104.977377,39.719476],[-104.977384,39.719588],[-104.97772,39.719768],[-104.977721,39.719696],[-104.978933,39.720472],[-104.978907,39.720498],[-104.979201,39.720672],[-104.979209,39.720666],[-104.980626,39.72151],[-104.981827,39.722271],[-104.982417,39.722616],[-104.982401,39.722672],[-104.982724,39.722905],[-104.982758,39.722818],[-104.98367,39.723451],[-104.983633,39.723567],[-104.98388,39.723796],[-104.983919,39.723686],[-104.985735,39.72551],[-104.985651,39.725512],[-104.986,39.72576],[-104.98637,39.72617],[-104.986377,39.726175],[-104.986382,39.726102],[-104.987224,39.726671],[-104.987225,39.726718],[-104.98729,39.72676],[-104.98765,39.726968],[-104.98765,39.726915],[-104.988511,39.727346],[-104.989077,39.72767],[-104.98978,39.728293],[-104.989771,39.728299],[-104.98999,39.72849],[-104.99034,39.72885],[-104.99,39.72892]]],[[[-104.989191,39.743241],[-104.988613,39.742795],[-104.989056,39.742461],[-104.989638,39.74291],[-104.989191,39.743241]]],[[[-104.988332,39.742579],[-104.987743,39.742122],[-104.988178,39.741791],[-104.988784,39.742258],[-104.988332,39.742579]]],[[[-104.984715,39.7678],[-104.98473,39.76781],[-104.983873,39.768859],[-104.983892,39.768902],[-104.982734,39.770407],[-104.982621,39.770459],[-104.982596,39.77049],[-104.982433,39.770733],[-104.982267,39.770968],[-104.982182,39.771021],[-104.982037,39.771207],[-104.981752,39.771628],[-104.981613,39.77178],[-104.981017,39.772522],[-104.981008,39.772524],[-104.980132,39.773628],[-104.980019,39.773825],[-104.979719,39.774184],[-104.979666,39.774215],[-104.979462,39.774472],[-104.979429,39.774539],[-104.979356,39.774606],[-104.97918,39.774828],[-104.978946,39.775536],[-104.978276,39.774901],[-104.978424,39.774724],[-104.97838,39.77467],[-104.98003,39.77269],[-104.98059,39.772003],[-104.98069,39.771863],[-104.981473,39.770886],[-104.982106,39.770077],[-104.9828,39.769222],[-104.98328,39.76858],[-104.983833,39.767879],[-104.984112,39.767447],[-104.984365,39.767278],[-104.984863,39.767649],[-104.984715,39.7678]]],[[[-104.97934,39.76692],[-104.979302,39.766888],[-104.979258,39.766923],[-104.978614,39.766416],[-104.981081,39.764507],[-104.981179,39.764581],[-104.98127,39.76451],[-104.98184,39.76492],[-104.97934,39.76692]]],[[[-104.978203,39.776584],[-104.978195,39.776885],[-104.978251,39.777413],[-104.978292,39.777655],[-104.978501,39.778274],[-104.978372,39.779086],[-104.977643,39.779107],[-104.977654,39.778958],[-104.97564,39.77901],[-104.97593,39.77781],[-104.97588,39.77734],[-104.97572,39.77703],[-104.978,39.77521],[-104.978394,39.775753],[-104.978523,39.77592],[-104.97852,39.775926],[-104.97853,39.77594],[-104.978203,39.776584]]],[[[-104.97583,39.78406],[-104.97589,39.78557],[-104.97547,39.78663],[-104.97346,39.78814],[-104.97267,39.78871],[-104.97263,39.78893],[-104.97199,39.78933],[-104.97105,39.78998],[-104.97051,39.7903],[-104.96903,39.79142],[-104.96903,39.79048],[-104.96986,39.79001],[-104.97117,39.78909],[-104.97261,39.78801],[-104.97394,39.78717],[-104.97472,39.78649],[-104.97515,39.78532],[-104.97513,39.78464],[-104.97516,39.78373],[-104.97568,39.78258],[-104.97612,39.78175],[-104.97697,39.78039],[-104.97754,39.78059],[-104.97583,39.78406]]],[[[-104.97137,39.79536],[-104.97132,39.7935],[-104.97197,39.79303],[-104.97227,39.79244],[-104.97262,39.79245],[-104.9729,39.79271],[-104.97305,39.7937],[-104.97308,39.7942],[-104.97456,39.79433],[-104.97472,39.7955],[-104.97137,39.79536]]],[[[-104.97331,39.69473],[-104.9733,39.69559],[-104.97329,39.69734],[-104.97329,39.69832],[-104.97323,39.6997],[-104.97326,39.70155],[-104.97324,39.70342],[-104.97323,39.70389],[-104.97319,39.70407],[-104.97236,39.70363],[-104.972354,39.703637],[-104.972413,39.704025],[-104.973046,39.704529],[-104.97305,39.704568],[-104.9731,39.70461],[-104.97329,39.70478],[-104.97329,39.70523],[-104.97314,39.70525],[-104.973042,39.7053],[-104.972881,39.706289],[-104.97318,39.70647],[-104.97322,39.7074],[-104.96931,39.70733],[-104.96929,39.70708],[-104.96888,39.70698],[-104.96886,39.70438],[-104.96892,39.70424],[-104.969042,39.704154],[-104.969044,39.704124],[-104.96969,39.703389],[-104.96946,39.70344],[-104.96897,39.70378],[-104.96894,39.70163],[-104.969358,39.70163],[-104.969344,39.701582],[-104.969441,39.70105],[-104.96895,39.70106],[-104.96892,39.6972],[-104.969127,39.697293],[-104.969119,39.697001],[-104.970146,39.697749],[-104.97122,39.69823],[-104.971648,39.697802],[-104.971265,39.697537],[-104.97061,39.69717],[-104.96886,39.69648],[-104.9689,39.69475],[-104.9677,39.69466],[-104.96764,39.69314],[-104.97328,39.69316],[-104.97334,39.69383],[-104.97331,39.69473]]],[[[-104.95978,39.71811],[-104.95941,39.71785],[-104.95941,39.71576],[-104.95947,39.71575],[-104.95949,39.71782],[-104.95983,39.71804],[-104.97158,39.71811],[-104.95978,39.71811]]],[[[-104.96777,39.73152],[-104.96755,39.73215],[-104.96708,39.73303],[-104.96666,39.73335],[-104.96682,39.73365],[-104.96725,39.73411],[-104.96753,39.73461],[-104.96777,39.73518],[-104.96753,39.73563],[-104.96694,39.73586],[-104.96618,39.73588],[-104.96536,39.73557],[-104.96465,39.73448],[-104.96483,39.73352],[-104.9646,39.73335],[-104.96444,39.7328],[-104.96445,39.73194],[-104.96475,39.73149],[-104.96605,39.73165],[-104.96525,39.73099],[-104.96479,39.73053],[-104.96508,39.73009],[-104.96566,39.72979],[-104.96665,39.72984],[-104.96721,39.73009],[-104.96782,39.73102],[-104.96777,39.73152]]],[[[-104.9666,39.72908],[-104.96593,39.72908],[-104.96593,39.72885],[-104.9666,39.72886],[-104.9666,39.72908]]],[[[-104.96637,39.68544],[-104.96487,39.68453],[-104.96365,39.6839],[-104.96241,39.68336],[-104.96113,39.683],[-104.95936,39.68262],[-104.95953,39.67662],[-104.96012,39.67661],[-104.96037,39.67658],[-104.96052,39.67655],[-104.96076,39.67648],[-104.96093,39.67642],[-104.96111,39.67637],[-104.96137,39.67628],[-104.96161,39.6762],[-104.96175,39.67615],[-104.96179,39.67609],[-104.96183,39.67602],[-104.96185,39.6759],[-104.96185,39.67582],[-104.96187,39.67569],[-104.96186,39.67558],[-104.96187,39.67545],[-104.96187,39.67519],[-104.96186,39.67498],[-104.96186,39.6749],[-104.95955,39.67488],[-104.95942,39.67307],[-104.96119,39.67307],[-104.96116,39.67125],[-104.96179,39.67127],[-104.96178,39.6731],[-104.96235,39.67309],[-104.96233,39.67165],[-104.96294,39.67166],[-104.96295,39.672],[-104.96409,39.672],[-104.96414,39.6731],[-104.9635,39.67312],[-104.96351,39.67451],[-104.96412,39.67453],[-104.96409,39.67484],[-104.9652,39.67485],[-104.96526,39.68394],[-104.96638,39.68398],[-104.96637,39.68544]]],[[[-104.96412,39.73518],[-104.96353,39.73517],[-104.96353,39.73508],[-104.96412,39.73508],[-104.96412,39.73518]]],[[[-104.95963,39.7468],[-104.95962,39.74806],[-104.95958,39.74915],[-104.95958,39.75056],[-104.95851,39.75063],[-104.95782,39.75076],[-104.95642,39.75094],[-104.95487,39.75109],[-104.95337,39.75111],[-104.95209,39.75113],[-104.95113,39.75112],[-104.94979,39.75111],[-104.94969,39.75021],[-104.94892,39.75015],[-104.94887,39.75105],[-104.94602,39.75096],[-104.94601,39.75073],[-104.94492,39.74925],[-104.94434,39.74923],[-104.94369,39.74705],[-104.94107,39.74734],[-104.9411,39.744],[-104.94197,39.74397],[-104.94256,39.74452],[-104.9428,39.74476],[-104.94341,39.74488],[-104.94373,39.74464],[-104.94378,39.74436],[-104.94342,39.74421],[-104.94265,39.74398],[-104.94319,39.744],[-104.94514,39.74399],[-104.94682,39.74401],[-104.95026,39.74404],[-104.95646,39.74409],[-104.95645,39.74449],[-104.95629,39.74477],[-104.95631,39.74504],[-104.95644,39.74518],[-104.95684,39.74526],[-104.95723,39.74517],[-104.95748,39.74493],[-104.95723,39.74449],[-104.9572,39.74409],[-104.95836,39.74404],[-104.95887,39.7443],[-104.95912,39.74496],[-104.95965,39.74515],[-104.95963,39.7468]]],[[[-104.95896,39.71596],[-104.95762,39.71611],[-104.9567,39.7161],[-104.95576,39.71604],[-104.955,39.71593],[-104.95424,39.71575],[-104.95367,39.71558],[-104.9532,39.71534],[-104.95267,39.71513],[-104.95198,39.71495],[-104.95129,39.71462],[-104.95019,39.71455],[-104.94987,39.71371],[-104.94928,39.71315],[-104.94878,39.71277],[-104.94848,39.71249],[-104.94793,39.71206],[-104.94761,39.71175],[-104.94673,39.71104],[-104.94578,39.71025],[-104.9454,39.70986],[-104.94509,39.70963],[-104.94458,39.70921],[-104.94392,39.70868],[-104.94339,39.70824],[-104.94292,39.70788],[-104.94251,39.70748],[-104.94205,39.70726],[-104.94141,39.70715],[-104.94105,39.70717],[-104.94099,39.70675],[-104.940992,39.706717],[-104.94081,39.70665],[-104.93841,39.70655],[-104.93803,39.70644],[-104.93643,39.70607],[-104.93431,39.70516],[-104.93315,39.70474],[-104.93069,39.70379],[-104.92989,39.70352],[-104.92887,39.70302],[-104.92773,39.70221],[-104.92695,39.70139],[-104.92615,39.70026],[-104.92525,39.69917],[-104.92424,39.69814],[-104.92323,39.69746],[-104.92207,39.69683],[-104.92241,39.69619],[-104.92299,39.69658],[-104.92374,39.69706],[-104.92459,39.69755],[-104.92527,39.69812],[-104.92591,39.69881],[-104.92653,39.69959],[-104.92696,39.70019],[-104.9273,39.70064],[-104.92771,39.70119],[-104.92863,39.70217],[-104.92995,39.70299],[-104.93163,39.70359],[-104.93375,39.70432],[-104.93415,39.7045],[-104.93428,39.70483],[-104.93638,39.70561],[-104.93895,39.70606],[-104.94102,39.70626],[-104.94179,39.70647],[-104.94237,39.70675],[-104.9428,39.70701],[-104.94309,39.70722],[-104.94335,39.70743],[-104.9437,39.70774],[-104.94417,39.70814],[-104.94456,39.70844],[-104.94491,39.70872],[-104.94512,39.70894],[-104.94544,39.70923],[-104.94582,39.70955],[-104.94623,39.70988],[-104.9466,39.71019],[-104.94688,39.71042],[-104.94719,39.71073],[-104.94757,39.71106],[-104.94783,39.71128],[-104.94823,39.71157],[-104.94868,39.71188],[-104.94899,39.71212],[-104.94933,39.71243],[-104.94965,39.71271],[-104.95007,39.71305],[-104.95035,39.71332],[-104.95069,39.71357],[-104.95113,39.71397],[-104.95156,39.71416],[-104.95229,39.71457],[-104.95283,39.7148],[-104.9532,39.71495],[-104.9537,39.71513],[-104.95482,39.7154],[-104.95514,39.71549],[-104.95549,39.71555],[-104.95578,39.71557],[-104.95624,39.71561],[-104.9568,39.71564],[-104.95733,39.71565],[-104.9583,39.71563],[-104.95896,39.71557],[-104.95896,39.71596]]],[[[-104.95832,39.71756],[-104.95749,39.71755],[-104.95749,39.7177],[-104.95591,39.7177],[-104.9557,39.71772],[-104.95513,39.71773],[-104.95501,39.71775],[-104.95418,39.71776],[-104.95417,39.71765],[-104.95397,39.71766],[-104.95397,39.7178],[-104.95381,39.71792],[-104.95323,39.71794],[-104.95303,39.7178],[-104.95301,39.71761],[-104.95301,39.71758],[-104.95253,39.71758],[-104.95251,39.71765],[-104.9518,39.71766],[-104.95179,39.71756],[-104.95091,39.71755],[-104.9509,39.71644],[-104.95085,39.71644],[-104.95076,39.71635],[-104.95075,39.71594],[-104.95074,39.71587],[-104.95057,39.71574],[-104.95057,39.71509],[-104.95183,39.71507],[-104.95204,39.71524],[-104.95217,39.71524],[-104.95226,39.71531],[-104.95226,39.71536],[-104.9525,39.71536],[-104.95303,39.71577],[-104.95315,39.71577],[-104.95316,39.71591],[-104.95442,39.7159],[-104.95482,39.71616],[-104.95514,39.71616],[-104.95514,39.71623],[-104.95569,39.71622],[-104.95568,39.7164],[-104.95576,39.71645],[-104.95575,39.71669],[-104.95633,39.71669],[-104.95633,39.7168],[-104.95713,39.7168],[-104.95714,39.71669],[-104.95744,39.71668],[-104.95745,39.71684],[-104.9583,39.71685],[-104.95831,39.7172],[-104.95833,39.71718],[-104.95832,39.71756]]],[[[-104.94461,39.65534],[-104.94432,39.65602],[-104.94357,39.65716],[-104.94328,39.65774],[-104.94311,39.65789],[-104.94289,39.65787],[-104.94217,39.65722],[-104.94189,39.65613],[-104.94183,39.65548],[-104.94116,39.6549],[-104.94112,39.65432],[-104.94155,39.65406],[-104.9427,39.65413],[-104.94369,39.65447],[-104.94438,39.65471],[-104.94463,39.65505],[-104.94461,39.65534]]],[[[-104.93517,39.77298],[-104.93521,39.77588],[-104.93229,39.77565],[-104.93186,39.76925],[-104.93383,39.76945],[-104.93387,39.76592],[-104.93992,39.76582],[-104.94013,39.77271],[-104.93517,39.77298]]],[[[-104.93817,39.7755],[-104.938105,39.775541],[-104.938094,39.775573],[-104.938019,39.775668],[-104.937919,39.775767],[-104.937859,39.775911],[-104.93785,39.77607],[-104.9377,39.7761],[-104.93748,39.77613],[-104.93725,39.77614],[-104.93642,39.77616],[-104.93635,39.77616],[-104.93631,39.77617],[-104.93628,39.77617],[-104.9362,39.77618],[-104.93541,39.77618],[-104.93539,39.77427],[-104.93639,39.77427],[-104.93772,39.77428],[-104.93817,39.77428],[-104.93817,39.7755]]],[[[-104.92177,39.69642],[-104.92078,39.69574],[-104.91909,39.69479],[-104.91447,39.69213],[-104.91313,39.69145],[-104.91317,39.69055],[-104.91415,39.69115],[-104.91504,39.69167],[-104.9163,39.69241],[-104.9167,39.69266],[-104.91739,39.69305],[-104.9188,39.69382],[-104.91987,39.69446],[-104.92111,39.69514],[-104.92211,39.69566],[-104.92177,39.69642]]],[[[-104.92139,39.69714],[-104.92057,39.69725],[-104.92055,39.69769],[-104.92006,39.69809],[-104.91943,39.69821],[-104.91941,39.69869],[-104.91775,39.69867],[-104.91778,39.69724],[-104.91778,39.6963],[-104.91763,39.6958],[-104.91714,39.6953],[-104.9169,39.69479],[-104.917,39.69455],[-104.91769,39.69432],[-104.91823,39.69467],[-104.92021,39.69575],[-104.92162,39.69663],[-104.92139,39.69714]]],[[[-104.91266,39.69111],[-104.91154,39.69044],[-104.91041,39.68978],[-104.90961,39.6893],[-104.90782,39.68829],[-104.90703,39.6879],[-104.90591,39.68727],[-104.90511,39.68681],[-104.90435,39.68628],[-104.90373,39.68596],[-104.90373,39.68531],[-104.90514,39.68621],[-104.90697,39.68727],[-104.90807,39.68787],[-104.91268,39.69051],[-104.91266,39.69111]]],[[[-104.90342,39.78389],[-104.90338,39.78518],[-104.90305,39.7852],[-104.90264,39.78324],[-104.9035,39.78305],[-104.903547,39.783808],[-104.90344,39.783808],[-104.903441,39.783885],[-104.90342,39.78389]]],[[[-104.90333,39.68589],[-104.90145,39.6849],[-104.89973,39.68388],[-104.89872,39.68309],[-104.89684,39.6821],[-104.89413,39.682],[-104.8941,39.67877],[-104.89624,39.67875],[-104.89701,39.67957],[-104.89766,39.68047],[-104.89829,39.68131],[-104.89886,39.68202],[-104.89983,39.68298],[-104.90044,39.68334],[-104.9015,39.68395],[-104.90333,39.68509],[-104.90333,39.68589]]],[[[-104.90316,39.78286],[-104.90268,39.78293],[-104.90209,39.78202],[-104.90259,39.78145],[-104.90324,39.7823],[-104.90316,39.78286]]],[[[-104.90173,39.78165],[-104.89994,39.77947],[-104.89912,39.77811],[-104.89602,39.77681],[-104.89196,39.77656],[-104.89126,39.77491],[-104.88802,39.77378],[-104.88583,39.77155],[-104.88717,39.77092],[-104.89226,39.77461],[-104.89318,39.77506],[-104.89419,39.77522],[-104.8961,39.7757],[-104.89783,39.77607],[-104.90019,39.77715],[-104.9002,39.77796],[-104.90228,39.77955],[-104.90285,39.78028],[-104.90173,39.78165]]],[[[-104.88269,39.7215],[-104.8814,39.72034],[-104.87719,39.71879],[-104.8711,39.71757],[-104.87101,39.71041],[-104.87698,39.70925],[-104.88204,39.71093],[-104.88813,39.71103],[-104.88886,39.71502],[-104.89312,39.71556],[-104.88269,39.7215]]],[[[-104.88815,39.73258],[-104.88876,39.73197],[-104.88901,39.73065],[-104.88935,39.72963],[-104.88966,39.72906],[-104.88967,39.72756],[-104.88967,39.72579],[-104.88994,39.72535],[-104.89032,39.72543],[-104.89124,39.72549],[-104.8917,39.72602],[-104.89174,39.72702],[-104.89202,39.72895],[-104.89237,39.73108],[-104.89299,39.73263],[-104.88815,39.73258]]],[[[-104.8898,39.70471],[-104.88881,39.70429],[-104.88787,39.70384],[-104.88622,39.70325],[-104.88428,39.70276],[-104.88211,39.70219],[-104.88104,39.70182],[-104.88056,39.70122],[-104.88009,39.70059],[-104.88012,39.69969],[-104.88013,39.69898],[-104.88041,39.69855],[-104.88163,39.69845],[-104.88201,39.69858],[-104.88211,39.69873],[-104.88216,39.69914],[-104.88244,39.69933],[-104.8826,39.69958],[-104.88301,39.69975],[-104.88341,39.69965],[-104.88369,39.69924],[-104.88415,39.69929],[-104.8851,39.6994],[-104.88636,39.69968],[-104.88714,39.70026],[-104.88841,39.70119],[-104.8894,39.70212],[-104.89047,39.70314],[-104.8898,39.70471]]],[[[-104.88762,39.76286],[-104.88379,39.76278],[-104.88083,39.76245],[-104.88022,39.76236],[-104.87973,39.76253],[-104.87886,39.76234],[-104.87673,39.76256],[-104.87571,39.76133],[-104.87589,39.7604],[-104.87777,39.7603],[-104.87866,39.76091],[-104.88091,39.76051],[-104.88392,39.76059],[-104.88556,39.7608],[-104.88736,39.76045],[-104.88996,39.76064],[-104.89008,39.76286],[-104.88762,39.76286]]],[[[-104.88957,39.7255],[-104.88731,39.72561],[-104.8868,39.7253],[-104.88621,39.72501],[-104.88578,39.7246],[-104.88566,39.72419],[-104.88573,39.72382],[-104.88638,39.72309],[-104.88703,39.72286],[-104.88822,39.72254],[-104.88927,39.72256],[-104.88962,39.72302],[-104.8895,39.72421],[-104.88966,39.72494],[-104.88957,39.7255]]],[[[-104.88812,39.76972],[-104.88768,39.77001],[-104.88706,39.76988],[-104.88706,39.76983],[-104.8875,39.76898],[-104.88759,39.76863],[-104.8894,39.76874],[-104.88948,39.7689],[-104.88812,39.76972]]],[[[-104.88537,39.76993],[-104.88462,39.76948],[-104.88241,39.76869],[-104.87739,39.76859],[-104.87296,39.76764],[-104.86898,39.76562],[-104.86615,39.76449],[-104.86621,39.76248],[-104.87053,39.76419],[-104.87477,39.76642],[-104.87953,39.76792],[-104.88311,39.76808],[-104.88605,39.76881],[-104.88661,39.77001],[-104.88537,39.76993]]],[[[-104.87273,39.6638],[-104.87124,39.66365],[-104.86998,39.66315],[-104.86904,39.6624],[-104.86808,39.66176],[-104.8678,39.66088],[-104.86737,39.66049],[-104.86654,39.66059],[-104.8666,39.65939],[-104.86666,39.65902],[-104.86705,39.65911],[-104.86746,39.65959],[-104.86808,39.65983],[-104.86825,39.66008],[-104.86871,39.66077],[-104.86997,39.66126],[-104.87073,39.66211],[-104.87151,39.66218],[-104.87298,39.66222],[-104.87472,39.6622],[-104.87638,39.66221],[-104.8772,39.66222],[-104.87788,39.66228],[-104.87903,39.66256],[-104.87973,39.66249],[-104.87985,39.66275],[-104.8799,39.66337],[-104.87995,39.66374],[-104.8798,39.66407],[-104.87947,39.66391],[-104.879459,39.66391],[-104.879433,39.66389],[-104.879025,39.663903],[-104.87273,39.6638]]],[[[-104.87927,39.7572],[-104.87845,39.75756],[-104.87881,39.75874],[-104.87806,39.75966],[-104.87699,39.75979],[-104.8758,39.75973],[-104.87551,39.75956],[-104.87564,39.75899],[-104.87675,39.75787],[-104.87775,39.75671],[-104.87863,39.75488],[-104.87977,39.75483],[-104.87992,39.75641],[-104.87927,39.7572]]],[[[-104.86525,39.76407],[-104.86102,39.76412],[-104.85701,39.76354],[-104.85673,39.75989],[-104.8575,39.75987],[-104.85733,39.75947],[-104.85778,39.75832],[-104.859,39.75792],[-104.86046,39.75802],[-104.86136,39.75828],[-104.86254,39.75901],[-104.86383,39.76002],[-104.86507,39.76108],[-104.86537,39.76245],[-104.86551,39.76361],[-104.86525,39.76407]]],[[[-104.80575,39.77369],[-104.80609,39.77467],[-104.80634,39.77516],[-104.80736,39.77564],[-104.80716,39.77636],[-104.80714,39.77695],[-104.80748,39.7775],[-104.80817,39.77846],[-104.80828,39.77865],[-104.80752,39.77867],[-104.80644,39.77733],[-104.80584,39.77703],[-104.80512,39.77677],[-104.80427,39.77659],[-104.80277,39.77652],[-104.80182,39.77645],[-104.80191,39.77604],[-104.80338,39.77599],[-104.80365,39.77573],[-104.80406,39.77594],[-104.80535,39.77583],[-104.80537,39.77554],[-104.80586,39.77537],[-104.80555,39.77455],[-104.80541,39.77439],[-104.80499,39.77435],[-104.80511,39.77398],[-104.80462,39.77367],[-104.80348,39.77373],[-104.80303,39.77345],[-104.80248,39.77357],[-104.80221,39.7733],[-104.8034,39.773287],[-104.805076,39.77328],[-104.80575,39.77369]]],[[[-104.80563,39.79214],[-104.80513,39.79198],[-104.80484,39.79209],[-104.80509,39.79232],[-104.80477,39.79267],[-104.8041,39.79295],[-104.80385,39.79306],[-104.8035,39.79279],[-104.80293,39.79291],[-104.8024,39.79237],[-104.80118,39.79206],[-104.80019,39.79119],[-104.79979,39.79049],[-104.79983,39.79027],[-104.80165,39.78951],[-104.80283,39.78916],[-104.80328,39.78907],[-104.80427,39.78964],[-104.80492,39.7896],[-104.80638,39.79024],[-104.80563,39.79214]]],[[[-104.80149,39.77677],[-104.80107,39.77679],[-104.79914,39.77668],[-104.79861,39.77683],[-104.79771,39.77763],[-104.79724,39.77867],[-104.79679,39.77866],[-104.79697,39.7773],[-104.79709,39.77669],[-104.797,39.77639],[-104.79714,39.7762],[-104.79731,39.7763],[-104.79825,39.77635],[-104.80152,39.77635],[-104.80149,39.77677]]]]}},{"type":"Feature","properties":{"zone_kind":"slow_no_parking","zone_label":"Slow zone, no parking","zone_venue":"16th Street Mall","zone_note":"Speed is limited here and you may not end a ride.","source_file":"denver-new_slow-npz_16thstreetmall_export.geojson"},"geometry":{"type":"MultiPolygon","coordinates":[[[[-105.00101,39.7517],[-105.00071,39.75189],[-105.00056,39.75201],[-105.000527,39.751986],[-105.000517,39.751993],[-105.000229,39.751768],[-104.99989,39.75152],[-104.99996,39.75146],[-104.99977,39.75131],[-104.99969,39.75136],[-104.99901,39.75085],[-104.99909,39.75079],[-104.99891,39.75065],[-104.99883,39.75071],[-104.99813,39.75018],[-104.99822,39.75012],[-104.99805,39.74999],[-104.99796,39.75005],[-104.99728,39.74955],[-104.99739,39.74947],[-104.99715,39.74929],[-104.99704,39.74936],[-104.9964,39.74887],[-104.99651,39.74879],[-104.99629,39.74862],[-104.99617,39.74871],[-104.99548,39.74819],[-104.9956,39.7481],[-104.99537,39.74793],[-104.99525,39.74801],[-104.99464,39.74756],[-104.99478,39.74746],[-104.99454,39.74728],[-104.99441,39.74738],[-104.99374,39.74686],[-104.99387,39.74677],[-104.99368,39.74662],[-104.99354,39.74672],[-104.99284,39.7462],[-104.99299,39.74608],[-104.99279,39.74594],[-104.99267,39.74607],[-104.99201,39.74557],[-104.992205,39.745432],[-104.992248,39.745398],[-104.99221,39.74536],[-104.99198,39.74518],[-104.99175,39.74537],[-104.99108,39.74487],[-104.99124,39.74474],[-104.99105,39.74459],[-104.99088,39.74472],[-104.9902,39.74421],[-104.99038,39.74408],[-104.99018,39.74393],[-104.99001,39.74406],[-104.98932,39.74354],[-104.98951,39.74341],[-104.9893,39.74325],[-104.98912,39.74339],[-104.98846,39.74289],[-104.98865,39.74275],[-104.988381,39.742544],[-104.988332,39.742579],[-104.988261,39.742524],[-104.98811,39.74263],[-104.98766,39.74229],[-104.98781,39.742174],[-104.987743,39.742122],[-104.987773,39.742099],[-104.98776,39.74209],[-104.98756,39.74198],[-104.98753,39.74164],[-104.98763,39.74132],[-104.988,39.7416],[-104.98791,39.74168],[-104.98807,39.7418],[-104.98817,39.74173],[-104.98892,39.7423],[-104.98882,39.74237],[-104.98892,39.74244],[-104.98901,39.74238],[-104.98975,39.74293],[-104.98965,39.743],[-104.98983,39.74314],[-104.98993,39.74307],[-104.99064,39.74361],[-104.99054,39.74369],[-104.99069,39.74381],[-104.99079,39.74373],[-104.9915,39.74426],[-104.99139,39.74434],[-104.99157,39.74448],[-104.99168,39.74439],[-104.99237,39.7449],[-104.99218,39.74505],[-104.99238,39.74521],[-104.99245,39.74515],[-104.99256,39.74507],[-104.99326,39.7456],[-104.99316,39.74569],[-104.99331,39.74581],[-104.99342,39.74573],[-104.99416,39.74629],[-104.99404,39.74637],[-104.9942,39.74649],[-104.99431,39.74641],[-104.995,39.74693],[-104.9949,39.74702],[-104.99507,39.74716],[-104.99518,39.74707],[-104.99573,39.74749],[-104.995679,39.747534],[-104.995739,39.74758],[-104.99562,39.747667],[-104.99565,39.74769],[-104.995649,39.747691],[-104.99593,39.74791],[-104.99611,39.74777],[-104.99679,39.74829],[-104.99667,39.74838],[-104.99683,39.7485],[-104.99695,39.74841],[-104.99764,39.74894],[-104.99752,39.74903],[-104.99769,39.74916],[-104.9978,39.74907],[-104.99851,39.7496],[-104.99839,39.74969],[-104.99857,39.74983],[-104.99869,39.74974],[-104.99934,39.75023],[-104.99922,39.75032],[-104.99944,39.7505],[-104.99957,39.75041],[-105.00027,39.75095],[-105.00015,39.75104],[-105.00031,39.75117],[-105.00043,39.75107],[-105.00076,39.75131],[-105.00086,39.7514],[-105.00115,39.75161],[-105.00101,39.7517]]]]}},{"type":"Feature","properties":{"zone_kind":"slow","zone_label":"Slow zone","zone_venue":"Ball Arena","source_file":"denver-new_slow_ball_export.geojson"},"geometry":{"type":"MultiPolygon","coordinates":[[[[-105.010792,39.748287],[-105.008805,39.749369],[-105.007034,39.750928],[-105.00431,39.748501],[-105.009373,39.745998],[-105.00997,39.746691],[-105.01059,39.74654],[-105.01067,39.74668],[-105.01063,39.74685],[-105.01145,39.748],[-105.010792,39.748287]],[[-105.008273,39.747492],[-105.006809,39.748133],[-105.006609,39.748355],[-105.006319,39.749192],[-105.007356,39.749756],[-105.00747,39.7497],[-105.00771,39.74959],[-105.00801,39.74939],[-105.00829,39.74919],[-105.00848,39.74906],[-105.00863,39.7487],[-105.00866,39.7486],[-105.00868,39.74855],[-105.00872,39.7485],[-105.008948,39.748399],[-105.008273,39.747492]]]]}},{"type":"Feature","properties":{"zone_kind":"slow","zone_label":"Slow zone","zone_venue":"Coors Field","source_file":"denver-new_slow_coors_export.geojson"},"geometry":{"type":"MultiPolygon","coordinates":[[[[-104.99773,39.75739],[-104.9957,39.75977],[-104.99468,39.75985],[-104.99347,39.759021],[-104.993327,39.759133],[-104.988677,39.7556],[-104.993613,39.75176],[-104.998263,39.755293],[-104.99813,39.755397],[-104.99929,39.75627],[-104.99773,39.75739]]]]}},{"type":"Feature","properties":{"zone_kind":"slow","zone_label":"Slow zone","zone_venue":"Empower Field","source_file":"denver-new_slow_empower_export.geojson"},"geometry":{"type":"MultiPolygon","coordinates":[[[[-105.023447,39.744385],[-105.02343,39.744383],[-105.02341,39.74706],[-105.02299,39.74744],[-105.02272,39.74745],[-105.02109,39.74746],[-105.02094,39.74734],[-105.02095,39.747],[-105.020872,39.746929],[-105.020867,39.747432],[-105.020317,39.747435],[-105.020317,39.746366],[-105.01923,39.74635],[-105.019226,39.746273],[-105.019062,39.746273],[-105.019064,39.745863],[-105.018987,39.745604],[-105.018825,39.745349],[-105.01843,39.744846],[-105.018121,39.744465],[-105.01781,39.744131],[-105.017521,39.743853],[-105.017345,39.743619],[-105.017238,39.743423],[-105.017221,39.743368],[-105.01686,39.7432],[-105.01701,39.74284],[-105.017135,39.742844],[-105.017153,39.742673],[-105.017258,39.742673],[-105.017258,39.742719],[-105.017286,39.742849],[-105.0179,39.74287],[-105.01813,39.74294],[-105.01847,39.74265],[-105.0185,39.74194],[-105.01779,39.74194],[-105.01785,39.74175],[-105.01795,39.74165],[-105.01823,39.74116],[-105.01833,39.74078],[-105.02125,39.74081],[-105.02147,39.74103],[-105.0225,39.74105],[-105.02305,39.74125],[-105.02333,39.74152],[-105.02345,39.74178],[-105.023436,39.743568],[-105.023457,39.743566],[-105.023447,39.744385]],[[-105.023445,39.743662],[-105.023436,39.743663],[-105.023435,39.743726],[-105.023446,39.743725],[-105.023445,39.743662]],[[-105.023432,39.744192],[-105.023431,39.744254],[-105.02344,39.744255],[-105.02344,39.744193],[-105.023432,39.744192]],[[-105.02177,39.74359],[-105.02158,39.74327],[-105.02137,39.74304],[-105.0211,39.74286],[-105.02061,39.74268],[-105.02024,39.74262],[-105.01983,39.74265],[-105.01943,39.74274],[-105.01905,39.74292],[-105.01882,39.74311],[-105.0186,39.74336],[-105.0185,39.7436],[-105.01846,39.7438],[-105.01845,39.744],[-105.01847,39.74416],[-105.01855,39.74438],[-105.01865,39.74455],[-105.01874,39.74472],[-105.01888,39.74486],[-105.01909,39.74499],[-105.01946,39.7451],[-105.01995,39.7452],[-105.02019,39.7452],[-105.02035,39.74519],[-105.0208,39.7451],[-105.02108,39.74502],[-105.02139,39.74479],[-105.02161,39.74449],[-105.02181,39.74404],[-105.02182,39.74388],[-105.02177,39.74359]],[[-105.019208,39.745873],[-105.019104,39.745873],[-105.019104,39.746238],[-105.019225,39.746238],[-105.019208,39.745873]],[[-105.01919,39.7455],[-105.01902,39.74541],[-105.01886,39.74522],[-105.01883,39.74515],[-105.0188,39.74511],[-105.018616,39.744951],[-105.019109,39.745557],[-105.019193,39.745558],[-105.01919,39.7455]],[[-105.01834,39.74459],[-105.01827,39.74446],[-105.01815,39.74405],[-105.01796,39.74391],[-105.01783,39.74372],[-105.017476,39.743493],[-105.017547,39.743679],[-105.017745,39.743919],[-105.018055,39.744227],[-105.01823,39.744463],[-105.018375,39.744646],[-105.01834,39.74459]]]]}},{"type":"Feature","properties":{"zone_kind":"slow","zone_label":"Slow zone","zone_venue":"Mission Ballroom","source_file":"denver-new_slow_mission_export.geojson"},"geometry":{"type":"MultiPolygon","coordinates":[[[[-104.969581,39.777202],[-104.969232,39.776943],[-104.969233,39.776942],[-104.96923,39.77694],[-104.972675,39.774264],[-104.971966,39.773735],[-104.971971,39.773731],[-104.97197,39.77373],[-104.97264,39.77315],[-104.972644,39.773153],[-104.972644,39.773153],[-104.973712,39.774031],[-104.969581,39.777202]]]]}},{"type":"Feature","properties":{"zone_kind":"school","zone_label":"School land","zone_venue":"Private schools","zone_note":"School grounds. Restrictions here are likely but the hours are not in the city's export — treat as ride-with-care.","source_file":"denver-non-public_school_land_area_2025_-_2026_export.geojson"},"geometry":{"type":"MultiPolygon","coordinates":[[[[-105.081211,39.66953],[-105.081211,39.669531],[-105.081177,39.670008],[-105.081177,39.670011],[-105.081171,39.670009],[-105.081142,39.67],[-105.081047,39.669972],[-105.08088,39.669925],[-105.080703,39.669883],[-105.080553,39.669849],[-105.080543,39.669846],[-105.08048,39.669828],[-105.0804,39.669813],[-105.080436,39.66946],[-105.079887,39.669372],[-105.079921,39.669004],[-105.080581,39.669041],[-105.081242,39.669078],[-105.081211,39.66953]]],[[[-105.072226,39.645698],[-105.072354,39.645508],[-105.072573,39.645335],[-105.072987,39.645156],[-105.073215,39.645065],[-105.072194,39.645863],[-105.072226,39.645698]]],[[[-105.070512,39.649587],[-105.065334,39.649572],[-105.070512,39.649578],[-105.070512,39.649587]]],[[[-105.053084,39.736254],[-105.052682,39.736251],[-105.052601,39.736249],[-105.0526,39.736261],[-105.052157,39.736256],[-105.052157,39.736041],[-105.052159,39.735498],[-105.053023,39.735501],[-105.053029,39.735506],[-105.053033,39.735511],[-105.053036,39.735517],[-105.053038,39.735524],[-105.053039,39.73553],[-105.053038,39.735633],[-105.053087,39.735633],[-105.053084,39.736254]]],[[[-105.053053,39.679056],[-105.052668,39.679057],[-105.052667,39.678796],[-105.052223,39.678796],[-105.052219,39.67796],[-105.052219,39.677699],[-105.052209,39.677538],[-105.052177,39.677348],[-105.052124,39.677106],[-105.052077,39.676956],[-105.052054,39.676872],[-105.05199,39.676708],[-105.052033,39.676695],[-105.052076,39.676684],[-105.052119,39.676673],[-105.052162,39.676662],[-105.052206,39.676652],[-105.05225,39.676643],[-105.052294,39.676634],[-105.052339,39.676626],[-105.052383,39.676619],[-105.052428,39.676612],[-105.052473,39.676605],[-105.052518,39.6766],[-105.052563,39.676595],[-105.052608,39.67659],[-105.052653,39.676586],[-105.052699,39.676583],[-105.052744,39.67658],[-105.052789,39.676578],[-105.052835,39.676577],[-105.052881,39.676576],[-105.052926,39.676576],[-105.052972,39.676576],[-105.053052,39.676579],[-105.053053,39.678764],[-105.053053,39.679056]]],[[[-105.052603,39.738175],[-105.052602,39.738313],[-105.052602,39.738381],[-105.052158,39.738381],[-105.052158,39.738312],[-105.052158,39.738243],[-105.052158,39.738175],[-105.052158,39.738156],[-105.052601,39.738158],[-105.052603,39.738158],[-105.052603,39.738175]]],[[[-105.046215,39.775927],[-105.046215,39.775933],[-105.046215,39.775994],[-105.046215,39.776061],[-105.046215,39.77613],[-105.046214,39.776197],[-105.046212,39.776267],[-105.046212,39.776336],[-105.046214,39.776408],[-105.046212,39.776477],[-105.045763,39.776479],[-105.045729,39.776478],[-105.045286,39.776478],[-105.045176,39.77648],[-105.045176,39.776449],[-105.045286,39.776447],[-105.045289,39.776447],[-105.045292,39.776446],[-105.045295,39.776445],[-105.045297,39.776444],[-105.0453,39.776444],[-105.045303,39.776443],[-105.045306,39.776442],[-105.045309,39.776441],[-105.045312,39.77644],[-105.045315,39.776439],[-105.045317,39.776438],[-105.045317,39.776438],[-105.04532,39.776437],[-105.045323,39.776435],[-105.045326,39.776434],[-105.045328,39.776433],[-105.045331,39.776432],[-105.045334,39.77643],[-105.045336,39.776429],[-105.045339,39.776428],[-105.045341,39.776426],[-105.045344,39.776425],[-105.045346,39.776423],[-105.045349,39.776422],[-105.045351,39.77642],[-105.045354,39.776419],[-105.045356,39.776417],[-105.045358,39.776415],[-105.04536,39.776414],[-105.045363,39.776412],[-105.045365,39.77641],[-105.045367,39.776408],[-105.045369,39.776407],[-105.045371,39.776405],[-105.045373,39.776403],[-105.045375,39.776401],[-105.045377,39.776399],[-105.045379,39.776398],[-105.045381,39.776396],[-105.045383,39.776394],[-105.045384,39.776392],[-105.045386,39.77639],[-105.045388,39.776388],[-105.045389,39.776385],[-105.045391,39.776383],[-105.045393,39.776381],[-105.045394,39.776379],[-105.045396,39.776377],[-105.045397,39.776375],[-105.045398,39.776373],[-105.0454,39.776371],[-105.045401,39.776368],[-105.045402,39.776366],[-105.045403,39.776364],[-105.045404,39.776362],[-105.045405,39.776359],[-105.045406,39.776357],[-105.045407,39.776355],[-105.045408,39.776352],[-105.045409,39.77635],[-105.04541,39.776348],[-105.04541,39.776345],[-105.045411,39.776343],[-105.045412,39.776341],[-105.045412,39.776338],[-105.045413,39.776336],[-105.045413,39.776334],[-105.045414,39.776331],[-105.045414,39.776329],[-105.045414,39.776326],[-105.045415,39.776324],[-105.045415,39.776322],[-105.045415,39.776319],[-105.045415,39.776317],[-105.045415,39.776314],[-105.045415,39.776312],[-105.045415,39.776309],[-105.045415,39.776307],[-105.045415,39.776305],[-105.045414,39.776302],[-105.045414,39.7763],[-105.045414,39.776297],[-105.045413,39.776295],[-105.045413,39.776293],[-105.045412,39.77629],[-105.045412,39.776288],[-105.045411,39.776286],[-105.04541,39.776283],[-105.04541,39.776281],[-105.045409,39.776278],[-105.045408,39.776276],[-105.045407,39.776274],[-105.045406,39.776272],[-105.045405,39.776269],[-105.045405,39.776268],[-105.045404,39.776267],[-105.045403,39.776265],[-105.045403,39.776264],[-105.045402,39.776262],[-105.045401,39.77626],[-105.0454,39.776258],[-105.045398,39.776256],[-105.045397,39.776254],[-105.045396,39.776252],[-105.045394,39.776249],[-105.045393,39.776247],[-105.045391,39.776245],[-105.045389,39.776243],[-105.045388,39.776241],[-105.045386,39.776239],[-105.045384,39.776237],[-105.045383,39.776235],[-105.045381,39.776233],[-105.045379,39.776231],[-105.045377,39.776229],[-105.045375,39.776227],[-105.045373,39.776225],[-105.045371,39.776224],[-105.045369,39.776222],[-105.045367,39.77622],[-105.045365,39.776218],[-105.045363,39.776216],[-105.04536,39.776215],[-105.045358,39.776213],[-105.045356,39.776211],[-105.045354,39.77621],[-105.045351,39.776208],[-105.045349,39.776207],[-105.045346,39.776205],[-105.045344,39.776204],[-105.045341,39.776202],[-105.045339,39.776201],[-105.045337,39.7762],[-105.045336,39.7762],[-105.045334,39.776198],[-105.045331,39.776197],[-105.045328,39.776196],[-105.045326,39.776194],[-105.045323,39.776193],[-105.04532,39.776192],[-105.045317,39.776191],[-105.045315,39.77619],[-105.045312,39.776189],[-105.045309,39.776188],[-105.045306,39.776187],[-105.045303,39.776186],[-105.0453,39.776185],[-105.045297,39.776184],[-105.045295,39.776183],[-105.045292,39.776183],[-105.045289,39.776182],[-105.045286,39.776181],[-105.045286,39.776174],[-105.045286,39.77613],[-105.045286,39.776061],[-105.045286,39.775992],[-105.045286,39.775933],[-105.045286,39.775928],[-105.045285,39.775854],[-105.045286,39.775784],[-105.045287,39.775716],[-105.045287,39.775652],[-105.045287,39.775583],[-105.045285,39.775513],[-105.045287,39.775446],[-105.045286,39.775377],[-105.045284,39.775311],[-105.045286,39.775237],[-105.045285,39.775177],[-105.045284,39.775106],[-105.045283,39.775038],[-105.045283,39.774971],[-105.045729,39.774969],[-105.045731,39.775037],[-105.045731,39.775102],[-105.045729,39.775174],[-105.04573,39.775235],[-105.045729,39.77531],[-105.045731,39.775376],[-105.045731,39.775443],[-105.045729,39.775509],[-105.045728,39.77558],[-105.045729,39.775651],[-105.04573,39.775713],[-105.045729,39.775782],[-105.045763,39.775783],[-105.046215,39.775782],[-105.046216,39.775854],[-105.046215,39.775927]]],[[[-105.04339,39.742004],[-105.04339,39.742067],[-105.04339,39.742136],[-105.04339,39.742273],[-105.04339,39.742341],[-105.04339,39.74241],[-105.04339,39.742479],[-105.04339,39.742547],[-105.04339,39.742632],[-105.042945,39.742632],[-105.042945,39.742478],[-105.042945,39.74241],[-105.042945,39.742341],[-105.042945,39.742272],[-105.042945,39.742204],[-105.042945,39.742135],[-105.042945,39.742066],[-105.042945,39.741998],[-105.042945,39.741929],[-105.042945,39.741861],[-105.042945,39.741792],[-105.042945,39.741723],[-105.042945,39.741638],[-105.043389,39.741639],[-105.04346,39.741639],[-105.043905,39.741639],[-105.043905,39.741724],[-105.043905,39.741793],[-105.043905,39.741862],[-105.043905,39.74193],[-105.043905,39.741999],[-105.043905,39.742004],[-105.04339,39.742004]]],[[[-105.042932,39.76022],[-105.042923,39.758594],[-105.043884,39.758593],[-105.043893,39.760218],[-105.042932,39.76022]]],[[[-105.039415,39.768106],[-105.039415,39.768037],[-105.039414,39.76797],[-105.039414,39.767935],[-105.039865,39.767932],[-105.039865,39.767967],[-105.039866,39.768103],[-105.039415,39.768106]]],[[[-105.038834,39.649855],[-105.038834,39.649934],[-105.038833,39.650158],[-105.038833,39.65027],[-105.038832,39.650394],[-105.038832,39.650517],[-105.038832,39.650641],[-105.038831,39.650888],[-105.038831,39.651011],[-105.03883,39.651135],[-105.03883,39.651258],[-105.03883,39.651382],[-105.038829,39.651505],[-105.038829,39.651628],[-105.038829,39.651629],[-105.038829,39.651751],[-105.038828,39.651875],[-105.038828,39.651998],[-105.038827,39.652122],[-105.038827,39.652246],[-105.038827,39.652369],[-105.038826,39.652493],[-105.038826,39.652616],[-105.038826,39.652788],[-105.038825,39.652967],[-105.038825,39.653091],[-105.038824,39.653263],[-105.038824,39.653282],[-105.038824,39.65346],[-105.038823,39.653722],[-105.038551,39.653756],[-105.037868,39.653769],[-105.036723,39.653588],[-105.035822,39.653296],[-105.035557,39.653211],[-105.035231,39.653105],[-105.034891,39.65299],[-105.034631,39.652861],[-105.034637,39.651966],[-105.034639,39.651682],[-105.03464,39.651561],[-105.034642,39.651559],[-105.034643,39.651557],[-105.034644,39.651554],[-105.034646,39.651552],[-105.034647,39.65155],[-105.034648,39.651547],[-105.03465,39.651545],[-105.034651,39.651543],[-105.034652,39.65154],[-105.034654,39.651538],[-105.034655,39.651536],[-105.034656,39.651533],[-105.034658,39.651531],[-105.034659,39.651529],[-105.03466,39.651526],[-105.034661,39.651524],[-105.034663,39.651522],[-105.034664,39.651519],[-105.034665,39.651517],[-105.034666,39.651515],[-105.034668,39.651512],[-105.034669,39.65151],[-105.03467,39.651508],[-105.034671,39.651505],[-105.034672,39.651503],[-105.034674,39.6515],[-105.034675,39.651498],[-105.034676,39.651496],[-105.034677,39.651493],[-105.034678,39.651491],[-105.034679,39.651489],[-105.034681,39.651486],[-105.034682,39.651484],[-105.034683,39.651481],[-105.034684,39.651479],[-105.034685,39.651477],[-105.034686,39.651474],[-105.034687,39.651472],[-105.034688,39.651469],[-105.034689,39.651467],[-105.03469,39.651465],[-105.034691,39.651462],[-105.034692,39.65146],[-105.034693,39.651457],[-105.034694,39.651455],[-105.034695,39.651453],[-105.034696,39.65145],[-105.034697,39.651448],[-105.034698,39.651445],[-105.034699,39.651443],[-105.0347,39.651441],[-105.034701,39.651438],[-105.034702,39.651436],[-105.034703,39.651433],[-105.034704,39.651431],[-105.034705,39.651428],[-105.034706,39.651426],[-105.034707,39.651423],[-105.034708,39.651421],[-105.034709,39.651419],[-105.03471,39.651416],[-105.03471,39.651414],[-105.034711,39.651411],[-105.034712,39.651409],[-105.034713,39.651406],[-105.034714,39.651404],[-105.034715,39.651401],[-105.034715,39.651399],[-105.034716,39.651397],[-105.034717,39.651394],[-105.034718,39.651392],[-105.034719,39.651389],[-105.034719,39.651387],[-105.03472,39.651384],[-105.034721,39.651382],[-105.034722,39.651379],[-105.034722,39.651377],[-105.034723,39.651374],[-105.034724,39.651372],[-105.034725,39.651369],[-105.034725,39.651367],[-105.034726,39.651364],[-105.034727,39.651362],[-105.034727,39.651359],[-105.034728,39.651357],[-105.034729,39.651354],[-105.034729,39.651352],[-105.03473,39.651349],[-105.034731,39.651347],[-105.034731,39.651344],[-105.034732,39.651342],[-105.034732,39.651339],[-105.034733,39.651337],[-105.034734,39.651335],[-105.034734,39.651332],[-105.034735,39.65133],[-105.034735,39.651327],[-105.034736,39.651325],[-105.034736,39.651322],[-105.034737,39.651319],[-105.034738,39.651317],[-105.034738,39.651314],[-105.034739,39.651312],[-105.034739,39.651309],[-105.03474,39.651307],[-105.03474,39.651304],[-105.03474,39.651302],[-105.034741,39.651299],[-105.034741,39.651297],[-105.034742,39.651294],[-105.034742,39.651292],[-105.034743,39.651289],[-105.034743,39.651287],[-105.034744,39.651284],[-105.034744,39.651282],[-105.034744,39.651279],[-105.034745,39.651277],[-105.034745,39.651274],[-105.034745,39.651272],[-105.034746,39.651269],[-105.034746,39.651267],[-105.034746,39.651264],[-105.034747,39.651262],[-105.034747,39.651259],[-105.034747,39.651257],[-105.034748,39.651254],[-105.034748,39.651252],[-105.034748,39.651249],[-105.034749,39.651246],[-105.034749,39.651244],[-105.034749,39.651241],[-105.034761,39.649646],[-105.034761,39.649612],[-105.03483,39.649613],[-105.036058,39.64962],[-105.036058,39.649635],[-105.036057,39.649702],[-105.038834,39.649718],[-105.038834,39.649855]]],[[[-105.03073,39.727619],[-105.03073,39.727551],[-105.030729,39.727483],[-105.030729,39.727412],[-105.030729,39.727341],[-105.030728,39.727276],[-105.030728,39.727206],[-105.030727,39.727135],[-105.030727,39.727065],[-105.030727,39.72703],[-105.030727,39.726998],[-105.030726,39.726923],[-105.030726,39.726856],[-105.030725,39.726786],[-105.030725,39.726719],[-105.030725,39.726647],[-105.030724,39.726577],[-105.030724,39.72651],[-105.030724,39.726444],[-105.030723,39.726397],[-105.030723,39.726302],[-105.030724,39.726302],[-105.031116,39.726299],[-105.031166,39.726287],[-105.031166,39.726299],[-105.031166,39.72637],[-105.031167,39.726441],[-105.031167,39.726511],[-105.031168,39.726575],[-105.031168,39.726645],[-105.031169,39.726717],[-105.031169,39.726785],[-105.03117,39.726853],[-105.03117,39.726922],[-105.03117,39.726997],[-105.031171,39.727063],[-105.031171,39.727133],[-105.031172,39.727205],[-105.031172,39.727274],[-105.031173,39.727339],[-105.031173,39.727407],[-105.031174,39.727481],[-105.031174,39.72755],[-105.031174,39.727614],[-105.03073,39.727619]]],[[[-105.005778,39.70976],[-105.005691,39.70976],[-105.005596,39.709759],[-105.005508,39.709759],[-105.005416,39.709759],[-105.00533,39.709758],[-105.005239,39.709758],[-105.00516,39.709758],[-105.005066,39.709757],[-105.004979,39.709757],[-105.004886,39.709757],[-105.004804,39.709756],[-105.004714,39.709756],[-105.004626,39.709756],[-105.004536,39.709755],[-105.004444,39.709755],[-105.004386,39.709755],[-105.004385,39.709414],[-105.00444,39.709414],[-105.004532,39.709415],[-105.004625,39.709415],[-105.00471,39.709415],[-105.004802,39.709416],[-105.004885,39.709416],[-105.004977,39.709416],[-105.005063,39.709417],[-105.005156,39.709417],[-105.005237,39.709417],[-105.005326,39.709417],[-105.005414,39.709418],[-105.005504,39.709418],[-105.005592,39.709418],[-105.005686,39.709419],[-105.005773,39.709419],[-105.005862,39.709419],[-105.005867,39.70976],[-105.005778,39.70976]]],[[[-104.988741,39.724028],[-104.988738,39.723673],[-104.989097,39.723674],[-104.989098,39.723898],[-104.989099,39.724028],[-104.988741,39.724028]]],[[[-104.986266,39.791038],[-104.985306,39.79104],[-104.985318,39.789304],[-104.986279,39.789304],[-104.986266,39.791038]]],[[[-104.983157,39.756064],[-104.982969,39.756208],[-104.982721,39.756398],[-104.982408,39.756162],[-104.982657,39.755969],[-104.982846,39.755823],[-104.983416,39.755383],[-104.983726,39.755628],[-104.983157,39.756064]]],[[[-104.982754,39.676371],[-104.982275,39.676371],[-104.982272,39.676646],[-104.981672,39.676646],[-104.981672,39.676454],[-104.981672,39.67626],[-104.981672,39.676068],[-104.981672,39.675879],[-104.981672,39.675788],[-104.981676,39.675633],[-104.981677,39.675403],[-104.98168,39.674999],[-104.982767,39.675],[-104.982754,39.676371]]],[[[-104.981557,39.678453],[-104.980553,39.678446],[-104.980565,39.676815],[-104.981569,39.676813],[-104.981557,39.678453]]],[[[-104.971462,39.766544],[-104.971018,39.766544],[-104.970733,39.766543],[-104.970733,39.766886],[-104.970288,39.766886],[-104.970289,39.765968],[-104.970734,39.765969],[-104.970733,39.766405],[-104.971018,39.766406],[-104.971462,39.766407],[-104.971462,39.766544]]],[[[-104.967587,39.703762],[-104.967586,39.702116],[-104.96859,39.702114],[-104.968596,39.703762],[-104.967587,39.703762]]],[[[-104.962331,39.667507],[-104.961772,39.667505],[-104.961656,39.667505],[-104.961211,39.6675],[-104.96116,39.6675],[-104.960716,39.6675],[-104.960496,39.6675],[-104.96006,39.667498],[-104.960035,39.6675],[-104.96003,39.666131],[-104.960056,39.666131],[-104.960506,39.66613],[-104.960718,39.666131],[-104.961165,39.666131],[-104.961214,39.666132],[-104.961658,39.666133],[-104.961773,39.666133],[-104.962333,39.666135],[-104.962331,39.667507]]],[[[-104.960715,39.679292],[-104.960084,39.679292],[-104.960084,39.679015],[-104.960085,39.678597],[-104.960721,39.678599],[-104.960715,39.679292]]],[[[-104.958452,39.766184],[-104.958452,39.766249],[-104.958452,39.766317],[-104.958452,39.766387],[-104.958452,39.766453],[-104.958452,39.766523],[-104.958452,39.766593],[-104.958452,39.766662],[-104.958452,39.766729],[-104.958452,39.766796],[-104.958451,39.766864],[-104.958,39.766863],[-104.958,39.766796],[-104.957999,39.766729],[-104.957999,39.766661],[-104.957999,39.766593],[-104.957999,39.766522],[-104.957999,39.766455],[-104.957998,39.766386],[-104.957998,39.766367],[-104.957998,39.766317],[-104.957998,39.766249],[-104.957998,39.766184],[-104.957998,39.766157],[-104.957997,39.766115],[-104.958453,39.766114],[-104.958452,39.766184]]],[[[-104.958008,39.695505],[-104.957564,39.695504],[-104.957564,39.695347],[-104.957076,39.695346],[-104.957078,39.694854],[-104.95801,39.694855],[-104.958008,39.695505]]],[[[-104.956806,39.726178],[-104.956805,39.726107],[-104.956805,39.726038],[-104.956805,39.725971],[-104.956804,39.725901],[-104.956805,39.725767],[-104.956805,39.725697],[-104.957246,39.725696],[-104.957249,39.725696],[-104.957249,39.725721],[-104.957249,39.725731],[-104.957249,39.725765],[-104.957249,39.72578],[-104.957249,39.725796],[-104.957249,39.725835],[-104.95725,39.725901],[-104.95725,39.725902],[-104.95725,39.725936],[-104.95725,39.725971],[-104.95725,39.726039],[-104.957251,39.726109],[-104.957251,39.726124],[-104.957251,39.726178],[-104.956806,39.726178]]],[[[-104.956862,39.695471],[-104.956418,39.69547],[-104.95642,39.694853],[-104.956864,39.694853],[-104.956862,39.695471]]],[[[-104.956558,39.726562],[-104.956554,39.726562],[-104.956553,39.726562],[-104.956473,39.726562],[-104.956469,39.726562],[-104.956468,39.726562],[-104.956286,39.726562],[-104.9562,39.726562],[-104.956158,39.726562],[-104.956154,39.726562],[-104.956154,39.726544],[-104.956154,39.726528],[-104.956154,39.726514],[-104.956154,39.726508],[-104.956153,39.726456],[-104.956155,39.726319],[-104.956154,39.726249],[-104.956154,39.726178],[-104.956154,39.726108],[-104.956154,39.726038],[-104.956155,39.725969],[-104.956154,39.7259],[-104.956155,39.725834],[-104.956154,39.725764],[-104.956155,39.725696],[-104.956598,39.725698],[-104.956599,39.725766],[-104.9566,39.725835],[-104.9566,39.7259],[-104.956602,39.725969],[-104.956602,39.726038],[-104.956602,39.72611],[-104.956603,39.726179],[-104.956603,39.726249],[-104.956603,39.726318],[-104.956604,39.726388],[-104.956604,39.726458],[-104.956604,39.726528],[-104.956605,39.726562],[-104.956558,39.726562]]],[[[-104.947834,39.677561],[-104.947302,39.67756],[-104.947302,39.67752],[-104.947142,39.677519],[-104.946698,39.677516],[-104.946699,39.677315],[-104.946699,39.677313],[-104.946699,39.677281],[-104.9467,39.677],[-104.946701,39.676753],[-104.947734,39.676753],[-104.94778,39.676754],[-104.947835,39.676754],[-104.947834,39.677561]]],[[[-104.942075,39.675005],[-104.942074,39.675145],[-104.942072,39.675356],[-104.942071,39.675562],[-104.942069,39.675767],[-104.942068,39.675901],[-104.942067,39.676037],[-104.942066,39.676179],[-104.942065,39.676317],[-104.942063,39.676469],[-104.941494,39.676468],[-104.941417,39.676468],[-104.940888,39.676467],[-104.940887,39.676384],[-104.940887,39.676314],[-104.940887,39.676244],[-104.940887,39.676174],[-104.940888,39.676101],[-104.940888,39.676031],[-104.940888,39.675896],[-104.940889,39.67583],[-104.940889,39.675762],[-104.940889,39.675695],[-104.940889,39.675627],[-104.940889,39.675558],[-104.94089,39.67549],[-104.94089,39.67542],[-104.94089,39.675351],[-104.94089,39.675277],[-104.940891,39.675209],[-104.940891,39.67514],[-104.940891,39.67507],[-104.940891,39.675],[-104.940891,39.674923],[-104.941426,39.674925],[-104.941505,39.674925],[-104.942076,39.674928],[-104.942075,39.675005]]],[[[-104.939774,39.741022],[-104.939776,39.741301],[-104.939034,39.741303],[-104.939038,39.740787],[-104.939042,39.740265],[-104.939778,39.740263],[-104.939774,39.741022]]],[[[-104.937258,39.717426],[-104.937257,39.717698],[-104.936841,39.717699],[-104.93682,39.7177],[-104.936799,39.7177],[-104.936373,39.717701],[-104.936163,39.717699],[-104.935717,39.717699],[-104.935663,39.717699],[-104.935213,39.717699],[-104.935213,39.717429],[-104.935212,39.717159],[-104.935212,39.716883],[-104.935212,39.716609],[-104.935212,39.716327],[-104.935661,39.716326],[-104.935712,39.716326],[-104.936159,39.716326],[-104.93637,39.716327],[-104.936792,39.716326],[-104.936813,39.716326],[-104.936835,39.716326],[-104.937257,39.716324],[-104.937258,39.716602],[-104.937259,39.716877],[-104.93726,39.717153],[-104.937258,39.717426]]],[[[-104.936327,39.673287],[-104.936327,39.673379],[-104.936326,39.673394],[-104.936325,39.67353],[-104.936325,39.673543],[-104.936324,39.673674],[-104.936316,39.674745],[-104.936027,39.674745],[-104.935972,39.674745],[-104.935105,39.674745],[-104.934969,39.674745],[-104.934017,39.674745],[-104.933714,39.674746],[-104.933712,39.674303],[-104.933471,39.674304],[-104.933471,39.674291],[-104.932819,39.674288],[-104.93282,39.674299],[-104.931745,39.6743],[-104.931736,39.673297],[-104.933311,39.673293],[-104.93422,39.673388],[-104.934166,39.672172],[-104.934624,39.672171],[-104.934636,39.672171],[-104.935314,39.672171],[-104.935809,39.672171],[-104.935822,39.672171],[-104.936003,39.672171],[-104.936312,39.672171],[-104.936313,39.672277],[-104.936316,39.672479],[-104.936319,39.672676],[-104.936322,39.672869],[-104.936325,39.673064],[-104.936328,39.673263],[-104.936327,39.673287]]],[[[-104.930398,39.747237],[-104.929937,39.747237],[-104.929938,39.747177],[-104.929938,39.74711],[-104.929938,39.747067],[-104.929938,39.747044],[-104.929938,39.746973],[-104.929938,39.746905],[-104.929939,39.746835],[-104.929939,39.74677],[-104.929939,39.7467],[-104.929939,39.746629],[-104.929939,39.746593],[-104.929939,39.746559],[-104.929939,39.746493],[-104.929938,39.746421],[-104.929938,39.746353],[-104.929937,39.746284],[-104.929936,39.746213],[-104.929936,39.746145],[-104.929935,39.746076],[-104.929935,39.746007],[-104.929935,39.745994],[-104.929934,39.745937],[-104.929934,39.745883],[-104.929989,39.745884],[-104.930057,39.745884],[-104.930404,39.745886],[-104.930404,39.745872],[-104.930404,39.745802],[-104.930854,39.745803],[-104.930855,39.745874],[-104.930855,39.745943],[-104.930856,39.746012],[-104.930856,39.74608],[-104.930857,39.746149],[-104.930858,39.746218],[-104.930858,39.746288],[-104.930859,39.746358],[-104.93086,39.746428],[-104.93086,39.746495],[-104.930861,39.746563],[-104.930861,39.746636],[-104.930862,39.746705],[-104.930863,39.746775],[-104.930863,39.746843],[-104.930864,39.74691],[-104.930865,39.746979],[-104.930865,39.747049],[-104.930866,39.747116],[-104.930866,39.747183],[-104.930867,39.747237],[-104.930398,39.747237]]],[[[-104.929724,39.746907],[-104.92949,39.746906],[-104.929259,39.746905],[-104.929259,39.746838],[-104.929259,39.746769],[-104.929259,39.746715],[-104.929259,39.746701],[-104.929259,39.746631],[-104.929259,39.746595],[-104.929259,39.746563],[-104.929258,39.746492],[-104.929258,39.746476],[-104.929258,39.746424],[-104.929258,39.746351],[-104.929258,39.746284],[-104.929258,39.746215],[-104.929258,39.746146],[-104.929258,39.746076],[-104.929258,39.746008],[-104.929257,39.745939],[-104.929257,39.745869],[-104.929257,39.745802],[-104.929257,39.745774],[-104.929584,39.745774],[-104.929668,39.745773],[-104.929715,39.745773],[-104.929715,39.745801],[-104.929716,39.74587],[-104.929716,39.745939],[-104.929717,39.746009],[-104.929718,39.746078],[-104.929718,39.746146],[-104.929719,39.746213],[-104.929719,39.746285],[-104.92972,39.746353],[-104.929721,39.746425],[-104.929721,39.746492],[-104.929722,39.746564],[-104.929723,39.746632],[-104.929723,39.746702],[-104.929724,39.74677],[-104.929725,39.746838],[-104.929725,39.746857],[-104.929724,39.746907]]],[[[-104.929165,39.7309],[-104.929165,39.730965],[-104.929089,39.730965],[-104.929049,39.730965],[-104.928689,39.730964],[-104.928212,39.730963],[-104.928212,39.730898],[-104.928212,39.73083],[-104.928211,39.730763],[-104.928211,39.730691],[-104.928211,39.730626],[-104.92821,39.730551],[-104.92821,39.730485],[-104.92821,39.730415],[-104.928209,39.730345],[-104.928209,39.730276],[-104.928209,39.730208],[-104.928208,39.730139],[-104.928208,39.73007],[-104.928208,39.730003],[-104.928207,39.729935],[-104.928207,39.729865],[-104.928207,39.729798],[-104.928206,39.729732],[-104.928206,39.729667],[-104.928206,39.729599],[-104.928205,39.729531],[-104.928205,39.729463],[-104.928205,39.729395],[-104.928204,39.729332],[-104.928296,39.729332],[-104.928305,39.729332],[-104.928681,39.729332],[-104.929161,39.729332],[-104.929161,39.729394],[-104.929161,39.729461],[-104.929162,39.72953],[-104.929162,39.729597],[-104.929162,39.729666],[-104.929162,39.729729],[-104.929162,39.729798],[-104.929163,39.729866],[-104.929163,39.729935],[-104.929163,39.730003],[-104.929163,39.730071],[-104.929163,39.73014],[-104.929163,39.730207],[-104.929164,39.730275],[-104.929164,39.730346],[-104.929164,39.730413],[-104.929164,39.730484],[-104.929164,39.730552],[-104.929164,39.730624],[-104.929165,39.730691],[-104.929165,39.730763],[-104.929165,39.730829],[-104.929165,39.7309]]],[[[-104.923335,39.708055],[-104.923335,39.708121],[-104.923334,39.708188],[-104.923335,39.708255],[-104.923335,39.708327],[-104.923334,39.708393],[-104.923335,39.708461],[-104.923334,39.708531],[-104.923335,39.708598],[-104.923335,39.708665],[-104.923334,39.708736],[-104.923335,39.708804],[-104.923334,39.708874],[-104.923334,39.708942],[-104.923335,39.709011],[-104.923334,39.709085],[-104.923334,39.709152],[-104.923335,39.709223],[-104.922896,39.709223],[-104.922868,39.709223],[-104.922868,39.709085],[-104.922868,39.70901],[-104.922841,39.709011],[-104.922398,39.709011],[-104.922398,39.708943],[-104.922397,39.708875],[-104.922397,39.708805],[-104.922397,39.708735],[-104.922396,39.708665],[-104.922397,39.708598],[-104.922397,39.708529],[-104.922398,39.708394],[-104.922398,39.708325],[-104.922397,39.708255],[-104.922398,39.708121],[-104.922398,39.708054],[-104.922399,39.707988],[-104.922398,39.707917],[-104.922399,39.707889],[-104.922399,39.707829],[-104.922438,39.707829],[-104.922438,39.707799],[-104.922851,39.707801],[-104.922893,39.707802],[-104.922943,39.707802],[-104.923022,39.707802],[-104.923139,39.707803],[-104.923138,39.707891],[-104.923204,39.707892],[-104.923287,39.707893],[-104.923335,39.707894],[-104.923335,39.707918],[-104.923335,39.707987],[-104.923335,39.708055]]],[[[-104.922221,39.689862],[-104.922218,39.690092],[-104.922217,39.690183],[-104.922216,39.690225],[-104.922213,39.690528],[-104.922208,39.691089],[-104.922208,39.691144],[-104.921969,39.691144],[-104.921755,39.691144],[-104.921454,39.691145],[-104.921115,39.691145],[-104.921089,39.691146],[-104.92109,39.691009],[-104.921091,39.69081],[-104.921094,39.69062],[-104.921095,39.690437],[-104.921097,39.69027],[-104.921098,39.690176],[-104.921099,39.690105],[-104.9211,39.689989],[-104.921102,39.689797],[-104.921103,39.689616],[-104.921104,39.68944],[-104.921517,39.689439],[-104.921694,39.689438],[-104.922219,39.689436],[-104.922222,39.68982],[-104.922221,39.689862]]],[[[-104.909097,39.712662],[-104.908765,39.713085],[-104.907717,39.71442],[-104.907687,39.714458],[-104.907384,39.714316],[-104.907394,39.714302],[-104.907416,39.714269],[-104.907432,39.714234],[-104.907442,39.714197],[-104.907446,39.71416],[-104.907446,39.713084],[-104.907447,39.712662],[-104.907447,39.711539],[-104.909978,39.71154],[-104.909097,39.712662]]],[[[-104.909239,39.737157],[-104.909158,39.737157],[-104.909138,39.737157],[-104.908783,39.737157],[-104.908404,39.737156],[-104.9084,39.737156],[-104.908316,39.737156],[-104.908316,39.737089],[-104.908315,39.737025],[-104.908315,39.736953],[-104.908315,39.736888],[-104.908314,39.736819],[-104.908314,39.736753],[-104.908414,39.736753],[-104.908781,39.736751],[-104.90878,39.736683],[-104.90878,39.736609],[-104.90878,39.736587],[-104.90878,39.736545],[-104.908779,39.736475],[-104.908779,39.736424],[-104.908779,39.73641],[-104.908779,39.736338],[-104.908779,39.736283],[-104.908778,39.736269],[-104.908778,39.736218],[-104.908778,39.736202],[-104.908778,39.736133],[-104.908778,39.736061],[-104.908777,39.735989],[-104.908777,39.735924],[-104.908809,39.735923],[-104.908886,39.735923],[-104.909238,39.735923],[-104.909239,39.735989],[-104.909239,39.736061],[-104.909238,39.736132],[-104.909239,39.736202],[-104.909239,39.736269],[-104.909239,39.73634],[-104.909239,39.73641],[-104.909239,39.736477],[-104.909239,39.736547],[-104.90924,39.736608],[-104.909239,39.736681],[-104.909239,39.73675],[-104.90924,39.736817],[-104.90924,39.73689],[-104.909239,39.736954],[-104.90924,39.737022],[-104.90924,39.737087],[-104.909239,39.737157]]],[[[-104.904859,39.746002],[-104.904385,39.745999],[-104.904265,39.745998],[-104.904005,39.745103],[-104.904501,39.745103],[-104.90487,39.745102],[-104.904859,39.746002]]],[[[-104.903376,39.7231],[-104.903301,39.723158],[-104.9032,39.723156],[-104.90312,39.723159],[-104.90304,39.723168],[-104.902961,39.723184],[-104.902886,39.723206],[-104.902835,39.723225],[-104.901867,39.72364],[-104.901079,39.723978],[-104.901059,39.723988],[-104.901037,39.723996],[-104.901013,39.724001],[-104.900989,39.724003],[-104.900965,39.724002],[-104.900932,39.724003],[-104.900892,39.724008],[-104.900853,39.724017],[-104.900816,39.72403],[-104.900782,39.724047],[-104.900555,39.723726],[-104.900502,39.723643],[-104.900456,39.723558],[-104.900418,39.723471],[-104.900374,39.723358],[-104.900304,39.72318],[-104.900281,39.723152],[-104.900261,39.723122],[-104.900246,39.723091],[-104.900226,39.723071],[-104.900896,39.722688],[-104.901112,39.722564],[-104.901174,39.722529],[-104.90123,39.722496],[-104.901302,39.722451],[-104.901369,39.722401],[-104.901429,39.722346],[-104.901482,39.722288],[-104.901528,39.722226],[-104.901567,39.72216],[-104.901597,39.722093],[-104.90162,39.722023],[-104.901623,39.72201],[-104.901629,39.721983],[-104.901638,39.721923],[-104.90164,39.721863],[-104.901637,39.721803],[-104.901627,39.721743],[-104.901629,39.721467],[-104.903388,39.72147],[-104.903376,39.7231]]],[[[-104.899235,39.723385],[-104.898702,39.72369],[-104.898354,39.723328],[-104.897975,39.723545],[-104.897956,39.723556],[-104.897857,39.723453],[-104.897768,39.72336],[-104.897008,39.722568],[-104.898017,39.72199],[-104.898363,39.722351],[-104.898474,39.722466],[-104.899287,39.723313],[-104.899313,39.72334],[-104.899235,39.723385]]],[[[-104.890101,39.725182],[-104.890112,39.7243],[-104.890116,39.724013],[-104.890105,39.723933],[-104.890091,39.723822],[-104.890026,39.723333],[-104.889916,39.7225],[-104.891359,39.722139],[-104.891469,39.722928],[-104.891476,39.72298],[-104.89156,39.723574],[-104.89158,39.723716],[-104.891661,39.724295],[-104.891667,39.724335],[-104.891687,39.724476],[-104.891787,39.725191],[-104.890101,39.725182]]],[[[-104.889844,39.750771],[-104.8894,39.751141],[-104.888702,39.750642],[-104.889512,39.749967],[-104.889797,39.750171],[-104.889815,39.750186],[-104.889829,39.750203],[-104.88984,39.750222],[-104.889846,39.750242],[-104.889848,39.750263],[-104.889844,39.750771]]],[[[-104.888329,39.730882],[-104.88831,39.730954],[-104.888296,39.731028],[-104.888287,39.731102],[-104.888272,39.731271],[-104.888261,39.731359],[-104.888243,39.731446],[-104.888218,39.731532],[-104.888185,39.731616],[-104.888145,39.731699],[-104.888099,39.731779],[-104.888046,39.731857],[-104.887987,39.731932],[-104.887707,39.732263],[-104.887678,39.732293],[-104.887644,39.73232],[-104.887605,39.732343],[-104.887563,39.732361],[-104.887518,39.732375],[-104.887471,39.732384],[-104.887333,39.732402],[-104.887329,39.732687],[-104.885032,39.732683],[-104.884914,39.7326],[-104.884921,39.731381],[-104.884924,39.731306],[-104.885556,39.731328],[-104.885619,39.731327],[-104.885682,39.731321],[-104.885743,39.731309],[-104.885802,39.731291],[-104.885857,39.731268],[-104.885909,39.73124],[-104.887192,39.730476],[-104.887231,39.730502],[-104.887349,39.730499],[-104.888058,39.730485],[-104.888454,39.730464],[-104.888329,39.730882]]],[[[-104.881563,39.724883],[-104.881484,39.724927],[-104.881338,39.725001],[-104.881298,39.725019],[-104.880762,39.72507],[-104.880701,39.725005],[-104.880519,39.724816],[-104.880418,39.72471],[-104.880395,39.724686],[-104.880361,39.724651],[-104.880281,39.724567],[-104.880249,39.724534],[-104.880684,39.724287],[-104.880715,39.724269],[-104.880932,39.724146],[-104.880979,39.724119],[-104.880997,39.724109],[-104.880998,39.724108],[-104.881237,39.724358],[-104.881678,39.724818],[-104.881563,39.724883]]]]}},{"type":"Feature","properties":{"zone_kind":"school","zone_label":"School land","zone_venue":"Public schools","zone_note":"School grounds. Restrictions here are likely but the hours are not in the city's export — treat as ride-with-care.","source_file":"denver-public_school_land_area_2025_-_2026_export.geojson"},"geometry":{"type":"MultiPolygon","coordinates":[[[[-105.071113,39.660815],[-105.070991,39.661004],[-105.0709,39.661145],[-105.07087,39.661193],[-105.07075,39.661384],[-105.070709,39.66145],[-105.07063,39.661574],[-105.070517,39.661754],[-105.070506,39.661771],[-105.070388,39.66196],[-105.070328,39.662058],[-105.07027,39.662155],[-105.070151,39.662355],[-105.070043,39.662553],[-105.069991,39.662649],[-105.069938,39.662756],[-105.069843,39.662951],[-105.069757,39.663152],[-105.069721,39.663235],[-105.069657,39.663396],[-105.069654,39.663395],[-105.069651,39.663394],[-105.069647,39.663394],[-105.069644,39.663393],[-105.069641,39.663392],[-105.069637,39.663391],[-105.069634,39.66339],[-105.069631,39.663389],[-105.069627,39.663389],[-105.069624,39.663388],[-105.069621,39.663387],[-105.069618,39.663386],[-105.069614,39.663385],[-105.069611,39.663384],[-105.069608,39.663384],[-105.069604,39.663383],[-105.069601,39.663382],[-105.069598,39.663381],[-105.069594,39.66338],[-105.069591,39.663379],[-105.069588,39.663379],[-105.069585,39.663378],[-105.069581,39.663377],[-105.069578,39.663376],[-105.069575,39.663375],[-105.069571,39.663375],[-105.069568,39.663374],[-105.069565,39.663373],[-105.069561,39.663372],[-105.069558,39.663371],[-105.069555,39.663371],[-105.069551,39.66337],[-105.069548,39.663369],[-105.069545,39.663368],[-105.069541,39.663368],[-105.069538,39.663367],[-105.069535,39.663366],[-105.069531,39.663365],[-105.069528,39.663365],[-105.069525,39.663364],[-105.069521,39.663363],[-105.069518,39.663362],[-105.069515,39.663362],[-105.069511,39.663361],[-105.069508,39.66336],[-105.069505,39.663359],[-105.069501,39.663359],[-105.069498,39.663358],[-105.069495,39.663357],[-105.069491,39.663356],[-105.069488,39.663356],[-105.069485,39.663355],[-105.069481,39.663354],[-105.069478,39.663353],[-105.069475,39.663353],[-105.069471,39.663352],[-105.069468,39.663351],[-105.069465,39.663351],[-105.069461,39.66335],[-105.069458,39.663349],[-105.069455,39.663348],[-105.069451,39.663348],[-105.069448,39.663347],[-105.069445,39.663346],[-105.069441,39.663346],[-105.069438,39.663345],[-105.069434,39.663344],[-105.069431,39.663344],[-105.069428,39.663343],[-105.069424,39.663342],[-105.069421,39.663342],[-105.069418,39.663341],[-105.069414,39.66334],[-105.069411,39.66334],[-105.069408,39.663339],[-105.069404,39.663338],[-105.069401,39.663338],[-105.069397,39.663337],[-105.069394,39.663336],[-105.069391,39.663336],[-105.069387,39.663335],[-105.069384,39.663334],[-105.069381,39.663334],[-105.069377,39.663333],[-105.069374,39.663332],[-105.069371,39.663332],[-105.069367,39.663331],[-105.069364,39.66333],[-105.06936,39.66333],[-105.069357,39.663329],[-105.069354,39.663329],[-105.06935,39.663328],[-105.069347,39.663327],[-105.069344,39.663327],[-105.06934,39.663326],[-105.069337,39.663325],[-105.069333,39.663325],[-105.06933,39.663324],[-105.069327,39.663324],[-105.069323,39.663323],[-105.06932,39.663322],[-105.069316,39.663322],[-105.069313,39.663321],[-105.06931,39.663321],[-105.069306,39.66332],[-105.069303,39.663319],[-105.0693,39.663319],[-105.069296,39.663318],[-105.069293,39.663318],[-105.069289,39.663317],[-105.069286,39.663317],[-105.069283,39.663316],[-105.069279,39.663315],[-105.069276,39.663315],[-105.069272,39.663314],[-105.069269,39.663314],[-105.069266,39.663313],[-105.069262,39.663313],[-105.069259,39.663312],[-105.069255,39.663311],[-105.069252,39.663311],[-105.069249,39.66331],[-105.069245,39.66331],[-105.069242,39.663309],[-105.069238,39.663309],[-105.069235,39.663308],[-105.069232,39.663308],[-105.069228,39.663307],[-105.069225,39.663307],[-105.069221,39.663306],[-105.069218,39.663306],[-105.069215,39.663305],[-105.069211,39.663305],[-105.069208,39.663304],[-105.069204,39.663304],[-105.069201,39.663303],[-105.069198,39.663303],[-105.069194,39.663302],[-105.069191,39.663302],[-105.069187,39.663301],[-105.069184,39.663301],[-105.06918,39.6633],[-105.069177,39.6633],[-105.069174,39.663299],[-105.06917,39.663299],[-105.069167,39.663298],[-105.069163,39.663298],[-105.06916,39.663297],[-105.069157,39.663297],[-105.069153,39.663296],[-105.06915,39.663296],[-105.069146,39.663295],[-105.069143,39.663295],[-105.069139,39.663294],[-105.069136,39.663294],[-105.069133,39.663293],[-105.069129,39.663293],[-105.069126,39.663293],[-105.069122,39.663292],[-105.069119,39.663292],[-105.069116,39.663291],[-105.069112,39.663291],[-105.069109,39.66329],[-105.069105,39.66329],[-105.069102,39.663289],[-105.069098,39.663289],[-105.069095,39.663289],[-105.069092,39.663288],[-105.069088,39.663288],[-105.069085,39.663287],[-105.069081,39.663287],[-105.069078,39.663287],[-105.069074,39.663286],[-105.069071,39.663286],[-105.069068,39.663285],[-105.069064,39.663285],[-105.069061,39.663285],[-105.069057,39.663284],[-105.069054,39.663284],[-105.06905,39.663283],[-105.069047,39.663283],[-105.069043,39.663283],[-105.06904,39.663282],[-105.069037,39.663282],[-105.069033,39.663281],[-105.06903,39.663281],[-105.069026,39.663281],[-105.069023,39.66328],[-105.069019,39.66328],[-105.069016,39.66328],[-105.069013,39.663279],[-105.069009,39.663279],[-105.069006,39.663279],[-105.069002,39.663278],[-105.068999,39.663278],[-105.068995,39.663277],[-105.068992,39.663277],[-105.068988,39.663277],[-105.068985,39.663276],[-105.068982,39.663276],[-105.068978,39.663276],[-105.068975,39.663275],[-105.068971,39.663275],[-105.068968,39.663275],[-105.068964,39.663274],[-105.068961,39.663274],[-105.068957,39.663274],[-105.068954,39.663273],[-105.068951,39.663273],[-105.068947,39.663273],[-105.068944,39.663273],[-105.06894,39.663272],[-105.068937,39.663272],[-105.068933,39.663272],[-105.06893,39.663271],[-105.068926,39.663271],[-105.068923,39.663271],[-105.068919,39.66327],[-105.068916,39.66327],[-105.068913,39.66327],[-105.068909,39.66327],[-105.068906,39.663269],[-105.068902,39.663269],[-105.068899,39.663269],[-105.068895,39.663269],[-105.068892,39.663268],[-105.068888,39.663268],[-105.068885,39.663268],[-105.068881,39.663267],[-105.068878,39.663267],[-105.068875,39.663267],[-105.068871,39.663267],[-105.068868,39.663266],[-105.068864,39.663266],[-105.068861,39.663266],[-105.068857,39.663266],[-105.068854,39.663266],[-105.06885,39.663265],[-105.068847,39.663265],[-105.068843,39.663265],[-105.06884,39.663265],[-105.068837,39.663264],[-105.068833,39.663264],[-105.06883,39.663264],[-105.068826,39.663264],[-105.068823,39.663263],[-105.068819,39.663263],[-105.068816,39.663263],[-105.068812,39.663263],[-105.068809,39.663263],[-105.068805,39.663262],[-105.068802,39.663262],[-105.068798,39.663262],[-105.068795,39.663262],[-105.068792,39.663262],[-105.068788,39.663262],[-105.068785,39.663261],[-105.068781,39.663261],[-105.068778,39.663261],[-105.068774,39.663261],[-105.068771,39.663261],[-105.068767,39.66326],[-105.068764,39.66326],[-105.06876,39.66326],[-105.068757,39.66326],[-105.068753,39.66326],[-105.06875,39.66326],[-105.068746,39.663259],[-105.068743,39.663259],[-105.06874,39.663259],[-105.068736,39.663259],[-105.068733,39.663259],[-105.068729,39.663259],[-105.068726,39.663259],[-105.068722,39.663258],[-105.068719,39.663258],[-105.068715,39.663258],[-105.068712,39.663258],[-105.068708,39.663258],[-105.068705,39.663258],[-105.068701,39.663258],[-105.068698,39.663258],[-105.068694,39.663257],[-105.068691,39.663257],[-105.068688,39.663257],[-105.068684,39.663257],[-105.068681,39.663257],[-105.068677,39.663257],[-105.068674,39.663257],[-105.06867,39.663257],[-105.068667,39.663257],[-105.068663,39.663257],[-105.06866,39.663256],[-105.068656,39.663256],[-105.068653,39.663256],[-105.068649,39.663256],[-105.068646,39.663256],[-105.068642,39.663256],[-105.068639,39.663256],[-105.068635,39.663256],[-105.068632,39.663256],[-105.068629,39.663256],[-105.068625,39.663256],[-105.068622,39.663256],[-105.068618,39.663256],[-105.068615,39.663256],[-105.068611,39.663256],[-105.068608,39.663256],[-105.068604,39.663255],[-105.068601,39.663255],[-105.068597,39.663255],[-105.068594,39.663255],[-105.06859,39.663255],[-105.068587,39.663255],[-105.068583,39.663255],[-105.06858,39.663255],[-105.068576,39.663255],[-105.068573,39.663255],[-105.06857,39.663255],[-105.068566,39.663255],[-105.068563,39.663255],[-105.068559,39.663255],[-105.068556,39.663255],[-105.068552,39.663255],[-105.068549,39.663255],[-105.068545,39.663255],[-105.068542,39.663255],[-105.068538,39.663255],[-105.068535,39.663255],[-105.068531,39.663255],[-105.068528,39.663255],[-105.068524,39.663255],[-105.068521,39.663255],[-105.068517,39.663255],[-105.068514,39.663255],[-105.068511,39.663255],[-105.067428,39.663256],[-105.067418,39.66055],[-105.067411,39.659878],[-105.068659,39.659864],[-105.068662,39.659864],[-105.068666,39.659864],[-105.068669,39.659864],[-105.068673,39.659864],[-105.068676,39.659864],[-105.06868,39.659864],[-105.068683,39.659863],[-105.068687,39.659863],[-105.06869,39.659863],[-105.068694,39.659863],[-105.068697,39.659863],[-105.068701,39.659863],[-105.068704,39.659863],[-105.068708,39.659863],[-105.068711,39.659863],[-105.068715,39.659863],[-105.068718,39.659863],[-105.068722,39.659863],[-105.068725,39.659863],[-105.068729,39.659863],[-105.068732,39.659863],[-105.068736,39.659863],[-105.068739,39.659863],[-105.068742,39.659863],[-105.068746,39.659863],[-105.068749,39.659863],[-105.068753,39.659863],[-105.068756,39.659863],[-105.06876,39.659863],[-105.068763,39.659863],[-105.068767,39.659863],[-105.06877,39.659863],[-105.068774,39.659863],[-105.068777,39.659863],[-105.068781,39.659864],[-105.068784,39.659864],[-105.068788,39.659864],[-105.068791,39.659864],[-105.068795,39.659864],[-105.068798,39.659864],[-105.068802,39.659864],[-105.068805,39.659864],[-105.068809,39.659864],[-105.068812,39.659864],[-105.068816,39.659864],[-105.068819,39.659864],[-105.068823,39.659864],[-105.068826,39.659864],[-105.06883,39.659865],[-105.068833,39.659865],[-105.068837,39.659865],[-105.06884,39.659865],[-105.068844,39.659865],[-105.068847,39.659865],[-105.068851,39.659865],[-105.068854,39.659865],[-105.068858,39.659865],[-105.068861,39.659866],[-105.068865,39.659866],[-105.068868,39.659866],[-105.068872,39.659866],[-105.068875,39.659866],[-105.068879,39.659866],[-105.068882,39.659866],[-105.068885,39.659867],[-105.068889,39.659867],[-105.068892,39.659867],[-105.068896,39.659867],[-105.068899,39.659867],[-105.068903,39.659867],[-105.068906,39.659868],[-105.06891,39.659868],[-105.068913,39.659868],[-105.068917,39.659868],[-105.06892,39.659868],[-105.068924,39.659868],[-105.068927,39.659869],[-105.068931,39.659869],[-105.068934,39.659869],[-105.068938,39.659869],[-105.068941,39.659869],[-105.068945,39.65987],[-105.068948,39.65987],[-105.068952,39.65987],[-105.068955,39.65987],[-105.068959,39.659871],[-105.068962,39.659871],[-105.068966,39.659871],[-105.068969,39.659871],[-105.068972,39.659871],[-105.068976,39.659872],[-105.068979,39.659872],[-105.068983,39.659872],[-105.068986,39.659872],[-105.06899,39.659873],[-105.068993,39.659873],[-105.068997,39.659873],[-105.069,39.659873],[-105.069004,39.659874],[-105.069007,39.659874],[-105.069011,39.659874],[-105.069014,39.659875],[-105.069018,39.659875],[-105.069021,39.659875],[-105.069025,39.659875],[-105.069028,39.659876],[-105.069032,39.659876],[-105.069035,39.659876],[-105.069038,39.659877],[-105.069042,39.659877],[-105.069045,39.659877],[-105.069049,39.659878],[-105.069052,39.659878],[-105.069056,39.659878],[-105.069059,39.659879],[-105.069063,39.659879],[-105.069066,39.659879],[-105.06907,39.659879],[-105.069073,39.65988],[-105.069077,39.65988],[-105.06908,39.659881],[-105.069083,39.659881],[-105.069087,39.659881],[-105.06909,39.659882],[-105.069094,39.659882],[-105.069097,39.659882],[-105.069101,39.659883],[-105.069104,39.659883],[-105.069108,39.659883],[-105.069111,39.659884],[-105.069115,39.659884],[-105.069118,39.659885],[-105.069122,39.659885],[-105.069125,39.659885],[-105.069128,39.659886],[-105.069132,39.659886],[-105.069135,39.659886],[-105.069139,39.659887],[-105.069142,39.659887],[-105.069146,39.659888],[-105.069149,39.659888],[-105.069153,39.659889],[-105.069156,39.659889],[-105.069159,39.659889],[-105.069163,39.65989],[-105.069166,39.65989],[-105.06917,39.659891],[-105.069173,39.659891],[-105.069177,39.659892],[-105.06918,39.659892],[-105.069184,39.659892],[-105.069187,39.659893],[-105.06919,39.659893],[-105.069194,39.659894],[-105.069197,39.659894],[-105.069201,39.659895],[-105.069204,39.659895],[-105.069208,39.659896],[-105.069211,39.659896],[-105.069214,39.659897],[-105.069218,39.659897],[-105.069221,39.659898],[-105.069225,39.659898],[-105.069228,39.659899],[-105.069232,39.659899],[-105.069235,39.6599],[-105.069239,39.6599],[-105.069242,39.659901],[-105.069245,39.659901],[-105.069249,39.659902],[-105.069252,39.659902],[-105.069256,39.659903],[-105.069259,39.659903],[-105.069262,39.659904],[-105.069266,39.659904],[-105.069269,39.659905],[-105.069273,39.659905],[-105.069276,39.659906],[-105.06928,39.659906],[-105.069283,39.659907],[-105.069286,39.659907],[-105.06929,39.659908],[-105.069293,39.659909],[-105.069297,39.659909],[-105.0693,39.65991],[-105.069304,39.65991],[-105.069307,39.659911],[-105.06931,39.659911],[-105.069314,39.659912],[-105.069317,39.659913],[-105.069321,39.659913],[-105.069324,39.659914],[-105.069327,39.659914],[-105.069331,39.659915],[-105.069334,39.659915],[-105.069338,39.659916],[-105.069341,39.659917],[-105.069344,39.659917],[-105.069348,39.659918],[-105.069351,39.659918],[-105.069355,39.659919],[-105.069358,39.65992],[-105.069361,39.65992],[-105.069365,39.659921],[-105.069368,39.659922],[-105.069372,39.659922],[-105.069375,39.659923],[-105.069378,39.659924],[-105.069382,39.659924],[-105.069385,39.659925],[-105.069388,39.659925],[-105.069392,39.659926],[-105.069395,39.659927],[-105.069399,39.659927],[-105.069402,39.659928],[-105.069405,39.659929],[-105.069409,39.659929],[-105.069412,39.65993],[-105.069416,39.659931],[-105.069419,39.659931],[-105.069422,39.659932],[-105.069426,39.659933],[-105.069429,39.659934],[-105.069432,39.659934],[-105.069436,39.659935],[-105.069439,39.659936],[-105.069443,39.659936],[-105.069446,39.659937],[-105.069449,39.659938],[-105.069453,39.659938],[-105.069456,39.659939],[-105.069459,39.65994],[-105.069463,39.659941],[-105.069466,39.659941],[-105.069469,39.659942],[-105.069473,39.659943],[-105.069476,39.659944],[-105.069479,39.659944],[-105.069483,39.659945],[-105.069486,39.659946],[-105.06949,39.659947],[-105.069493,39.659947],[-105.069496,39.659948],[-105.0695,39.659949],[-105.069503,39.65995],[-105.069506,39.65995],[-105.06951,39.659951],[-105.069513,39.659952],[-105.069516,39.659953],[-105.06952,39.659953],[-105.069523,39.659954],[-105.069526,39.659955],[-105.06953,39.659956],[-105.069533,39.659957],[-105.069536,39.659957],[-105.06954,39.659958],[-105.069543,39.659959],[-105.069546,39.65996],[-105.06955,39.659961],[-105.069553,39.659961],[-105.069556,39.659962],[-105.06956,39.659963],[-105.069563,39.659964],[-105.069566,39.659965],[-105.06957,39.659966],[-105.069573,39.659966],[-105.069576,39.659967],[-105.06958,39.659968],[-105.069583,39.659969],[-105.069586,39.65997],[-105.06959,39.659971],[-105.069593,39.659971],[-105.069596,39.659972],[-105.069599,39.659973],[-105.069603,39.659974],[-105.069606,39.659975],[-105.069609,39.659976],[-105.069613,39.659977],[-105.069616,39.659977],[-105.069619,39.659978],[-105.069623,39.659979],[-105.069626,39.65998],[-105.069629,39.659981],[-105.069632,39.659982],[-105.069636,39.659983],[-105.069639,39.659984],[-105.069642,39.659985],[-105.069646,39.659986],[-105.069649,39.659986],[-105.069652,39.659987],[-105.069655,39.659988],[-105.069659,39.659989],[-105.069662,39.65999],[-105.069665,39.659991],[-105.069669,39.659992],[-105.069672,39.659993],[-105.069675,39.659994],[-105.069678,39.659995],[-105.069682,39.659996],[-105.069685,39.659997],[-105.069688,39.659998],[-105.069691,39.659999],[-105.069695,39.659999],[-105.069698,39.66],[-105.069701,39.660001],[-105.069704,39.660002],[-105.069708,39.660003],[-105.069711,39.660004],[-105.069714,39.660005],[-105.069718,39.660006],[-105.069721,39.660007],[-105.069724,39.660008],[-105.069727,39.660009],[-105.069731,39.66001],[-105.069734,39.660011],[-105.069737,39.660012],[-105.06974,39.660013],[-105.069743,39.660014],[-105.069747,39.660015],[-105.06975,39.660016],[-105.069753,39.660017],[-105.069756,39.660018],[-105.06976,39.660019],[-105.069763,39.66002],[-105.069766,39.660021],[-105.069769,39.660022],[-105.069773,39.660023],[-105.069776,39.660024],[-105.069779,39.660025],[-105.069782,39.660026],[-105.069785,39.660027],[-105.069789,39.660029],[-105.069792,39.66003],[-105.069795,39.660031],[-105.069798,39.660032],[-105.069802,39.660033],[-105.069805,39.660034],[-105.069808,39.660035],[-105.069811,39.660036],[-105.069814,39.660037],[-105.069818,39.660038],[-105.069821,39.660039],[-105.069824,39.66004],[-105.069827,39.660041],[-105.06983,39.660042],[-105.069833,39.660044],[-105.069837,39.660045],[-105.06984,39.660046],[-105.069843,39.660047],[-105.069846,39.660048],[-105.069849,39.660049],[-105.069853,39.66005],[-105.069856,39.660051],[-105.069859,39.660052],[-105.069862,39.660053],[-105.069865,39.660055],[-105.069868,39.660056],[-105.069872,39.660057],[-105.069875,39.660058],[-105.069878,39.660059],[-105.069881,39.66006],[-105.069884,39.660061],[-105.069887,39.660063],[-105.069891,39.660064],[-105.069894,39.660065],[-105.069897,39.660066],[-105.0699,39.660067],[-105.069903,39.660068],[-105.069906,39.66007],[-105.06991,39.660071],[-105.069913,39.660072],[-105.069916,39.660073],[-105.069919,39.660074],[-105.069922,39.660075],[-105.069925,39.660077],[-105.069928,39.660078],[-105.069931,39.660079],[-105.069935,39.66008],[-105.069938,39.660081],[-105.069941,39.660083],[-105.069944,39.660084],[-105.071033,39.660524],[-105.071071,39.660536],[-105.071253,39.660596],[-105.071113,39.660815]]],[[[-105.065579,39.616872],[-105.065579,39.616873],[-105.065579,39.616874],[-105.065579,39.616874],[-105.065579,39.616875],[-105.065579,39.616876],[-105.065579,39.616877],[-105.065579,39.616877],[-105.065579,39.616878],[-105.065578,39.616879],[-105.065578,39.616879],[-105.065578,39.61688],[-105.065578,39.616881],[-105.065578,39.616882],[-105.065577,39.616882],[-105.065577,39.616883],[-105.065577,39.616884],[-105.065577,39.616884],[-105.065576,39.616885],[-105.065576,39.616886],[-105.065576,39.616886],[-105.065575,39.616887],[-105.065575,39.616888],[-105.065575,39.616888],[-105.065574,39.616889],[-105.065574,39.61689],[-105.065573,39.61689],[-105.065573,39.616891],[-105.065572,39.616892],[-105.065572,39.616892],[-105.065487,39.617004],[-105.06533,39.617262],[-105.065245,39.617375],[-105.06522,39.617409],[-105.065196,39.617443],[-105.065173,39.617478],[-105.06515,39.617513],[-105.065128,39.617548],[-105.065107,39.617583],[-105.065087,39.617619],[-105.065067,39.617655],[-105.065049,39.617691],[-105.065031,39.617727],[-105.065014,39.617764],[-105.064998,39.617801],[-105.064982,39.617838],[-105.064968,39.617876],[-105.064954,39.617913],[-105.064941,39.617951],[-105.064929,39.617989],[-105.064918,39.618027],[-105.064908,39.618065],[-105.064899,39.618103],[-105.06489,39.618142],[-105.064889,39.618148],[-105.064887,39.618157],[-105.064882,39.61818],[-105.064876,39.618217],[-105.064873,39.618237],[-105.063289,39.618092],[-105.063405,39.617075],[-105.063633,39.615063],[-105.063671,39.615087],[-105.063704,39.615109],[-105.063736,39.615132],[-105.063768,39.615155],[-105.0638,39.615179],[-105.063831,39.615203],[-105.063861,39.615228],[-105.063891,39.615253],[-105.063921,39.615278],[-105.063949,39.615304],[-105.063978,39.61533],[-105.064005,39.615356],[-105.064032,39.615383],[-105.064059,39.61541],[-105.064084,39.615438],[-105.06411,39.615466],[-105.064821,39.61627],[-105.064849,39.616301],[-105.064878,39.616332],[-105.064907,39.616362],[-105.064937,39.616392],[-105.064968,39.616421],[-105.064999,39.61645],[-105.065031,39.616479],[-105.065064,39.616507],[-105.065097,39.616535],[-105.065131,39.616562],[-105.065165,39.616589],[-105.065201,39.616615],[-105.065236,39.616641],[-105.065273,39.616666],[-105.065309,39.616691],[-105.065347,39.616716],[-105.065385,39.61674],[-105.065423,39.616763],[-105.065462,39.616786],[-105.065502,39.616808],[-105.065556,39.616838],[-105.065557,39.616838],[-105.065558,39.616839],[-105.065559,39.616839],[-105.06556,39.61684],[-105.06556,39.61684],[-105.065561,39.61684],[-105.065562,39.616841],[-105.065562,39.616841],[-105.065563,39.616842],[-105.065564,39.616842],[-105.065564,39.616843],[-105.065565,39.616843],[-105.065566,39.616844],[-105.065566,39.616845],[-105.065567,39.616845],[-105.065567,39.616846],[-105.065568,39.616846],[-105.065569,39.616847],[-105.065569,39.616847],[-105.06557,39.616848],[-105.06557,39.616849],[-105.065571,39.616849],[-105.065571,39.61685],[-105.065572,39.61685],[-105.065572,39.616851],[-105.065573,39.616852],[-105.065573,39.616852],[-105.065573,39.616853],[-105.065574,39.616854],[-105.065574,39.616854],[-105.065575,39.616855],[-105.065575,39.616855],[-105.065575,39.616856],[-105.065576,39.616857],[-105.065576,39.616858],[-105.065576,39.616858],[-105.065577,39.616859],[-105.065577,39.61686],[-105.065577,39.61686],[-105.065577,39.616861],[-105.065578,39.616862],[-105.065578,39.616862],[-105.065578,39.616863],[-105.065578,39.616864],[-105.065578,39.616864],[-105.065579,39.616865],[-105.065579,39.616866],[-105.065579,39.616867],[-105.065579,39.616867],[-105.065579,39.616868],[-105.065579,39.616869],[-105.065579,39.616869],[-105.065579,39.61687],[-105.065579,39.616871],[-105.065579,39.616872],[-105.065579,39.616872]]],[[[-105.062816,39.661386],[-105.061746,39.661304],[-105.06163,39.661295],[-105.061639,39.660925],[-105.060258,39.660926],[-105.059543,39.660926],[-105.059552,39.66161],[-105.057711,39.661607],[-105.057706,39.660908],[-105.057707,39.660496],[-105.057706,39.660442],[-105.05771,39.660104],[-105.057707,39.660007],[-105.057722,39.659847],[-105.057732,39.659757],[-105.057748,39.659692],[-105.057763,39.659637],[-105.057779,39.659583],[-105.057796,39.659529],[-105.057809,39.659493],[-105.057821,39.659462],[-105.057833,39.659432],[-105.057847,39.659402],[-105.05786,39.659372],[-105.057875,39.659343],[-105.05789,39.659313],[-105.057906,39.659284],[-105.05791,39.659276],[-105.057914,39.659269],[-105.057917,39.659262],[-105.057921,39.659255],[-105.057924,39.659247],[-105.057927,39.65924],[-105.05793,39.659233],[-105.057996,39.659101],[-105.058398,39.65922],[-105.058853,39.659356],[-105.058862,39.659359],[-105.058868,39.65936],[-105.058874,39.659362],[-105.05888,39.659364],[-105.058886,39.659366],[-105.058892,39.659368],[-105.058898,39.65937],[-105.058904,39.659373],[-105.05891,39.659375],[-105.058915,39.659377],[-105.058921,39.65938],[-105.058927,39.659382],[-105.058932,39.659385],[-105.05946,39.65964],[-105.059556,39.659683],[-105.059807,39.659806],[-105.060069,39.659929],[-105.060247,39.660017],[-105.060251,39.660019],[-105.060256,39.660021],[-105.060259,39.660023],[-105.060262,39.660024],[-105.060265,39.660026],[-105.060268,39.660027],[-105.060271,39.660029],[-105.060274,39.66003],[-105.060277,39.660031],[-105.06028,39.660033],[-105.060283,39.660034],[-105.060286,39.660036],[-105.060289,39.660037],[-105.060292,39.660039],[-105.060295,39.66004],[-105.060298,39.660041],[-105.060301,39.660043],[-105.060304,39.660044],[-105.060307,39.660046],[-105.06031,39.660047],[-105.060313,39.660048],[-105.060316,39.66005],[-105.060319,39.660051],[-105.060322,39.660053],[-105.060325,39.660054],[-105.060328,39.660055],[-105.060331,39.660057],[-105.060334,39.660058],[-105.060337,39.66006],[-105.06034,39.660061],[-105.060343,39.660062],[-105.060346,39.660064],[-105.060349,39.660065],[-105.060353,39.660066],[-105.060356,39.660068],[-105.060359,39.660069],[-105.060362,39.66007],[-105.060365,39.660072],[-105.060368,39.660073],[-105.060371,39.660074],[-105.060374,39.660076],[-105.060377,39.660077],[-105.06038,39.660078],[-105.060383,39.66008],[-105.060386,39.660081],[-105.060389,39.660082],[-105.060393,39.660084],[-105.060396,39.660085],[-105.060399,39.660086],[-105.060402,39.660088],[-105.060405,39.660089],[-105.060408,39.66009],[-105.060411,39.660092],[-105.060414,39.660093],[-105.060417,39.660094],[-105.060421,39.660095],[-105.060424,39.660097],[-105.060427,39.660098],[-105.06043,39.660099],[-105.060433,39.660101],[-105.060436,39.660102],[-105.060439,39.660103],[-105.060442,39.660104],[-105.060446,39.660106],[-105.060449,39.660107],[-105.060452,39.660108],[-105.060455,39.660109],[-105.060458,39.660111],[-105.060461,39.660112],[-105.060464,39.660113],[-105.060468,39.660114],[-105.060471,39.660116],[-105.060474,39.660117],[-105.060477,39.660118],[-105.06048,39.660119],[-105.060483,39.660121],[-105.060486,39.660122],[-105.06049,39.660123],[-105.060493,39.660124],[-105.060496,39.660125],[-105.060499,39.660127],[-105.060502,39.660128],[-105.060505,39.660129],[-105.060509,39.66013],[-105.060512,39.660131],[-105.060515,39.660133],[-105.060518,39.660134],[-105.060521,39.660135],[-105.060525,39.660136],[-105.060528,39.660137],[-105.060531,39.660138],[-105.060534,39.66014],[-105.060537,39.660141],[-105.060541,39.660142],[-105.060544,39.660143],[-105.060547,39.660144],[-105.06055,39.660145],[-105.060553,39.660147],[-105.060557,39.660148],[-105.06056,39.660149],[-105.060563,39.66015],[-105.060566,39.660151],[-105.060569,39.660152],[-105.060573,39.660153],[-105.060576,39.660155],[-105.060579,39.660156],[-105.060582,39.660157],[-105.060585,39.660158],[-105.060589,39.660159],[-105.060592,39.66016],[-105.060595,39.660161],[-105.060598,39.660162],[-105.060602,39.660163],[-105.060605,39.660165],[-105.060608,39.660166],[-105.060611,39.660167],[-105.060615,39.660168],[-105.060618,39.660169],[-105.060621,39.66017],[-105.060624,39.660171],[-105.060628,39.660172],[-105.060631,39.660173],[-105.060634,39.660174],[-105.060637,39.660175],[-105.060641,39.660176],[-105.060644,39.660177],[-105.060647,39.660179],[-105.06065,39.66018],[-105.060654,39.660181],[-105.060657,39.660182],[-105.06066,39.660183],[-105.060663,39.660184],[-105.060667,39.660185],[-105.06067,39.660186],[-105.060673,39.660187],[-105.060677,39.660188],[-105.06068,39.660189],[-105.060683,39.66019],[-105.060686,39.660191],[-105.06069,39.660192],[-105.060693,39.660193],[-105.060696,39.660194],[-105.0607,39.660195],[-105.060703,39.660196],[-105.060706,39.660197],[-105.060709,39.660198],[-105.060713,39.660199],[-105.060716,39.6602],[-105.060719,39.660201],[-105.060723,39.660202],[-105.060726,39.660203],[-105.060729,39.660204],[-105.060733,39.660205],[-105.060736,39.660206],[-105.060739,39.660207],[-105.060742,39.660208],[-105.060746,39.660209],[-105.060749,39.660209],[-105.060752,39.66021],[-105.060756,39.660211],[-105.060759,39.660212],[-105.060762,39.660213],[-105.060766,39.660214],[-105.060769,39.660215],[-105.060772,39.660216],[-105.060776,39.660217],[-105.060779,39.660218],[-105.060782,39.660219],[-105.060786,39.66022],[-105.060789,39.660221],[-105.060792,39.660221],[-105.060796,39.660222],[-105.060799,39.660223],[-105.060802,39.660224],[-105.060806,39.660225],[-105.060809,39.660226],[-105.060812,39.660227],[-105.060816,39.660228],[-105.060819,39.660229],[-105.060822,39.660229],[-105.060826,39.66023],[-105.060829,39.660231],[-105.060832,39.660232],[-105.060836,39.660233],[-105.060839,39.660234],[-105.060843,39.660235],[-105.060846,39.660235],[-105.060849,39.660236],[-105.060853,39.660237],[-105.060856,39.660238],[-105.060859,39.660239],[-105.060863,39.66024],[-105.060866,39.66024],[-105.060869,39.660241],[-105.060873,39.660242],[-105.060876,39.660243],[-105.06088,39.660244],[-105.060883,39.660244],[-105.060886,39.660245],[-105.06089,39.660246],[-105.060893,39.660247],[-105.060896,39.660248],[-105.0609,39.660248],[-105.060903,39.660249],[-105.060907,39.66025],[-105.06091,39.660251],[-105.060913,39.660252],[-105.060917,39.660252],[-105.06092,39.660253],[-105.060924,39.660254],[-105.060927,39.660255],[-105.06093,39.660255],[-105.060934,39.660256],[-105.060937,39.660257],[-105.060941,39.660258],[-105.060944,39.660258],[-105.060947,39.660259],[-105.060951,39.66026],[-105.060954,39.660261],[-105.060958,39.660261],[-105.060961,39.660262],[-105.060964,39.660263],[-105.060968,39.660264],[-105.060971,39.660264],[-105.060975,39.660265],[-105.060978,39.660266],[-105.060981,39.660266],[-105.060985,39.660267],[-105.060988,39.660268],[-105.060992,39.660268],[-105.060995,39.660269],[-105.060999,39.66027],[-105.061002,39.660271],[-105.061005,39.660271],[-105.061009,39.660272],[-105.061012,39.660273],[-105.061016,39.660273],[-105.061019,39.660274],[-105.061022,39.660275],[-105.061026,39.660275],[-105.061029,39.660276],[-105.061033,39.660277],[-105.061036,39.660277],[-105.06104,39.660278],[-105.061043,39.660278],[-105.061047,39.660279],[-105.06105,39.66028],[-105.061053,39.66028],[-105.061057,39.660281],[-105.06106,39.660282],[-105.061064,39.660282],[-105.061067,39.660283],[-105.061071,39.660283],[-105.061074,39.660284],[-105.061077,39.660285],[-105.061081,39.660285],[-105.061084,39.660286],[-105.061088,39.660286],[-105.061091,39.660287],[-105.061095,39.660288],[-105.061098,39.660288],[-105.061102,39.660289],[-105.061105,39.660289],[-105.061109,39.66029],[-105.061112,39.660291],[-105.061115,39.660291],[-105.061119,39.660292],[-105.061122,39.660292],[-105.061126,39.660293],[-105.061129,39.660293],[-105.061133,39.660294],[-105.061136,39.660294],[-105.06114,39.660295],[-105.061143,39.660296],[-105.061147,39.660296],[-105.06115,39.660297],[-105.061154,39.660297],[-105.061157,39.660298],[-105.06116,39.660298],[-105.061164,39.660299],[-105.061167,39.660299],[-105.061171,39.6603],[-105.061174,39.6603],[-105.061178,39.660301],[-105.061181,39.660301],[-105.061185,39.660302],[-105.061188,39.660302],[-105.061192,39.660303],[-105.061195,39.660303],[-105.061199,39.660304],[-105.061202,39.660304],[-105.061206,39.660305],[-105.061209,39.660305],[-105.061213,39.660305],[-105.061216,39.660306],[-105.06122,39.660306],[-105.061223,39.660307],[-105.061227,39.660307],[-105.06123,39.660308],[-105.061234,39.660308],[-105.061237,39.660309],[-105.061241,39.660309],[-105.061244,39.66031],[-105.061248,39.66031],[-105.061251,39.66031],[-105.061254,39.660311],[-105.061258,39.660311],[-105.061261,39.660312],[-105.061265,39.660312],[-105.061268,39.660312],[-105.061272,39.660313],[-105.061275,39.660313],[-105.061279,39.660314],[-105.061282,39.660314],[-105.061286,39.660314],[-105.061289,39.660315],[-105.061293,39.660315],[-105.061296,39.660316],[-105.0613,39.660316],[-105.061303,39.660316],[-105.061307,39.660317],[-105.06131,39.660317],[-105.061314,39.660317],[-105.061317,39.660318],[-105.061321,39.660318],[-105.061324,39.660318],[-105.061328,39.660319],[-105.061331,39.660319],[-105.061335,39.660319],[-105.061338,39.66032],[-105.061342,39.66032],[-105.061346,39.66032],[-105.061349,39.660321],[-105.061353,39.660321],[-105.061356,39.660321],[-105.06136,39.660322],[-105.061363,39.660322],[-105.061367,39.660322],[-105.06137,39.660323],[-105.061374,39.660323],[-105.061377,39.660323],[-105.061381,39.660324],[-105.061384,39.660324],[-105.061388,39.660324],[-105.061391,39.660324],[-105.061395,39.660325],[-105.061398,39.660325],[-105.061402,39.660325],[-105.061405,39.660325],[-105.061409,39.660326],[-105.061412,39.660326],[-105.061416,39.660326],[-105.061419,39.660326],[-105.061423,39.660327],[-105.061426,39.660327],[-105.06143,39.660327],[-105.061433,39.660327],[-105.061437,39.660328],[-105.06144,39.660328],[-105.061444,39.660328],[-105.061447,39.660328],[-105.061451,39.660329],[-105.061455,39.660329],[-105.061458,39.660329],[-105.061462,39.660329],[-105.061465,39.660329],[-105.061469,39.66033],[-105.061472,39.66033],[-105.061476,39.66033],[-105.061479,39.66033],[-105.061483,39.66033],[-105.061486,39.660331],[-105.06149,39.660331],[-105.061493,39.660331],[-105.061497,39.660331],[-105.0615,39.660331],[-105.061504,39.660331],[-105.061507,39.660332],[-105.061511,39.660332],[-105.061514,39.660332],[-105.061518,39.660332],[-105.061522,39.660332],[-105.061525,39.660332],[-105.061529,39.660332],[-105.061532,39.660333],[-105.061536,39.660333],[-105.061539,39.660333],[-105.061543,39.660333],[-105.061546,39.660333],[-105.06155,39.660333],[-105.061553,39.660333],[-105.061557,39.660333],[-105.06156,39.660333],[-105.061564,39.660334],[-105.061567,39.660334],[-105.061571,39.660334],[-105.061574,39.660334],[-105.061578,39.660334],[-105.061582,39.660334],[-105.061585,39.660334],[-105.061589,39.660334],[-105.061592,39.660334],[-105.061596,39.660334],[-105.061599,39.660334],[-105.061603,39.660334],[-105.061606,39.660334],[-105.06161,39.660335],[-105.061613,39.660335],[-105.061617,39.660335],[-105.06162,39.660335],[-105.061624,39.660335],[-105.061627,39.660335],[-105.061631,39.660335],[-105.061635,39.660335],[-105.061638,39.660335],[-105.061642,39.660335],[-105.061645,39.660335],[-105.061649,39.660335],[-105.061652,39.660335],[-105.061656,39.660335],[-105.061659,39.660335],[-105.061663,39.660335],[-105.061666,39.660335],[-105.06167,39.660335],[-105.061673,39.660335],[-105.061677,39.660335],[-105.06168,39.660335],[-105.061684,39.660335],[-105.061688,39.660335],[-105.061691,39.660335],[-105.061695,39.660335],[-105.061698,39.660335],[-105.061702,39.660335],[-105.061705,39.660335],[-105.061709,39.660334],[-105.061712,39.660334],[-105.061716,39.660334],[-105.061719,39.660334],[-105.061723,39.660334],[-105.061726,39.660334],[-105.06173,39.660334],[-105.061733,39.660334],[-105.061737,39.660334],[-105.061741,39.660334],[-105.061744,39.660334],[-105.061748,39.660334],[-105.061751,39.660334],[-105.061755,39.660333],[-105.061758,39.660333],[-105.061762,39.660333],[-105.061765,39.660333],[-105.061769,39.660333],[-105.061772,39.660333],[-105.061776,39.660333],[-105.061779,39.660333],[-105.061783,39.660333],[-105.061786,39.660332],[-105.06179,39.660332],[-105.061793,39.660332],[-105.061797,39.660332],[-105.061801,39.660332],[-105.061804,39.660332],[-105.061808,39.660332],[-105.061811,39.660331],[-105.061815,39.660331],[-105.061818,39.660331],[-105.061822,39.660331],[-105.061825,39.660331],[-105.061829,39.660331],[-105.062823,39.66033],[-105.062816,39.661386]]],[[[-105.057083,39.679076],[-105.055974,39.679075],[-105.055973,39.678706],[-105.056716,39.678707],[-105.057142,39.678707],[-105.057142,39.679037],[-105.057083,39.679076]]],[[[-105.052395,39.683399],[-105.052361,39.683408],[-105.052031,39.683502],[-105.051824,39.683562],[-105.051451,39.683669],[-105.051102,39.683769],[-105.0511,39.683766],[-105.051084,39.683739],[-105.051075,39.683723],[-105.051067,39.683708],[-105.051059,39.683692],[-105.051052,39.683676],[-105.051045,39.68366],[-105.051038,39.683644],[-105.051031,39.683628],[-105.051025,39.683612],[-105.05102,39.683596],[-105.051014,39.68358],[-105.051013,39.683575],[-105.051009,39.683564],[-105.051005,39.683547],[-105.051001,39.683531],[-105.050997,39.683514],[-105.050993,39.683498],[-105.05099,39.683481],[-105.050987,39.683464],[-105.050985,39.683448],[-105.050983,39.683431],[-105.050982,39.683414],[-105.05098,39.683398],[-105.050979,39.683381],[-105.050979,39.683378],[-105.050979,39.683364],[-105.050979,39.683347],[-105.05098,39.683192],[-105.050981,39.683029],[-105.050982,39.682868],[-105.050983,39.682702],[-105.050984,39.682537],[-105.050985,39.682365],[-105.05137,39.682367],[-105.05175,39.68237],[-105.051964,39.682371],[-105.052345,39.682373],[-105.052345,39.682376],[-105.052346,39.682564],[-105.052347,39.68273],[-105.052348,39.682891],[-105.052349,39.683058],[-105.052351,39.68324],[-105.052427,39.68339],[-105.052395,39.683399]]],[[[-105.048372,39.722108],[-105.048286,39.722107],[-105.048192,39.722106],[-105.048105,39.722105],[-105.048017,39.722105],[-105.04793,39.722104],[-105.047841,39.722103],[-105.047751,39.722102],[-105.04766,39.722101],[-105.047572,39.722101],[-105.047484,39.7221],[-105.047397,39.722099],[-105.047304,39.722098],[-105.047217,39.722097],[-105.047128,39.722097],[-105.047022,39.722096],[-105.046915,39.722095],[-105.04682,39.722094],[-105.046734,39.722093],[-105.046642,39.722092],[-105.046556,39.722091],[-105.046465,39.72209],[-105.046376,39.72209],[-105.04629,39.722089],[-105.046201,39.722088],[-105.046111,39.722087],[-105.046021,39.722086],[-105.045933,39.722086],[-105.045844,39.722085],[-105.045754,39.722084],[-105.045662,39.722083],[-105.045573,39.722082],[-105.04557,39.721712],[-105.045566,39.721339],[-105.045656,39.72134],[-105.045747,39.721341],[-105.045835,39.721342],[-105.045923,39.721342],[-105.046012,39.721343],[-105.046102,39.721344],[-105.046196,39.721345],[-105.046284,39.721346],[-105.046373,39.721346],[-105.046458,39.721347],[-105.046547,39.721348],[-105.046634,39.721349],[-105.046726,39.72135],[-105.046813,39.72135],[-105.046908,39.721351],[-105.047016,39.721352],[-105.047125,39.721353],[-105.047213,39.721354],[-105.047301,39.721355],[-105.04739,39.721356],[-105.047477,39.721357],[-105.047569,39.721357],[-105.047657,39.721358],[-105.047748,39.721359],[-105.047837,39.72136],[-105.047927,39.721361],[-105.048014,39.721362],[-105.048102,39.721362],[-105.048188,39.721363],[-105.048279,39.721364],[-105.048367,39.721365],[-105.048463,39.721366],[-105.048466,39.721737],[-105.04847,39.722109],[-105.048372,39.722108]]],[[[-105.046219,39.689407],[-105.045651,39.689404],[-105.045651,39.689242],[-105.04565,39.689079],[-105.04565,39.688917],[-105.045649,39.688755],[-105.045649,39.688588],[-105.045648,39.688424],[-105.045648,39.688257],[-105.046217,39.688259],[-105.047852,39.688266],[-105.047854,39.689412],[-105.046219,39.689407]]],[[[-105.046988,39.6601],[-105.04646,39.660152],[-105.044376,39.660357],[-105.044178,39.660376],[-105.044167,39.660334],[-105.044159,39.660303],[-105.044149,39.660272],[-105.044139,39.660242],[-105.044128,39.660212],[-105.044117,39.660181],[-105.044105,39.660151],[-105.044092,39.660122],[-105.044079,39.660092],[-105.044064,39.660062],[-105.04405,39.660033],[-105.044034,39.660004],[-105.044018,39.659975],[-105.044001,39.659946],[-105.043984,39.659918],[-105.043966,39.65989],[-105.043947,39.659862],[-105.043928,39.659834],[-105.043908,39.659807],[-105.043579,39.659338],[-105.043845,39.65924],[-105.043934,39.659206],[-105.043932,39.659172],[-105.044719,39.658838],[-105.045539,39.658498],[-105.046076,39.658283],[-105.046183,39.658439],[-105.046289,39.658596],[-105.046358,39.658694],[-105.046414,39.658777],[-105.046468,39.65886],[-105.04652,39.658944],[-105.04657,39.659029],[-105.046628,39.659126],[-105.046659,39.659183],[-105.04669,39.65924],[-105.046719,39.659298],[-105.046746,39.659356],[-105.046773,39.659414],[-105.046798,39.659472],[-105.046822,39.659531],[-105.046868,39.659651],[-105.04689,39.659715],[-105.04691,39.659778],[-105.046929,39.659842],[-105.046947,39.659906],[-105.046963,39.659971],[-105.046978,39.660035],[-105.04699,39.660095],[-105.046991,39.6601],[-105.046988,39.6601]]],[[[-105.046154,39.732962],[-105.046066,39.732961],[-105.045979,39.73296],[-105.045892,39.73296],[-105.045802,39.732959],[-105.045713,39.732959],[-105.045623,39.732958],[-105.045533,39.732958],[-105.04545,39.732957],[-105.045357,39.732956],[-105.045272,39.732956],[-105.045272,39.73262],[-105.045272,39.732563],[-105.045272,39.732492],[-105.045272,39.732425],[-105.045272,39.732356],[-105.045272,39.732287],[-105.045272,39.732215],[-105.045272,39.732146],[-105.045272,39.732077],[-105.045272,39.732011],[-105.045272,39.731939],[-105.045272,39.731871],[-105.045272,39.731802],[-105.045272,39.731732],[-105.045272,39.731664],[-105.045272,39.731593],[-105.045272,39.731527],[-105.045272,39.731459],[-105.045272,39.731389],[-105.045272,39.731303],[-105.045716,39.731308],[-105.045789,39.731309],[-105.046224,39.731313],[-105.046224,39.731399],[-105.046224,39.731468],[-105.046224,39.731536],[-105.046224,39.731602],[-105.046224,39.731673],[-105.046224,39.731741],[-105.046224,39.73181],[-105.046224,39.73188],[-105.046224,39.731948],[-105.046224,39.732017],[-105.046224,39.732083],[-105.046224,39.732156],[-105.046224,39.732221],[-105.046224,39.732293],[-105.046224,39.732362],[-105.046224,39.732431],[-105.046224,39.732498],[-105.046224,39.732569],[-105.046224,39.732626],[-105.046224,39.732962],[-105.046154,39.732962]]],[[[-105.04593,39.708875],[-105.045844,39.708874],[-105.045756,39.708874],[-105.045667,39.708874],[-105.045621,39.708873],[-105.045579,39.708873],[-105.045552,39.708873],[-105.045482,39.708873],[-105.045398,39.708872],[-105.045315,39.708872],[-105.045217,39.708871],[-105.045128,39.708871],[-105.045043,39.708871],[-105.044952,39.70887],[-105.044861,39.70887],[-105.044774,39.708869],[-105.044685,39.708869],[-105.044595,39.708869],[-105.044532,39.708868],[-105.044534,39.708545],[-105.044535,39.708268],[-105.044503,39.708268],[-105.044422,39.708268],[-105.044328,39.708267],[-105.044239,39.708267],[-105.044152,39.708267],[-105.04406,39.708266],[-105.04397,39.708266],[-105.043882,39.708266],[-105.043869,39.708266],[-105.043869,39.708194],[-105.043868,39.708083],[-105.043868,39.707925],[-105.043868,39.707909],[-105.043867,39.707742],[-105.043867,39.707718],[-105.043867,39.707574],[-105.043866,39.707411],[-105.043866,39.707293],[-105.043865,39.707124],[-105.043865,39.706954],[-105.043882,39.706954],[-105.043973,39.706955],[-105.044061,39.706956],[-105.044151,39.706956],[-105.044238,39.706957],[-105.044329,39.706957],[-105.044421,39.706958],[-105.044506,39.706959],[-105.044593,39.706959],[-105.044681,39.70696],[-105.04477,39.70696],[-105.044858,39.706961],[-105.044949,39.706962],[-105.045038,39.706962],[-105.045126,39.706963],[-105.045215,39.706964],[-105.045309,39.706964],[-105.045398,39.706965],[-105.045482,39.706965],[-105.045573,39.706966],[-105.04566,39.706967],[-105.045751,39.706967],[-105.045839,39.706968],[-105.045924,39.706969],[-105.045971,39.706969],[-105.045974,39.707308],[-105.045975,39.707424],[-105.045977,39.707756],[-105.04598,39.7081],[-105.045981,39.708212],[-105.045984,39.708553],[-105.045986,39.708875],[-105.04593,39.708875]]],[[[-105.04506,39.672298],[-105.044991,39.672481],[-105.044876,39.672861],[-105.044832,39.673052],[-105.04477,39.673444],[-105.044755,39.673608],[-105.0444,39.673531],[-105.043994,39.673436],[-105.043819,39.673383],[-105.043816,39.673382],[-105.042907,39.673107],[-105.042912,39.671983],[-105.043122,39.671984],[-105.04334,39.671985],[-105.043481,39.671985],[-105.043496,39.671985],[-105.04351,39.671985],[-105.043525,39.671984],[-105.043539,39.671984],[-105.043554,39.671983],[-105.043568,39.671982],[-105.043583,39.671981],[-105.043597,39.671979],[-105.043608,39.671978],[-105.043626,39.671976],[-105.04364,39.671974],[-105.043654,39.671972],[-105.043668,39.671969],[-105.043682,39.671967],[-105.043696,39.671964],[-105.04371,39.671961],[-105.043724,39.671958],[-105.043738,39.671955],[-105.043752,39.671951],[-105.043766,39.671947],[-105.043779,39.671944],[-105.043793,39.67194],[-105.043806,39.671935],[-105.043819,39.671931],[-105.043833,39.671926],[-105.043836,39.671925],[-105.043846,39.671922],[-105.043859,39.671917],[-105.043872,39.671911],[-105.043884,39.671906],[-105.043897,39.671901],[-105.04391,39.671895],[-105.043922,39.671889],[-105.043934,39.671883],[-105.043946,39.671878],[-105.043958,39.671871],[-105.04397,39.671864],[-105.043982,39.671858],[-105.043993,39.671851],[-105.044005,39.671844],[-105.044016,39.671837],[-105.044027,39.67183],[-105.044038,39.671822],[-105.044049,39.671815],[-105.044059,39.671807],[-105.04407,39.671799],[-105.04408,39.671791],[-105.04409,39.671783],[-105.0441,39.671775],[-105.044109,39.671767],[-105.044119,39.671758],[-105.044128,39.67175],[-105.044137,39.671741],[-105.044146,39.671732],[-105.044155,39.671723],[-105.044163,39.671714],[-105.044171,39.671705],[-105.044179,39.671696],[-105.044187,39.671686],[-105.04419,39.671682],[-105.044195,39.671677],[-105.044202,39.671667],[-105.04421,39.671657],[-105.044217,39.671648],[-105.044223,39.671638],[-105.04423,39.671628],[-105.044236,39.671618],[-105.044242,39.671607],[-105.044248,39.671597],[-105.044254,39.671587],[-105.044259,39.671576],[-105.044264,39.671565],[-105.044266,39.671555],[-105.04427,39.671543],[-105.044272,39.671534],[-105.044276,39.671523],[-105.04428,39.671512],[-105.044283,39.671501],[-105.044285,39.67149],[-105.044288,39.671478],[-105.04429,39.671467],[-105.04429,39.671451],[-105.044428,39.671487],[-105.044831,39.671595],[-105.045068,39.671658],[-105.045304,39.67172],[-105.04506,39.672298]]],[[[-105.043493,39.768983],[-105.043493,39.768915],[-105.043493,39.768914],[-105.043493,39.768847],[-105.043493,39.768845],[-105.043492,39.768778],[-105.043492,39.768711],[-105.043492,39.768644],[-105.043492,39.768576],[-105.043492,39.768507],[-105.043492,39.768442],[-105.043492,39.768371],[-105.043491,39.768305],[-105.043491,39.768234],[-105.043491,39.768167],[-105.043491,39.768099],[-105.043491,39.768031],[-105.043933,39.768026],[-105.043933,39.768092],[-105.043934,39.768161],[-105.043934,39.768229],[-105.043934,39.768299],[-105.043934,39.768365],[-105.043934,39.768436],[-105.043934,39.7685],[-105.043934,39.76857],[-105.043934,39.768638],[-105.043934,39.768705],[-105.043934,39.768771],[-105.043934,39.768839],[-105.043934,39.768841],[-105.043934,39.76891],[-105.043935,39.768977],[-105.043493,39.768983]]],[[[-105.043677,39.74142],[-105.04346,39.741419],[-105.043389,39.741419],[-105.042945,39.741419],[-105.042945,39.74135],[-105.042945,39.741281],[-105.042945,39.741213],[-105.042945,39.741144],[-105.042945,39.741076],[-105.042945,39.741007],[-105.042945,39.740938],[-105.042945,39.740801],[-105.042945,39.740733],[-105.042945,39.740664],[-105.042945,39.740595],[-105.042945,39.740527],[-105.042944,39.740458],[-105.043389,39.740459],[-105.04362,39.740459],[-105.043904,39.740459],[-105.043904,39.740528],[-105.043904,39.740596],[-105.043904,39.740665],[-105.043904,39.740734],[-105.043904,39.740802],[-105.043904,39.740871],[-105.043904,39.740939],[-105.043904,39.741008],[-105.043904,39.741077],[-105.043904,39.741214],[-105.043904,39.741283],[-105.043904,39.741351],[-105.043905,39.74142],[-105.043677,39.74142]]],[[[-105.043842,39.781162],[-105.043842,39.781248],[-105.043842,39.781314],[-105.043842,39.781385],[-105.043842,39.781449],[-105.043842,39.781515],[-105.043842,39.78159],[-105.043842,39.781656],[-105.043842,39.781727],[-105.043842,39.781797],[-105.043842,39.781864],[-105.043842,39.781934],[-105.043842,39.782012],[-105.043411,39.782015],[-105.042987,39.782018],[-105.042559,39.782022],[-105.042123,39.782025],[-105.042104,39.782025],[-105.04168,39.782029],[-105.041679,39.781927],[-105.041679,39.78186],[-105.041679,39.781788],[-105.041679,39.781722],[-105.041679,39.781702],[-105.041699,39.781702],[-105.041698,39.781657],[-105.041698,39.781587],[-105.041697,39.781516],[-105.041696,39.781446],[-105.041696,39.781375],[-105.041695,39.781309],[-105.041695,39.781243],[-105.041694,39.781175],[-105.041694,39.781124],[-105.041693,39.780996],[-105.041676,39.780996],[-105.041678,39.780304],[-105.042112,39.780302],[-105.042345,39.7803],[-105.042345,39.780308],[-105.042559,39.780307],[-105.042777,39.780305],[-105.042779,39.781113],[-105.042993,39.781111],[-105.043416,39.781107],[-105.043844,39.781102],[-105.043842,39.781162]]],[[[-105.042165,39.633654],[-105.042162,39.633671],[-105.042151,39.633738],[-105.042141,39.633804],[-105.042136,39.63385],[-105.042128,39.633922],[-105.042124,39.634],[-105.042124,39.634044],[-105.042123,39.634123],[-105.042121,39.634204],[-105.04212,39.634284],[-105.042118,39.634422],[-105.042117,39.634724],[-105.042114,39.634884],[-105.040714,39.63489],[-105.039003,39.634898],[-105.039004,39.633987],[-105.039004,39.633432],[-105.039022,39.633434],[-105.039044,39.633436],[-105.039066,39.633438],[-105.039089,39.633439],[-105.039111,39.63344],[-105.039133,39.633441],[-105.039156,39.633441],[-105.039191,39.633441],[-105.040763,39.633454],[-105.040832,39.633454],[-105.040866,39.633455],[-105.040901,39.633456],[-105.040936,39.633458],[-105.040971,39.63346],[-105.041006,39.633463],[-105.04104,39.633466],[-105.041075,39.633469],[-105.04113,39.633478],[-105.041186,39.633487],[-105.041361,39.633512],[-105.041561,39.633532],[-105.04176,39.633556],[-105.041766,39.633556],[-105.041967,39.63358],[-105.042174,39.633605],[-105.042165,39.633654]]],[[[-105.040614,39.677661],[-105.039098,39.677653],[-105.038702,39.67765],[-105.038708,39.677587],[-105.038713,39.677501],[-105.038717,39.677415],[-105.038719,39.677293],[-105.038739,39.675052],[-105.039119,39.675054],[-105.040563,39.675062],[-105.040557,39.67652],[-105.040557,39.676526],[-105.040557,39.676533],[-105.040557,39.676539],[-105.040557,39.676545],[-105.040558,39.676551],[-105.040558,39.676557],[-105.040559,39.676563],[-105.04056,39.676569],[-105.040561,39.676575],[-105.040562,39.676582],[-105.040563,39.676588],[-105.040564,39.676594],[-105.040566,39.6766],[-105.040568,39.676606],[-105.040569,39.676612],[-105.040571,39.676618],[-105.040573,39.676624],[-105.040575,39.67663],[-105.040578,39.676635],[-105.04058,39.676641],[-105.040583,39.676647],[-105.040585,39.676653],[-105.040588,39.676659],[-105.040591,39.676664],[-105.040594,39.67667],[-105.040598,39.676676],[-105.040601,39.676681],[-105.040604,39.676687],[-105.040608,39.676692],[-105.040612,39.676698],[-105.040615,39.676703],[-105.040619,39.676708],[-105.040624,39.676714],[-105.040628,39.676719],[-105.040632,39.676724],[-105.040636,39.676729],[-105.040641,39.676734],[-105.040646,39.676739],[-105.04065,39.676744],[-105.040655,39.676749],[-105.04066,39.676754],[-105.040665,39.676758],[-105.040671,39.676763],[-105.040676,39.676768],[-105.040681,39.676772],[-105.040687,39.676776],[-105.040692,39.676781],[-105.040698,39.676785],[-105.040704,39.676789],[-105.04071,39.676793],[-105.040716,39.676797],[-105.040722,39.676801],[-105.040728,39.676805],[-105.040734,39.676809],[-105.040741,39.676813],[-105.040747,39.676816],[-105.040754,39.67682],[-105.04076,39.676823],[-105.040767,39.676827],[-105.040773,39.67683],[-105.04078,39.676833],[-105.040787,39.676836],[-105.040794,39.676839],[-105.040801,39.676842],[-105.040808,39.676845],[-105.040815,39.676848],[-105.040822,39.67685],[-105.04083,39.676853],[-105.040837,39.676855],[-105.040844,39.676858],[-105.040852,39.67686],[-105.040859,39.676862],[-105.040867,39.676864],[-105.040879,39.676867],[-105.040884,39.676868],[-105.040888,39.676869],[-105.040893,39.67687],[-105.040898,39.676871],[-105.040902,39.676872],[-105.040907,39.676872],[-105.040912,39.676873],[-105.040917,39.676874],[-105.040921,39.676874],[-105.040926,39.676875],[-105.040931,39.676875],[-105.040936,39.676875],[-105.040941,39.676876],[-105.040945,39.676876],[-105.04095,39.676876],[-105.040955,39.676876],[-105.04096,39.676876],[-105.040965,39.676876],[-105.040969,39.676876],[-105.040974,39.676876],[-105.040979,39.676876],[-105.040987,39.676875],[-105.041043,39.676875],[-105.041554,39.676874],[-105.041552,39.677043],[-105.041552,39.677066],[-105.041552,39.677089],[-105.041554,39.677112],[-105.041555,39.677135],[-105.041557,39.677158],[-105.04156,39.677181],[-105.041563,39.677204],[-105.041567,39.677227],[-105.041571,39.677249],[-105.041576,39.677272],[-105.041581,39.677295],[-105.041587,39.677317],[-105.041593,39.67734],[-105.0416,39.677362],[-105.041607,39.677384],[-105.041615,39.677406],[-105.041624,39.677429],[-105.041632,39.67745],[-105.041642,39.677472],[-105.041651,39.677494],[-105.041662,39.677516],[-105.041672,39.677537],[-105.041684,39.677558],[-105.041695,39.677579],[-105.041708,39.6776],[-105.04172,39.677621],[-105.041733,39.677642],[-105.04175,39.677667],[-105.040614,39.677661]]],[[[-105.040391,39.764114],[-105.040391,39.764118],[-105.040391,39.76418],[-105.040391,39.764183],[-105.040391,39.764251],[-105.040391,39.764316],[-105.040391,39.764382],[-105.040391,39.764385],[-105.040391,39.764453],[-105.040391,39.764516],[-105.040391,39.764518],[-105.040391,39.764587],[-105.040391,39.764655],[-105.040391,39.764722],[-105.040391,39.764724],[-105.04039,39.764789],[-105.04039,39.764792],[-105.04039,39.764857],[-105.04039,39.764994],[-105.04039,39.765063],[-105.04039,39.765131],[-105.04039,39.7652],[-105.04039,39.765268],[-105.04039,39.765337],[-105.04039,39.765406],[-105.04039,39.765409],[-105.04039,39.765474],[-105.04039,39.765546],[-105.04039,39.765618],[-105.04039,39.765619],[-105.04039,39.76569],[-105.039945,39.765692],[-105.039885,39.765692],[-105.039426,39.765694],[-105.039426,39.765629],[-105.039426,39.765625],[-105.039426,39.76555],[-105.039426,39.765483],[-105.039426,39.765481],[-105.039426,39.765416],[-105.039425,39.765348],[-105.039425,39.765344],[-105.039425,39.765276],[-105.039425,39.765207],[-105.039425,39.765139],[-105.039425,39.76507],[-105.039425,39.765001],[-105.039425,39.764933],[-105.039425,39.764864],[-105.039424,39.764799],[-105.039424,39.764727],[-105.039424,39.764662],[-105.039424,39.76466],[-105.039424,39.764594],[-105.039424,39.764592],[-105.039424,39.764525],[-105.039424,39.76446],[-105.039424,39.764396],[-105.039424,39.764392],[-105.039423,39.764327],[-105.039423,39.764325],[-105.039423,39.764255],[-105.039423,39.764186],[-105.039423,39.764121],[-105.039423,39.764053],[-105.039877,39.76405],[-105.039942,39.764049],[-105.040391,39.764046],[-105.040391,39.764114]]],[[[-105.03656,39.702086],[-105.036477,39.702085],[-105.036388,39.702085],[-105.0363,39.702084],[-105.036215,39.702083],[-105.036129,39.702083],[-105.036041,39.702082],[-105.035951,39.702082],[-105.035863,39.702081],[-105.035776,39.70208],[-105.035691,39.70208],[-105.035597,39.702079],[-105.035511,39.702079],[-105.035427,39.702078],[-105.03534,39.702077],[-105.035256,39.702077],[-105.035168,39.702076],[-105.035083,39.702076],[-105.034993,39.702075],[-105.034909,39.702074],[-105.034825,39.702074],[-105.034735,39.702073],[-105.034643,39.702073],[-105.034557,39.702072],[-105.034554,39.701725],[-105.034553,39.701685],[-105.034551,39.701341],[-105.034548,39.701221],[-105.034535,39.7008],[-105.034534,39.700425],[-105.035418,39.700433],[-105.035964,39.700441],[-105.036018,39.700442],[-105.036108,39.700442],[-105.036198,39.700443],[-105.036288,39.700443],[-105.036375,39.700443],[-105.036464,39.700444],[-105.03655,39.700444],[-105.036639,39.700445],[-105.036641,39.700793],[-105.036641,39.70084],[-105.036643,39.70119],[-105.036643,39.701356],[-105.036645,39.701702],[-105.036645,39.701741],[-105.036647,39.702086],[-105.03656,39.702086]]],[[[-105.035647,39.746001],[-105.035647,39.746007],[-105.035647,39.746012],[-105.035646,39.746017],[-105.035646,39.746023],[-105.035645,39.746028],[-105.035644,39.746033],[-105.035643,39.746039],[-105.035642,39.746044],[-105.035641,39.746049],[-105.03564,39.746054],[-105.035639,39.746057],[-105.035638,39.74606],[-105.035637,39.746065],[-105.035635,39.74607],[-105.035633,39.746075],[-105.035632,39.74608],[-105.03563,39.746086],[-105.035628,39.746091],[-105.035625,39.746096],[-105.035623,39.746101],[-105.035621,39.746106],[-105.035618,39.746111],[-105.035614,39.746119],[-105.035611,39.746123],[-105.035609,39.746127],[-105.035608,39.746128],[-105.035605,39.746132],[-105.035603,39.746136],[-105.0356,39.746141],[-105.035596,39.746145],[-105.035593,39.746149],[-105.03559,39.746153],[-105.035587,39.746157],[-105.035583,39.746161],[-105.03558,39.746165],[-105.035576,39.746169],[-105.035572,39.746173],[-105.035568,39.746177],[-105.035565,39.746181],[-105.035561,39.746185],[-105.035557,39.746188],[-105.035552,39.746192],[-105.035548,39.746196],[-105.035545,39.746198],[-105.035544,39.746199],[-105.035539,39.746203],[-105.035535,39.746206],[-105.03553,39.746209],[-105.035526,39.746213],[-105.035521,39.746216],[-105.035516,39.746219],[-105.035511,39.746222],[-105.035507,39.746225],[-105.035502,39.746228],[-105.035497,39.746231],[-105.035491,39.746234],[-105.035486,39.746236],[-105.035481,39.746239],[-105.035476,39.746242],[-105.03547,39.746244],[-105.035465,39.746247],[-105.03546,39.746249],[-105.035454,39.746251],[-105.035448,39.746254],[-105.035443,39.746256],[-105.035437,39.746258],[-105.035431,39.74626],[-105.035426,39.746262],[-105.03542,39.746264],[-105.035414,39.746266],[-105.035408,39.746267],[-105.035402,39.746269],[-105.035396,39.74627],[-105.03539,39.746272],[-105.035384,39.746273],[-105.035378,39.746275],[-105.035372,39.746276],[-105.035366,39.746277],[-105.03536,39.746278],[-105.035354,39.746279],[-105.035348,39.74628],[-105.035341,39.746281],[-105.035335,39.746281],[-105.035316,39.746282],[-105.035203,39.746281],[-105.035145,39.746281],[-105.034693,39.74628],[-105.034586,39.746266],[-105.034463,39.746266],[-105.033986,39.746265],[-105.033952,39.746265],[-105.033845,39.746264],[-105.033736,39.746264],[-105.033706,39.746262],[-105.033222,39.746262],[-105.033082,39.746262],[-105.032942,39.746261],[-105.032474,39.746263],[-105.032432,39.746261],[-105.032347,39.746261],[-105.032248,39.74626],[-105.032151,39.74626],[-105.032115,39.74626],[-105.031656,39.74626],[-105.031655,39.746174],[-105.031655,39.746107],[-105.031654,39.746036],[-105.031654,39.745965],[-105.031653,39.745898],[-105.031653,39.74583],[-105.031653,39.74576],[-105.031652,39.745692],[-105.031652,39.745622],[-105.031651,39.745555],[-105.031651,39.74549],[-105.03165,39.745422],[-105.03165,39.74535],[-105.031649,39.745272],[-105.032106,39.745274],[-105.032143,39.745274],[-105.03222,39.745274],[-105.032311,39.745273],[-105.032398,39.745273],[-105.032488,39.745273],[-105.032574,39.745273],[-105.032664,39.745273],[-105.032756,39.745273],[-105.032841,39.745273],[-105.032935,39.745273],[-105.033077,39.745272],[-105.033219,39.745271],[-105.033705,39.745273],[-105.033741,39.745273],[-105.033844,39.745274],[-105.033952,39.745274],[-105.033986,39.745275],[-105.034461,39.745273],[-105.034594,39.745272],[-105.034598,39.745272],[-105.034697,39.745281],[-105.035146,39.745282],[-105.035207,39.745283],[-105.035228,39.745282],[-105.035238,39.745282],[-105.035249,39.745282],[-105.03526,39.745282],[-105.035271,39.745282],[-105.035282,39.745282],[-105.035293,39.745283],[-105.035304,39.745283],[-105.035314,39.745284],[-105.035325,39.745285],[-105.035336,39.745286],[-105.035347,39.745287],[-105.035352,39.745288],[-105.035358,39.745289],[-105.035368,39.74529],[-105.035379,39.745292],[-105.03539,39.745293],[-105.0354,39.745295],[-105.035411,39.745297],[-105.035421,39.7453],[-105.035426,39.745301],[-105.035432,39.745302],[-105.03544,39.745305],[-105.035446,39.745308],[-105.035452,39.74531],[-105.035458,39.745313],[-105.035463,39.745316],[-105.035469,39.745319],[-105.035475,39.745322],[-105.035481,39.745325],[-105.035486,39.745328],[-105.035492,39.745331],[-105.035497,39.745334],[-105.035503,39.745337],[-105.035508,39.745341],[-105.035513,39.745344],[-105.035518,39.745348],[-105.035523,39.745351],[-105.035528,39.745355],[-105.035533,39.745359],[-105.035538,39.745363],[-105.035543,39.745367],[-105.035547,39.74537],[-105.035552,39.745374],[-105.035557,39.745378],[-105.035561,39.745382],[-105.035565,39.745387],[-105.035569,39.745391],[-105.035573,39.745395],[-105.035577,39.745399],[-105.035581,39.745404],[-105.035585,39.745408],[-105.035589,39.745413],[-105.035592,39.745417],[-105.035596,39.745422],[-105.035599,39.745426],[-105.035603,39.745431],[-105.035606,39.745436],[-105.035609,39.745441],[-105.035612,39.745445],[-105.035615,39.74545],[-105.035617,39.745455],[-105.03562,39.74546],[-105.035623,39.745465],[-105.035625,39.74547],[-105.035627,39.745475],[-105.035629,39.74548],[-105.035632,39.745485],[-105.035633,39.74549],[-105.035635,39.745495],[-105.035637,39.7455],[-105.035639,39.745506],[-105.03564,39.745511],[-105.035641,39.745516],[-105.035643,39.745521],[-105.035643,39.745576],[-105.035643,39.745645],[-105.035643,39.745715],[-105.035642,39.74578],[-105.035642,39.745852],[-105.035642,39.745886],[-105.035642,39.745901],[-105.035642,39.74591],[-105.035642,39.745918],[-105.035642,39.745922],[-105.035642,39.745927],[-105.035642,39.745936],[-105.035643,39.745945],[-105.035644,39.745953],[-105.035645,39.745962],[-105.035646,39.745971],[-105.035647,39.74598],[-105.035647,39.745985],[-105.035647,39.745989],[-105.035647,39.74599],[-105.035647,39.745996],[-105.035647,39.746001]]],[[[-105.034501,39.754724],[-105.034405,39.754724],[-105.034319,39.754724],[-105.034227,39.754724],[-105.034146,39.754724],[-105.034055,39.754724],[-105.033965,39.754725],[-105.033872,39.754724],[-105.033783,39.754724],[-105.033696,39.754724],[-105.033612,39.754723],[-105.033522,39.754723],[-105.033434,39.754723],[-105.033339,39.754723],[-105.033251,39.754723],[-105.03325,39.754389],[-105.03325,39.754358],[-105.03325,39.754292],[-105.033249,39.754223],[-105.033249,39.754153],[-105.033249,39.754117],[-105.033249,39.754087],[-105.033247,39.753744],[-105.033338,39.753744],[-105.033428,39.753744],[-105.033517,39.753745],[-105.033606,39.753745],[-105.033692,39.753747],[-105.033782,39.753748],[-105.033877,39.753747],[-105.033963,39.753747],[-105.034053,39.753748],[-105.034138,39.753748],[-105.034229,39.753748],[-105.034316,39.753748],[-105.034404,39.753748],[-105.034497,39.753747],[-105.034499,39.754092],[-105.034499,39.754121],[-105.034499,39.754159],[-105.034499,39.754224],[-105.034498,39.754292],[-105.034499,39.754361],[-105.034501,39.754389],[-105.034501,39.754724]]],[[[-105.034354,39.64399],[-105.03124,39.64399],[-105.03134,39.64309],[-105.02977,39.643038],[-105.029804,39.642366],[-105.029969,39.642367],[-105.029961,39.64284],[-105.032762,39.642866],[-105.032722,39.643801],[-105.034357,39.643815],[-105.034354,39.64399]]],[[[-105.034248,39.693032],[-105.034236,39.693033],[-105.034138,39.693034],[-105.033754,39.693037],[-105.033609,39.693038],[-105.033231,39.693039],[-105.033228,39.692813],[-105.033227,39.692703],[-105.033226,39.692532],[-105.033225,39.692364],[-105.033225,39.692192],[-105.033225,39.69219],[-105.033222,39.692022],[-105.033223,39.691924],[-105.033222,39.69183],[-105.03322,39.691675],[-105.033219,39.691335],[-105.033745,39.691329],[-105.033946,39.69133],[-105.034244,39.691324],[-105.034279,39.691351],[-105.03428,39.691601],[-105.034279,39.691738],[-105.034278,39.691955],[-105.03428,39.692185],[-105.03428,39.692274],[-105.03428,39.692381],[-105.034281,39.692611],[-105.034283,39.692812],[-105.034283,39.692989],[-105.034284,39.693005],[-105.034286,39.693031],[-105.034248,39.693032]]],[[[-105.032938,39.772339],[-105.032938,39.772378],[-105.032936,39.772449],[-105.032937,39.772519],[-105.032937,39.772593],[-105.032936,39.77266],[-105.032936,39.772728],[-105.032936,39.772797],[-105.032935,39.772869],[-105.032935,39.772938],[-105.032934,39.773022],[-105.032473,39.77301],[-105.032439,39.773008],[-105.032352,39.773006],[-105.032265,39.773004],[-105.032174,39.773001],[-105.0321,39.773],[-105.032054,39.772999],[-105.031614,39.772986],[-105.031493,39.772982],[-105.031372,39.772979],[-105.030932,39.772968],[-105.030906,39.772967],[-105.030804,39.772962],[-105.030714,39.772961],[-105.030621,39.772959],[-105.030545,39.772958],[-105.030502,39.772955],[-105.030061,39.772944],[-105.030063,39.772858],[-105.030063,39.772789],[-105.030062,39.772717],[-105.030064,39.772648],[-105.030064,39.772581],[-105.030064,39.77258],[-105.030065,39.772512],[-105.030065,39.77251],[-105.030065,39.772433],[-105.030067,39.772367],[-105.030068,39.772298],[-105.030066,39.772254],[-105.030068,39.77192],[-105.030155,39.771922],[-105.030247,39.771924],[-105.030335,39.771927],[-105.030422,39.77193],[-105.030514,39.771934],[-105.0306,39.771938],[-105.030693,39.771938],[-105.030763,39.77194],[-105.030855,39.771943],[-105.030939,39.771945],[-105.031032,39.771946],[-105.031118,39.77195],[-105.031204,39.771952],[-105.031297,39.771954],[-105.03138,39.771956],[-105.031501,39.77196],[-105.031618,39.771964],[-105.031707,39.771966],[-105.031795,39.771969],[-105.031884,39.771971],[-105.031976,39.771974],[-105.032061,39.771976],[-105.032153,39.771977],[-105.032246,39.77198],[-105.03232,39.771982],[-105.032414,39.771986],[-105.032494,39.771989],[-105.03258,39.771991],[-105.032673,39.771993],[-105.032758,39.771996],[-105.032848,39.771998],[-105.032939,39.772],[-105.032938,39.772339]]],[[[-105.032263,39.707617],[-105.032171,39.707617],[-105.032085,39.707616],[-105.031995,39.707616],[-105.031906,39.707615],[-105.031817,39.707615],[-105.031728,39.707615],[-105.031641,39.707614],[-105.031551,39.707614],[-105.031467,39.707613],[-105.031377,39.707613],[-105.03129,39.707612],[-105.031197,39.707612],[-105.031109,39.707612],[-105.03102,39.707611],[-105.03093,39.707611],[-105.030839,39.70761],[-105.030755,39.70761],[-105.030667,39.70761],[-105.030577,39.707609],[-105.030487,39.707609],[-105.030399,39.707608],[-105.030305,39.707608],[-105.030223,39.707607],[-105.030131,39.707607],[-105.030043,39.707607],[-105.029947,39.707606],[-105.029947,39.707224],[-105.029946,39.707187],[-105.029945,39.706822],[-105.030043,39.706822],[-105.030132,39.706822],[-105.030221,39.706822],[-105.030311,39.706822],[-105.030398,39.706823],[-105.030488,39.706823],[-105.030575,39.706823],[-105.030669,39.706823],[-105.030751,39.706823],[-105.030841,39.706823],[-105.030931,39.706823],[-105.031021,39.706823],[-105.031107,39.706824],[-105.031195,39.706824],[-105.031283,39.706824],[-105.031375,39.706824],[-105.031462,39.706824],[-105.031546,39.706824],[-105.031637,39.706824],[-105.031724,39.706824],[-105.031815,39.706824],[-105.031903,39.706825],[-105.031992,39.706825],[-105.032083,39.706825],[-105.032169,39.706825],[-105.032261,39.706825],[-105.032346,39.706825],[-105.032348,39.707192],[-105.032348,39.707231],[-105.03235,39.707617],[-105.032263,39.707617]]],[[[-105.031995,39.710242],[-105.031904,39.710242],[-105.031817,39.710241],[-105.031729,39.710241],[-105.03164,39.71024],[-105.031554,39.71024],[-105.031465,39.710239],[-105.031376,39.710239],[-105.031288,39.710238],[-105.031111,39.710237],[-105.031108,39.70987],[-105.031196,39.709871],[-105.031285,39.709871],[-105.031375,39.709871],[-105.031462,39.709872],[-105.031552,39.709872],[-105.031639,39.709873],[-105.031727,39.709873],[-105.031815,39.709873],[-105.031902,39.709874],[-105.031994,39.709874],[-105.032082,39.709875],[-105.032083,39.710243],[-105.031995,39.710242]]],[[[-105.031793,39.666574],[-105.03179,39.666745],[-105.031788,39.666908],[-105.031786,39.667079],[-105.031784,39.66724],[-105.031781,39.667407],[-105.031779,39.667604],[-105.031403,39.667607],[-105.031022,39.667609],[-105.030914,39.66761],[-105.030806,39.66761],[-105.030427,39.667612],[-105.030053,39.667614],[-105.030056,39.66741],[-105.030058,39.667254],[-105.03006,39.667086],[-105.030062,39.66692],[-105.030064,39.666756],[-105.030066,39.666581],[-105.030068,39.666416],[-105.030447,39.666413],[-105.030822,39.666411],[-105.03093,39.666408],[-105.031037,39.666406],[-105.031419,39.666404],[-105.031795,39.666401],[-105.031793,39.666574]]],[[[-105.031364,39.742077],[-105.031364,39.742148],[-105.031363,39.742221],[-105.031362,39.742357],[-105.031362,39.742429],[-105.031362,39.742492],[-105.031361,39.742566],[-105.031361,39.742636],[-105.030923,39.742636],[-105.030878,39.742637],[-105.030777,39.742637],[-105.030669,39.742637],[-105.030568,39.742637],[-105.030526,39.742637],[-105.030087,39.742636],[-105.030087,39.742569],[-105.030086,39.742496],[-105.030086,39.742437],[-105.030086,39.742357],[-105.030085,39.742287],[-105.030085,39.742215],[-105.030084,39.742152],[-105.030084,39.742077],[-105.030083,39.742006],[-105.030085,39.741977],[-105.030089,39.741637],[-105.030081,39.74152],[-105.030074,39.741403],[-105.030076,39.740923],[-105.030076,39.740837],[-105.030076,39.740802],[-105.030078,39.740533],[-105.030167,39.740494],[-105.030182,39.740494],[-105.030272,39.740495],[-105.030359,39.740495],[-105.030449,39.740495],[-105.030538,39.740496],[-105.030628,39.740496],[-105.030717,39.740496],[-105.030806,39.740497],[-105.030896,39.740497],[-105.030983,39.740497],[-105.031073,39.740498],[-105.031165,39.740498],[-105.031252,39.740498],[-105.031358,39.740499],[-105.031358,39.740802],[-105.031358,39.740834],[-105.031359,39.740916],[-105.03136,39.740987],[-105.03136,39.741054],[-105.031361,39.741124],[-105.031361,39.741188],[-105.031362,39.74126],[-105.031363,39.741327],[-105.031363,39.741406],[-105.031363,39.741521],[-105.031364,39.741636],[-105.031365,39.741978],[-105.031365,39.742008],[-105.031364,39.742077]]],[[[-105.029437,39.718041],[-105.029382,39.718041],[-105.028948,39.718041],[-105.028948,39.717973],[-105.028947,39.717906],[-105.028947,39.717836],[-105.028946,39.717768],[-105.028945,39.7177],[-105.028945,39.717631],[-105.028944,39.717561],[-105.028944,39.717493],[-105.028943,39.717424],[-105.028942,39.717358],[-105.028942,39.717289],[-105.028941,39.717219],[-105.02894,39.71715],[-105.02894,39.717081],[-105.028939,39.717011],[-105.028939,39.716946],[-105.028938,39.716879],[-105.028937,39.716809],[-105.028937,39.716742],[-105.028936,39.716676],[-105.029374,39.716675],[-105.029429,39.716675],[-105.029871,39.716675],[-105.029872,39.716741],[-105.029872,39.716808],[-105.029873,39.716874],[-105.029873,39.716946],[-105.029873,39.717011],[-105.029874,39.717081],[-105.029874,39.71715],[-105.029874,39.717218],[-105.029875,39.717287],[-105.029875,39.717357],[-105.029876,39.717424],[-105.029876,39.717492],[-105.029876,39.717561],[-105.029877,39.71763],[-105.029877,39.7177],[-105.029877,39.717764],[-105.029878,39.717836],[-105.029878,39.717905],[-105.029879,39.717973],[-105.029879,39.71804],[-105.029437,39.718041]]],[[[-105.029644,39.69889],[-105.029635,39.700263],[-105.02751,39.700254],[-105.027518,39.698882],[-105.02752,39.698684],[-105.027522,39.698532],[-105.027537,39.698461],[-105.027537,39.698292],[-105.027538,39.698128],[-105.027539,39.697962],[-105.027539,39.6978],[-105.02754,39.697637],[-105.027541,39.697473],[-105.027541,39.697309],[-105.027542,39.697142],[-105.027542,39.696978],[-105.027543,39.696822],[-105.027971,39.696822],[-105.028398,39.696823],[-105.028398,39.696978],[-105.028397,39.697143],[-105.028397,39.697309],[-105.028396,39.697473],[-105.028396,39.697638],[-105.028396,39.6978],[-105.028395,39.697963],[-105.028395,39.698129],[-105.028394,39.698293],[-105.028394,39.698461],[-105.028576,39.698459],[-105.028576,39.698294],[-105.028576,39.698128],[-105.02911,39.698129],[-105.02911,39.698294],[-105.02911,39.69846],[-105.02911,39.69869],[-105.029645,39.698692],[-105.029644,39.69889]]],[[[-105.028583,39.695996],[-105.028585,39.696328],[-105.028587,39.696666],[-105.027409,39.696667],[-105.026887,39.696668],[-105.026239,39.696667],[-105.026241,39.696498],[-105.026239,39.696335],[-105.026239,39.696178],[-105.026237,39.695996],[-105.026237,39.695823],[-105.026234,39.695658],[-105.026235,39.695518],[-105.026235,39.69548],[-105.026233,39.695313],[-105.026235,39.695183],[-105.026235,39.694983],[-105.0274,39.694978],[-105.028574,39.694973],[-105.029001,39.694971],[-105.029602,39.694969],[-105.029639,39.694997],[-105.02964,39.695177],[-105.02964,39.695302],[-105.029642,39.69547],[-105.029643,39.695643],[-105.029642,39.695682],[-105.029645,39.695993],[-105.028583,39.695996]]],[[[-105.029609,39.683939],[-105.029181,39.683942],[-105.028426,39.683948],[-105.028423,39.682328],[-105.029609,39.682321],[-105.029609,39.683939]]],[[[-105.028112,39.731059],[-105.028065,39.731063],[-105.027616,39.731061],[-105.027615,39.730994],[-105.027614,39.730922],[-105.027613,39.730852],[-105.027613,39.730779],[-105.027612,39.730714],[-105.027611,39.730641],[-105.02761,39.730571],[-105.02761,39.730502],[-105.027609,39.730437],[-105.027608,39.730367],[-105.027607,39.730303],[-105.027607,39.730234],[-105.027606,39.730166],[-105.027605,39.730093],[-105.027604,39.730027],[-105.027604,39.729959],[-105.027603,39.729897],[-105.027602,39.729825],[-105.027601,39.729758],[-105.027601,39.72969],[-105.0276,39.729624],[-105.027599,39.729554],[-105.027599,39.729486],[-105.027598,39.729422],[-105.028044,39.72942],[-105.028095,39.729421],[-105.028547,39.729421],[-105.028547,39.729485],[-105.028548,39.72955],[-105.028548,39.729621],[-105.028549,39.729695],[-105.02855,39.729759],[-105.02855,39.729828],[-105.028551,39.729893],[-105.028551,39.729961],[-105.028552,39.730028],[-105.028552,39.730093],[-105.028553,39.730164],[-105.028553,39.730232],[-105.028554,39.730302],[-105.028554,39.730369],[-105.028555,39.730434],[-105.028555,39.730507],[-105.028556,39.730572],[-105.028556,39.730641],[-105.028557,39.730715],[-105.028557,39.730778],[-105.028558,39.730849],[-105.028558,39.73092],[-105.028559,39.730994],[-105.028559,39.731061],[-105.028112,39.731059]]],[[[-105.027981,39.659616],[-105.027927,39.659654],[-105.027817,39.659653],[-105.027653,39.660043],[-105.027677,39.660341],[-105.027678,39.660345],[-105.027679,39.660348],[-105.027681,39.66035],[-105.027684,39.660353],[-105.027687,39.660355],[-105.02769,39.660357],[-105.027694,39.660358],[-105.027698,39.660359],[-105.027702,39.660359],[-105.027764,39.66036],[-105.02776,39.660385],[-105.027744,39.660489],[-105.027706,39.660735],[-105.027631,39.660937],[-105.027627,39.660945],[-105.027621,39.660953],[-105.027614,39.66096],[-105.027605,39.660966],[-105.027596,39.66097],[-105.027585,39.660974],[-105.027574,39.660976],[-105.027563,39.660977],[-105.027337,39.660977],[-105.027317,39.660979],[-105.027299,39.660982],[-105.027281,39.660989],[-105.027265,39.660997],[-105.027251,39.661008],[-105.027247,39.661011],[-105.027242,39.661014],[-105.027236,39.661016],[-105.02723,39.661017],[-105.027224,39.661017],[-105.027218,39.661017],[-105.027213,39.661016],[-105.027207,39.661014],[-105.027202,39.661012],[-105.027178,39.660997],[-105.027137,39.660956],[-105.02709,39.660918],[-105.026439,39.660444],[-105.026428,39.660435],[-105.026315,39.660346],[-105.026345,39.660307],[-105.026553,39.659992],[-105.026769,39.659679],[-105.026816,39.659618],[-105.02687,39.65956],[-105.02693,39.659507],[-105.026997,39.659457],[-105.027069,39.659413],[-105.027146,39.659374],[-105.027228,39.659341],[-105.027313,39.659313],[-105.027401,39.659291],[-105.027491,39.659276],[-105.027582,39.659267],[-105.027674,39.659265],[-105.027935,39.659267],[-105.027941,39.659268],[-105.027948,39.659269],[-105.027955,39.659271],[-105.027962,39.659274],[-105.027969,39.659278],[-105.027974,39.659283],[-105.027978,39.659288],[-105.027982,39.659294],[-105.027984,39.6593],[-105.027984,39.659306],[-105.027981,39.659616]]],[[[-105.027768,39.678545],[-105.027768,39.678545],[-105.027768,39.678545],[-105.025296,39.678559],[-105.025286,39.677557],[-105.025286,39.677473],[-105.025284,39.677309],[-105.025283,39.677228],[-105.025265,39.675434],[-105.02778,39.675421],[-105.027768,39.678545]]],[[[-105.025925,39.684616],[-105.025541,39.684618],[-105.025227,39.68462],[-105.025227,39.684346],[-105.025226,39.684072],[-105.025618,39.68407],[-105.026114,39.684067],[-105.026216,39.684126],[-105.026216,39.68434],[-105.026216,39.68449],[-105.026216,39.684614],[-105.025925,39.684616]]],[[[-105.025071,39.772882],[-105.024343,39.772887],[-105.024343,39.772858],[-105.024238,39.772858],[-105.024149,39.772858],[-105.024056,39.772857],[-105.023971,39.772857],[-105.023878,39.772856],[-105.023793,39.772856],[-105.023708,39.772856],[-105.023615,39.772855],[-105.02353,39.772855],[-105.023445,39.772855],[-105.023352,39.772854],[-105.023267,39.772854],[-105.023171,39.772854],[-105.023129,39.772855],[-105.023081,39.772855],[-105.023003,39.772855],[-105.023002,39.772517],[-105.023001,39.772474],[-105.023002,39.772131],[-105.023081,39.772131],[-105.023169,39.772129],[-105.023261,39.77213],[-105.023348,39.77213],[-105.023443,39.77213],[-105.023525,39.77213],[-105.023618,39.77213],[-105.023684,39.77213],[-105.023708,39.77213],[-105.023791,39.77213],[-105.023875,39.772131],[-105.023971,39.772129],[-105.024052,39.772129],[-105.024149,39.77213],[-105.024236,39.772129],[-105.024303,39.772129],[-105.024341,39.77213],[-105.025052,39.772133],[-105.025051,39.772223],[-105.02505,39.772311],[-105.025082,39.772311],[-105.025083,39.772876],[-105.025083,39.772882],[-105.025071,39.772882]]],[[[-105.024486,39.66829],[-105.024485,39.668471],[-105.023924,39.668472],[-105.023897,39.668472],[-105.02287,39.668474],[-105.022868,39.668294],[-105.022867,39.66811],[-105.022866,39.667931],[-105.022865,39.667738],[-105.022864,39.667562],[-105.022863,39.667381],[-105.022862,39.667203],[-105.022861,39.667039],[-105.022861,39.667031],[-105.022861,39.667013],[-105.022868,39.667013],[-105.023909,39.667014],[-105.023936,39.667014],[-105.023934,39.667202],[-105.023933,39.667381],[-105.023931,39.667562],[-105.023927,39.667738],[-105.023926,39.667929],[-105.023925,39.668108],[-105.024487,39.668107],[-105.024486,39.66829]]],[[[-105.024345,39.761287],[-105.024136,39.761281],[-105.024087,39.761279],[-105.023972,39.761275],[-105.023794,39.761267],[-105.023625,39.76126],[-105.023472,39.761254],[-105.023412,39.761252],[-105.02331,39.761247],[-105.02313,39.76124],[-105.022985,39.761235],[-105.022985,39.761229],[-105.022985,39.761224],[-105.022966,39.761222],[-105.022945,39.761221],[-105.022852,39.761214],[-105.022831,39.761213],[-105.022776,39.761209],[-105.022775,39.761209],[-105.022773,39.761209],[-105.022772,39.76121],[-105.022771,39.76121],[-105.02277,39.76121],[-105.022768,39.76121],[-105.022767,39.76121],[-105.022766,39.761211],[-105.022765,39.761211],[-105.022763,39.761211],[-105.022762,39.761211],[-105.022761,39.761212],[-105.02276,39.761212],[-105.022759,39.761212],[-105.022757,39.761212],[-105.022756,39.761213],[-105.022755,39.761213],[-105.022754,39.761213],[-105.022752,39.761214],[-105.022751,39.761214],[-105.02275,39.761214],[-105.022749,39.761215],[-105.022748,39.761215],[-105.022746,39.761215],[-105.022745,39.761216],[-105.022744,39.761216],[-105.022743,39.761216],[-105.022742,39.761217],[-105.02274,39.761217],[-105.022739,39.761217],[-105.022738,39.761218],[-105.022737,39.761218],[-105.022736,39.761219],[-105.022735,39.761219],[-105.022733,39.761219],[-105.022732,39.76122],[-105.022731,39.76122],[-105.02273,39.761221],[-105.022729,39.761221],[-105.022728,39.761222],[-105.022726,39.761222],[-105.022725,39.761222],[-105.022724,39.761223],[-105.022723,39.761223],[-105.022722,39.761224],[-105.022721,39.761224],[-105.02272,39.761225],[-105.022719,39.761225],[-105.022718,39.761226],[-105.022716,39.761226],[-105.022715,39.761227],[-105.022714,39.761227],[-105.022713,39.761228],[-105.022712,39.761228],[-105.022711,39.761229],[-105.02271,39.761229],[-105.022709,39.76123],[-105.022708,39.761231],[-105.022707,39.761231],[-105.022705,39.761232],[-105.022703,39.761233],[-105.0227,39.761235],[-105.022698,39.761236],[-105.022695,39.761238],[-105.022693,39.761239],[-105.022691,39.761241],[-105.022688,39.761242],[-105.022686,39.761244],[-105.022684,39.761246],[-105.022682,39.761247],[-105.022679,39.761249],[-105.022677,39.761251],[-105.022675,39.761253],[-105.022673,39.761254],[-105.022671,39.761256],[-105.022669,39.761258],[-105.022667,39.76126],[-105.022665,39.761262],[-105.022664,39.761264],[-105.022662,39.761266],[-105.02266,39.761268],[-105.022658,39.76127],[-105.022657,39.761272],[-105.022655,39.761274],[-105.022653,39.761276],[-105.022652,39.761278],[-105.022651,39.76128],[-105.022649,39.761282],[-105.022648,39.761284],[-105.022646,39.761286],[-105.022645,39.761289],[-105.022644,39.761291],[-105.022643,39.761293],[-105.022642,39.761295],[-105.022641,39.761297],[-105.02264,39.7613],[-105.022639,39.761302],[-105.022638,39.761304],[-105.022637,39.761307],[-105.022636,39.761309],[-105.022635,39.761311],[-105.022634,39.761314],[-105.022634,39.761316],[-105.022633,39.761318],[-105.022633,39.761321],[-105.022632,39.761323],[-105.022632,39.761325],[-105.022631,39.761328],[-105.022631,39.76133],[-105.022631,39.761332],[-105.02263,39.761335],[-105.02263,39.761337],[-105.02263,39.76134],[-105.02263,39.761342],[-105.02263,39.761344],[-105.02263,39.761347],[-105.02263,39.761349],[-105.02263,39.761351],[-105.022631,39.761354],[-105.022631,39.761356],[-105.022631,39.761359],[-105.022632,39.761361],[-105.022632,39.761363],[-105.022632,39.761366],[-105.022633,39.761368],[-105.022633,39.76137],[-105.022634,39.761373],[-105.022635,39.761375],[-105.022636,39.761377],[-105.022636,39.76138],[-105.022637,39.761382],[-105.022638,39.761384],[-105.022639,39.761387],[-105.02264,39.761389],[-105.022641,39.761391],[-105.022642,39.761393],[-105.022643,39.761396],[-105.022644,39.761398],[-105.022646,39.7614],[-105.022647,39.761402],[-105.022648,39.761404],[-105.02265,39.761406],[-105.022651,39.761408],[-105.022653,39.761411],[-105.022654,39.761413],[-105.022656,39.761415],[-105.022657,39.761417],[-105.022659,39.761419],[-105.02266,39.76142],[-105.022661,39.761421],[-105.022662,39.761423],[-105.022664,39.761425],[-105.022666,39.761426],[-105.022668,39.761428],[-105.02267,39.76143],[-105.022672,39.761432],[-105.022674,39.761434],[-105.022676,39.761436],[-105.022678,39.761437],[-105.02268,39.761439],[-105.022682,39.761441],[-105.022684,39.761442],[-105.022687,39.761444],[-105.022689,39.761446],[-105.022691,39.761447],[-105.022694,39.761449],[-105.022696,39.76145],[-105.022698,39.761452],[-105.022701,39.761453],[-105.022703,39.761455],[-105.022706,39.761456],[-105.022708,39.761457],[-105.022711,39.761459],[-105.022713,39.76146],[-105.022716,39.761461],[-105.022719,39.761462],[-105.022721,39.761463],[-105.022724,39.761465],[-105.022727,39.761466],[-105.022729,39.761467],[-105.022732,39.761468],[-105.022735,39.761469],[-105.022738,39.76147],[-105.022741,39.761471],[-105.022744,39.761471],[-105.022746,39.761472],[-105.022749,39.761473],[-105.022752,39.761474],[-105.022755,39.761475],[-105.022758,39.761475],[-105.022759,39.761475],[-105.02276,39.761476],[-105.022761,39.761476],[-105.022763,39.761476],[-105.022764,39.761476],[-105.022765,39.761476],[-105.022766,39.761476],[-105.022767,39.761477],[-105.022768,39.761477],[-105.022769,39.761477],[-105.02277,39.761477],[-105.022771,39.761478],[-105.022772,39.761478],[-105.022773,39.761478],[-105.022774,39.761479],[-105.022775,39.761479],[-105.022776,39.761479],[-105.022777,39.76148],[-105.022779,39.76148],[-105.02278,39.76148],[-105.022781,39.761481],[-105.022781,39.761481],[-105.022782,39.761482],[-105.022783,39.761482],[-105.022784,39.761483],[-105.022785,39.761483],[-105.022786,39.761484],[-105.022787,39.761484],[-105.022788,39.761485],[-105.022789,39.761485],[-105.02279,39.761486],[-105.022791,39.761486],[-105.022792,39.761487],[-105.022793,39.761487],[-105.022793,39.761488],[-105.022794,39.761489],[-105.022795,39.761489],[-105.022796,39.76149],[-105.022797,39.76149],[-105.022797,39.761491],[-105.022798,39.761492],[-105.022799,39.761492],[-105.0228,39.761493],[-105.0228,39.761494],[-105.022801,39.761494],[-105.022802,39.761495],[-105.022802,39.761496],[-105.022803,39.761496],[-105.022804,39.761497],[-105.022804,39.761498],[-105.022805,39.761499],[-105.022805,39.761499],[-105.022806,39.7615],[-105.022807,39.761501],[-105.022807,39.761502],[-105.022808,39.761502],[-105.022808,39.761503],[-105.022809,39.761504],[-105.022809,39.761505],[-105.02281,39.761506],[-105.02281,39.761506],[-105.02281,39.761507],[-105.022811,39.761508],[-105.022811,39.761509],[-105.022811,39.76151],[-105.022812,39.761511],[-105.022812,39.761511],[-105.022813,39.761512],[-105.022813,39.761513],[-105.022814,39.761514],[-105.022814,39.761516],[-105.022814,39.761516],[-105.022814,39.761886],[-105.022738,39.761886],[-105.022733,39.761886],[-105.022722,39.761886],[-105.022711,39.761885],[-105.022224,39.761883],[-105.022221,39.761883],[-105.022219,39.761883],[-105.022218,39.761883],[-105.022214,39.761883],[-105.021677,39.761884],[-105.021588,39.761884],[-105.021495,39.761884],[-105.021402,39.761884],[-105.021316,39.761884],[-105.021225,39.761884],[-105.021138,39.761885],[-105.021045,39.761885],[-105.020962,39.761885],[-105.020871,39.761885],[-105.020787,39.761885],[-105.020694,39.761885],[-105.020611,39.761885],[-105.020602,39.76156],[-105.020601,39.761521],[-105.020598,39.761402],[-105.020595,39.761318],[-105.020595,39.761289],[-105.020596,39.761284],[-105.020598,39.760897],[-105.020591,39.760894],[-105.020528,39.760871],[-105.020454,39.76084],[-105.020372,39.760804],[-105.020333,39.760789],[-105.020293,39.760771],[-105.020254,39.760753],[-105.020216,39.760733],[-105.020206,39.760727],[-105.020168,39.760706],[-105.020132,39.760684],[-105.020113,39.760672],[-105.020078,39.760649],[-105.020046,39.760625],[-105.020014,39.7606],[-105.019983,39.760574],[-105.019953,39.760547],[-105.019933,39.760529],[-105.019905,39.760501],[-105.019879,39.760472],[-105.019853,39.760442],[-105.01985,39.760438],[-105.019826,39.760408],[-105.019804,39.760377],[-105.019797,39.760367],[-105.019766,39.76032],[-105.019764,39.760318],[-105.019731,39.760273],[-105.019696,39.760228],[-105.019674,39.760202],[-105.019635,39.760158],[-105.019595,39.760116],[-105.019573,39.760094],[-105.019529,39.760054],[-105.019484,39.760014],[-105.019454,39.759989],[-105.019405,39.759952],[-105.019377,39.759931],[-105.01935,39.759914],[-105.019319,39.759892],[-105.019314,39.759889],[-105.019284,39.759866],[-105.019255,39.759843],[-105.019227,39.759819],[-105.0192,39.759794],[-105.019123,39.759764],[-105.018716,39.759604],[-105.018714,39.759603],[-105.018708,39.759601],[-105.018706,39.7596],[-105.018594,39.759567],[-105.01848,39.759536],[-105.018365,39.759509],[-105.018249,39.759484],[-105.018131,39.759463],[-105.018013,39.759445],[-105.018013,39.759445],[-105.017894,39.75943],[-105.017774,39.759418],[-105.017654,39.75941],[-105.017623,39.759409],[-105.017534,39.759405],[-105.017523,39.759404],[-105.017506,39.759403],[-105.017441,39.759396],[-105.017377,39.759387],[-105.017326,39.759376],[-105.017323,39.759375],[-105.017259,39.759361],[-105.01725,39.759358],[-105.017205,39.759344],[-105.017152,39.759329],[-105.017081,39.75931],[-105.017071,39.759307],[-105.016953,39.759271],[-105.016936,39.759265],[-105.016892,39.759251],[-105.016833,39.759227],[-105.016776,39.759208],[-105.016721,39.759182],[-105.01656,39.759109],[-105.01644,39.759058],[-105.016309,39.759006],[-105.016141,39.758945],[-105.016087,39.758926],[-105.01608,39.758924],[-105.016073,39.758922],[-105.016066,39.75892],[-105.01606,39.758918],[-105.016053,39.758915],[-105.016047,39.758912],[-105.016041,39.758909],[-105.016035,39.758906],[-105.016029,39.758903],[-105.016023,39.758899],[-105.016017,39.758896],[-105.016012,39.758892],[-105.016006,39.758888],[-105.016001,39.758884],[-105.015996,39.75888],[-105.015992,39.758876],[-105.015987,39.758871],[-105.015983,39.758867],[-105.015979,39.758862],[-105.015975,39.758857],[-105.015971,39.758852],[-105.015967,39.758847],[-105.015964,39.758842],[-105.015961,39.758837],[-105.015958,39.758832],[-105.015956,39.758827],[-105.015953,39.758821],[-105.015951,39.758816],[-105.01595,39.75881],[-105.015948,39.758805],[-105.015947,39.758799],[-105.015946,39.758794],[-105.015945,39.758788],[-105.015944,39.758783],[-105.015944,39.758777],[-105.015944,39.758771],[-105.015944,39.758766],[-105.015945,39.758494],[-105.016298,39.758499],[-105.016443,39.758498],[-105.016612,39.758501],[-105.01671,39.758501],[-105.016792,39.758501],[-105.016881,39.758502],[-105.017235,39.758504],[-105.018593,39.758511],[-105.0186,39.758511],[-105.018971,39.758511],[-105.018972,39.758511],[-105.018992,39.758511],[-105.019203,39.758513],[-105.019277,39.758514],[-105.019281,39.758514],[-105.019699,39.758521],[-105.019704,39.758521],[-105.019705,39.758521],[-105.020029,39.758522],[-105.020213,39.758522],[-105.020387,39.758522],[-105.020567,39.758522],[-105.020741,39.758523],[-105.020922,39.758524],[-105.021099,39.758524],[-105.021341,39.758525],[-105.021606,39.758666],[-105.02167,39.758701],[-105.021811,39.758775],[-105.021814,39.758772],[-105.022169,39.758979],[-105.022217,39.759007],[-105.022519,39.759183],[-105.022741,39.759306],[-105.022797,39.759338],[-105.023125,39.759489],[-105.023178,39.759509],[-105.023582,39.759653],[-105.023782,39.759723],[-105.024192,39.759865],[-105.024198,39.759867],[-105.024144,39.759931],[-105.024142,39.759934],[-105.024094,39.75999],[-105.024045,39.760047],[-105.023997,39.760104],[-105.02395,39.760158],[-105.023902,39.760214],[-105.02385,39.760276],[-105.023803,39.760331],[-105.023754,39.760387],[-105.023706,39.760444],[-105.023655,39.760504],[-105.023605,39.760562],[-105.023603,39.760562],[-105.02355,39.760558],[-105.023545,39.760719],[-105.023545,39.760732],[-105.023545,39.760735],[-105.023545,39.760737],[-105.023545,39.76074],[-105.023545,39.760742],[-105.023545,39.760745],[-105.023546,39.760747],[-105.023546,39.760749],[-105.023547,39.760752],[-105.023547,39.760754],[-105.023548,39.760757],[-105.023548,39.760759],[-105.023549,39.760761],[-105.02355,39.760764],[-105.023551,39.760766],[-105.023551,39.760768],[-105.023552,39.760771],[-105.023553,39.760773],[-105.023554,39.760775],[-105.023555,39.760778],[-105.023556,39.76078],[-105.023557,39.760782],[-105.023559,39.760784],[-105.02356,39.760787],[-105.023561,39.760789],[-105.023563,39.760791],[-105.023564,39.760793],[-105.023565,39.760795],[-105.023567,39.760797],[-105.023568,39.7608],[-105.02357,39.760802],[-105.023572,39.760804],[-105.023573,39.760806],[-105.023575,39.760808],[-105.023577,39.76081],[-105.023579,39.760812],[-105.02358,39.760814],[-105.023582,39.760816],[-105.023584,39.760818],[-105.023586,39.76082],[-105.023588,39.760821],[-105.02359,39.760823],[-105.023593,39.760825],[-105.023595,39.760827],[-105.023597,39.760829],[-105.023599,39.76083],[-105.023601,39.760832],[-105.023604,39.760834],[-105.023606,39.760835],[-105.023608,39.760837],[-105.023611,39.760838],[-105.023613,39.76084],[-105.023616,39.760841],[-105.023618,39.760843],[-105.023621,39.760844],[-105.023623,39.760846],[-105.023626,39.760847],[-105.023629,39.760848],[-105.023631,39.76085],[-105.023634,39.760851],[-105.023637,39.760852],[-105.023639,39.760853],[-105.023642,39.760854],[-105.023645,39.760855],[-105.023648,39.760857],[-105.023651,39.760858],[-105.023654,39.760859],[-105.023655,39.760859],[-105.023657,39.760859],[-105.023659,39.76086],[-105.023662,39.760861],[-105.023665,39.760862],[-105.023668,39.760863],[-105.023671,39.760864],[-105.023674,39.760864],[-105.023677,39.760865],[-105.02368,39.760866],[-105.023683,39.760866],[-105.023686,39.760867],[-105.02369,39.760867],[-105.023693,39.760868],[-105.023696,39.760868],[-105.023699,39.760869],[-105.023702,39.760869],[-105.023705,39.760869],[-105.023708,39.760869],[-105.023711,39.76087],[-105.023714,39.76087],[-105.023718,39.76087],[-105.023721,39.76087],[-105.023724,39.76087],[-105.023727,39.76087],[-105.02373,39.76087],[-105.023733,39.76087],[-105.023736,39.76087],[-105.02374,39.76087],[-105.023743,39.760869],[-105.023746,39.760869],[-105.023749,39.760869],[-105.023752,39.760869],[-105.023755,39.760868],[-105.023758,39.760868],[-105.023761,39.760867],[-105.023764,39.760867],[-105.023767,39.760866],[-105.023771,39.760866],[-105.023774,39.760865],[-105.023777,39.760864],[-105.02378,39.760864],[-105.023783,39.760863],[-105.023786,39.760862],[-105.023788,39.760861],[-105.023791,39.760861],[-105.023794,39.76086],[-105.023797,39.760859],[-105.0238,39.760858],[-105.023803,39.760857],[-105.023806,39.760856],[-105.023809,39.760855],[-105.023811,39.760853],[-105.023814,39.760852],[-105.023817,39.760851],[-105.02382,39.76085],[-105.023822,39.760849],[-105.023825,39.760847],[-105.023828,39.760846],[-105.02383,39.760845],[-105.023833,39.760843],[-105.023835,39.760842],[-105.023838,39.76084],[-105.02384,39.760839],[-105.023843,39.760837],[-105.023845,39.760836],[-105.023847,39.760834],[-105.02385,39.760832],[-105.023852,39.760831],[-105.023854,39.760829],[-105.023856,39.760827],[-105.023858,39.760825],[-105.023861,39.760824],[-105.023863,39.760822],[-105.023865,39.76082],[-105.023866,39.760819],[-105.023866,39.760819],[-105.023867,39.760818],[-105.023868,39.760817],[-105.023869,39.760816],[-105.02387,39.760815],[-105.02387,39.760815],[-105.023871,39.760814],[-105.023872,39.760813],[-105.023873,39.760812],[-105.023873,39.760811],[-105.023874,39.760811],[-105.023875,39.76081],[-105.023876,39.760809],[-105.023876,39.760808],[-105.023877,39.760807],[-105.023878,39.760807],[-105.023878,39.760806],[-105.023879,39.760805],[-105.02388,39.760804],[-105.02388,39.760803],[-105.023881,39.760802],[-105.023882,39.760801],[-105.023882,39.760801],[-105.023883,39.7608],[-105.023884,39.760799],[-105.023884,39.760798],[-105.023885,39.760797],[-105.023885,39.760796],[-105.023886,39.760795],[-105.023887,39.760795],[-105.023887,39.760794],[-105.023888,39.760793],[-105.023888,39.760792],[-105.023889,39.760791],[-105.02389,39.76079],[-105.02389,39.760789],[-105.02389,39.760788],[-105.023891,39.760788],[-105.023891,39.760787],[-105.023892,39.760786],[-105.023892,39.760785],[-105.023892,39.760785],[-105.023893,39.760784],[-105.023893,39.760783],[-105.023894,39.760782],[-105.023894,39.760782],[-105.023895,39.760781],[-105.023895,39.76078],[-105.023896,39.76078],[-105.023897,39.760779],[-105.023897,39.760778],[-105.023898,39.760778],[-105.023898,39.760777],[-105.023899,39.760776],[-105.0239,39.760776],[-105.0239,39.760775],[-105.023901,39.760774],[-105.023902,39.760774],[-105.023902,39.760773],[-105.023903,39.760773],[-105.023904,39.760772],[-105.023905,39.760772],[-105.023905,39.760771],[-105.023906,39.76077],[-105.023907,39.76077],[-105.023908,39.760769],[-105.023909,39.760769],[-105.023909,39.760768],[-105.02391,39.760768],[-105.023911,39.760767],[-105.023912,39.760767],[-105.023913,39.760766],[-105.023914,39.760766],[-105.023915,39.760766],[-105.023915,39.760765],[-105.023916,39.760765],[-105.023917,39.760764],[-105.023918,39.760764],[-105.023919,39.760764],[-105.02392,39.760763],[-105.023921,39.760763],[-105.023922,39.760762],[-105.023923,39.760762],[-105.023924,39.760762],[-105.023925,39.760762],[-105.023926,39.760761],[-105.023927,39.760761],[-105.023928,39.760761],[-105.023929,39.76076],[-105.02393,39.76076],[-105.023931,39.76076],[-105.023932,39.76076],[-105.023933,39.76076],[-105.023934,39.760759],[-105.023935,39.760759],[-105.023936,39.760759],[-105.023937,39.760759],[-105.023938,39.760759],[-105.023939,39.760759],[-105.02394,39.760758],[-105.023941,39.760759],[-105.023942,39.760758],[-105.023943,39.760758],[-105.023944,39.760758],[-105.023945,39.760758],[-105.023947,39.760758],[-105.023948,39.760758],[-105.02395,39.760758],[-105.023982,39.760762],[-105.024052,39.760771],[-105.024167,39.760785],[-105.024228,39.760792],[-105.024346,39.760806],[-105.024349,39.760806],[-105.024345,39.761287]]],[[[-105.02349,39.755445],[-105.023489,39.755933],[-105.023378,39.755933],[-105.023272,39.755933],[-105.023165,39.755933],[-105.023055,39.755933],[-105.022945,39.755933],[-105.022835,39.755933],[-105.022728,39.755933],[-105.022618,39.755933],[-105.022511,39.755933],[-105.022404,39.755933],[-105.022298,39.755933],[-105.022191,39.755933],[-105.021947,39.755938],[-105.021834,39.755938],[-105.02172,39.755939],[-105.021613,39.755939],[-105.021503,39.755939],[-105.021392,39.755939],[-105.021286,39.755939],[-105.020647,39.755939],[-105.020647,39.755859],[-105.020648,39.755774],[-105.020648,39.755692],[-105.020649,39.755609],[-105.020649,39.75553],[-105.02065,39.755445],[-105.020653,39.754952],[-105.02076,39.754952],[-105.020866,39.754953],[-105.020963,39.754953],[-105.020969,39.754953],[-105.021068,39.754953],[-105.021175,39.754954],[-105.021285,39.754954],[-105.021384,39.754955],[-105.021502,39.754955],[-105.021609,39.754956],[-105.021723,39.754956],[-105.021833,39.754957],[-105.021943,39.754957],[-105.022198,39.754952],[-105.022301,39.754952],[-105.022404,39.754952],[-105.022514,39.754952],[-105.022613,39.754951],[-105.022731,39.754951],[-105.022838,39.754951],[-105.022948,39.75495],[-105.023058,39.75495],[-105.023172,39.75495],[-105.023279,39.75495],[-105.023385,39.754949],[-105.023492,39.754949],[-105.02349,39.755445]]],[[[-105.019411,39.677688],[-105.019198,39.677688],[-105.018984,39.677689],[-105.018979,39.678497],[-105.018766,39.678498],[-105.018713,39.678498],[-105.018557,39.678499],[-105.018339,39.6785],[-105.01813,39.678501],[-105.018131,39.678278],[-105.018131,39.677998],[-105.018133,39.677719],[-105.018133,39.677692],[-105.018134,39.677444],[-105.018138,39.677157],[-105.01814,39.676878],[-105.018352,39.676877],[-105.018567,39.676876],[-105.018778,39.676876],[-105.018896,39.676875],[-105.018993,39.676875],[-105.019203,39.676873],[-105.019416,39.676872],[-105.019411,39.677688]]],[[[-105.018046,39.785782],[-105.018046,39.78585],[-105.018046,39.785918],[-105.018046,39.785983],[-105.018046,39.786052],[-105.018046,39.78612],[-105.018046,39.786189],[-105.018046,39.786255],[-105.018046,39.786326],[-105.018046,39.786394],[-105.018046,39.786463],[-105.018046,39.786598],[-105.018046,39.786665],[-105.018046,39.786737],[-105.018046,39.786804],[-105.018046,39.786878],[-105.018046,39.786945],[-105.018046,39.787016],[-105.018046,39.787088],[-105.018046,39.787157],[-105.018046,39.787224],[-105.018046,39.78729],[-105.018046,39.787353],[-105.017599,39.787351],[-105.017573,39.787352],[-105.017545,39.787352],[-105.017111,39.787351],[-105.017111,39.787289],[-105.017111,39.787222],[-105.017111,39.787154],[-105.017111,39.787089],[-105.017111,39.787017],[-105.017111,39.786945],[-105.017111,39.786874],[-105.017111,39.786805],[-105.017111,39.786737],[-105.017111,39.786665],[-105.017111,39.786597],[-105.017111,39.78653],[-105.017111,39.786461],[-105.017111,39.786394],[-105.017111,39.786323],[-105.017111,39.786255],[-105.017111,39.786187],[-105.017111,39.786121],[-105.017111,39.786055],[-105.017111,39.785983],[-105.017111,39.785919],[-105.017111,39.785848],[-105.017111,39.785781],[-105.017111,39.78571],[-105.01755,39.78571],[-105.017574,39.785709],[-105.017603,39.785709],[-105.018046,39.785709],[-105.018046,39.785782]]],[[[-105.015946,39.715842],[-105.015738,39.715772],[-105.015463,39.71569],[-105.015309,39.715613],[-105.014885,39.715612],[-105.014884,39.714911],[-105.015591,39.714908],[-105.015697,39.714908],[-105.015691,39.715526],[-105.015817,39.7155],[-105.015869,39.715541],[-105.016123,39.715541],[-105.016124,39.715927],[-105.015946,39.715842]]],[[[-105.015751,39.767006],[-105.015751,39.767074],[-105.015751,39.767143],[-105.015751,39.767212],[-105.01575,39.76728],[-105.01575,39.767349],[-105.01575,39.767418],[-105.01575,39.767486],[-105.01575,39.767555],[-105.01575,39.767623],[-105.01575,39.767692],[-105.01575,39.767761],[-105.01575,39.767829],[-105.01575,39.767898],[-105.01575,39.767964],[-105.015306,39.767964],[-105.015255,39.767964],[-105.015166,39.767964],[-105.015077,39.767964],[-105.014988,39.767964],[-105.014937,39.767964],[-105.014493,39.767963],[-105.014493,39.767896],[-105.014493,39.767828],[-105.014493,39.767759],[-105.014493,39.767691],[-105.014493,39.767622],[-105.014493,39.767553],[-105.014493,39.767485],[-105.014493,39.767416],[-105.014493,39.767348],[-105.014493,39.767279],[-105.014493,39.767244],[-105.014936,39.767246],[-105.014938,39.767179],[-105.014938,39.767142],[-105.014938,39.767074],[-105.014938,39.767005],[-105.014938,39.766938],[-105.014933,39.766915],[-105.014959,39.766915],[-105.014954,39.766842],[-105.014953,39.766372],[-105.014958,39.766343],[-105.014958,39.766306],[-105.014953,39.766306],[-105.014925,39.766306],[-105.014923,39.766306],[-105.014922,39.766275],[-105.014922,39.766208],[-105.014921,39.766139],[-105.01492,39.766071],[-105.014919,39.765998],[-105.014928,39.765998],[-105.014952,39.765998],[-105.014976,39.765998],[-105.015057,39.765998],[-105.015147,39.765998],[-105.015234,39.765998],[-105.015266,39.765998],[-105.015285,39.765998],[-105.015292,39.765998],[-105.015291,39.765987],[-105.015292,39.765933],[-105.015734,39.765933],[-105.015733,39.765998],[-105.015733,39.766011],[-105.015727,39.766054],[-105.015728,39.766069],[-105.015729,39.766138],[-105.015731,39.766207],[-105.015733,39.766278],[-105.015734,39.766345],[-105.015735,39.766383],[-105.015742,39.766409],[-105.015745,39.766417],[-105.015745,39.766478],[-105.015745,39.766546],[-105.015744,39.766615],[-105.015744,39.766682],[-105.015744,39.766749],[-105.015747,39.766839],[-105.015751,39.766939],[-105.015751,39.767006]]],[[[-105.013953,39.698086],[-105.013948,39.69689],[-105.015582,39.696894],[-105.015586,39.69809],[-105.013953,39.698086]]],[[[-105.013636,39.690798],[-105.011853,39.690794],[-105.011854,39.689862],[-105.012011,39.689587],[-105.013637,39.689595],[-105.013636,39.690798]]],[[[-105.013042,39.709703],[-105.01304,39.710621],[-105.012648,39.71062],[-105.012157,39.71062],[-105.012164,39.711059],[-105.0111,39.711058],[-105.011092,39.710443],[-105.011081,39.709436],[-105.011071,39.707574],[-105.011117,39.707574],[-105.011115,39.707458],[-105.01157,39.707456],[-105.011631,39.707456],[-105.013029,39.70745],[-105.01303,39.70757],[-105.013031,39.707763],[-105.013037,39.708569],[-105.013037,39.708598],[-105.013041,39.709199],[-105.013042,39.709436],[-105.013042,39.709703]]],[[[-105.012781,39.683379],[-105.01278,39.684007],[-105.012147,39.684002],[-105.011142,39.68399],[-105.011142,39.683196],[-105.011144,39.682393],[-105.012013,39.682403],[-105.012782,39.68241],[-105.012781,39.683379]]],[[[-105.00986,39.774429],[-105.009859,39.774567],[-105.009858,39.774775],[-105.009857,39.774916],[-105.009856,39.775053],[-105.009855,39.775252],[-105.009416,39.775253],[-105.009351,39.775253],[-105.008915,39.775253],[-105.008915,39.775186],[-105.008916,39.775116],[-105.008916,39.775049],[-105.008916,39.774982],[-105.008917,39.774915],[-105.008917,39.774845],[-105.008917,39.774778],[-105.008918,39.774704],[-105.008918,39.774631],[-105.008918,39.774566],[-105.008918,39.774494],[-105.008919,39.774427],[-105.008919,39.77436],[-105.008919,39.774297],[-105.00892,39.774219],[-105.009358,39.774218],[-105.00942,39.774218],[-105.009862,39.774218],[-105.00986,39.774429]]],[[[-105.009066,39.767773],[-105.009066,39.767823],[-105.009066,39.767879],[-105.009065,39.767965],[-105.009014,39.767965],[-105.008928,39.767965],[-105.008836,39.767964],[-105.008749,39.767964],[-105.008659,39.767964],[-105.008599,39.767967],[-105.008158,39.767965],[-105.008158,39.767889],[-105.008158,39.76782],[-105.008157,39.76775],[-105.008157,39.767681],[-105.008157,39.767613],[-105.008156,39.767541],[-105.008156,39.76747],[-105.008156,39.767404],[-105.008157,39.767345],[-105.008157,39.766934],[-105.008256,39.766934],[-105.008343,39.766934],[-105.008429,39.766935],[-105.008522,39.766935],[-105.008829,39.766936],[-105.009507,39.766937],[-105.009507,39.767344],[-105.009508,39.767403],[-105.009508,39.767473],[-105.009508,39.767542],[-105.009509,39.767614],[-105.009509,39.767682],[-105.009509,39.767751],[-105.009509,39.767773],[-105.009066,39.767773]]],[[[-105.007224,39.782462],[-105.006559,39.782461],[-105.006558,39.781957],[-105.006559,39.781452],[-105.006558,39.781363],[-105.007891,39.781361],[-105.007892,39.781452],[-105.007891,39.781953],[-105.007892,39.782461],[-105.007224,39.782462]]],[[[-105.005995,39.735177],[-105.005888,39.735176],[-105.005863,39.735176],[-105.005838,39.735176],[-105.005392,39.735174],[-105.005392,39.735098],[-105.005392,39.735025],[-105.005392,39.734959],[-105.005392,39.734888],[-105.005392,39.73482],[-105.005392,39.734749],[-105.005392,39.734699],[-105.005392,39.734682],[-105.005615,39.734683],[-105.005615,39.734665],[-105.005653,39.734665],[-105.005662,39.734665],[-105.005663,39.73464],[-105.005783,39.734641],[-105.005784,39.734616],[-105.005784,39.734547],[-105.005785,39.734476],[-105.005785,39.734427],[-105.005781,39.734409],[-105.005778,39.734393],[-105.005766,39.734336],[-105.00576,39.734307],[-105.005838,39.734298],[-105.005862,39.734295],[-105.005838,39.734178],[-105.005838,39.734177],[-105.005828,39.734131],[-105.005824,39.734111],[-105.005838,39.734109],[-105.005862,39.734106],[-105.005887,39.734103],[-105.005914,39.734099],[-105.005946,39.734247],[-105.005994,39.734494],[-105.006019,39.734884],[-105.006044,39.735177],[-105.005995,39.735177]]],[[[-105.004055,39.774172],[-105.00361,39.774171],[-105.003553,39.774171],[-105.003107,39.774171],[-105.002823,39.77417],[-105.002377,39.77417],[-105.00232,39.77417],[-105.001873,39.774169],[-105.001876,39.773139],[-105.001877,39.773032],[-105.002965,39.773036],[-105.002969,39.772646],[-105.003112,39.772647],[-105.003557,39.772647],[-105.003556,39.772922],[-105.003556,39.773141],[-105.003613,39.773141],[-105.004058,39.773142],[-105.004055,39.774172]]],[[[-105.002062,39.69659],[-105.001619,39.696588],[-105.001625,39.696109],[-105.002066,39.696112],[-105.002062,39.69659]]],[[[-105.0009,39.735169],[-105.000826,39.735169],[-105.000293,39.735169],[-105.000293,39.735091],[-105.000292,39.735026],[-105.000292,39.734954],[-105.000292,39.734886],[-105.000291,39.734813],[-105.000291,39.734752],[-105.00029,39.734681],[-105.00029,39.734612],[-105.00029,39.734541],[-105.000289,39.734475],[-105.000289,39.734406],[-105.000288,39.734336],[-105.000288,39.734268],[-105.000288,39.734198],[-105.000287,39.734129],[-105.000287,39.734065],[-105.000286,39.733995],[-105.000286,39.733926],[-105.000286,39.733859],[-105.000285,39.733792],[-105.000817,39.73379],[-105.000895,39.73379],[-105.000895,39.73379],[-105.00143,39.733788],[-105.001431,39.733856],[-105.001431,39.733924],[-105.001431,39.733992],[-105.001431,39.73406],[-105.001432,39.734127],[-105.001432,39.734198],[-105.001432,39.734268],[-105.001433,39.734337],[-105.001433,39.734405],[-105.001433,39.734472],[-105.001433,39.734541],[-105.001434,39.734613],[-105.001434,39.734682],[-105.001434,39.73475],[-105.001434,39.734814],[-105.001435,39.734886],[-105.001435,39.734956],[-105.001435,39.735025],[-105.001436,39.735094],[-105.001436,39.73517],[-105.0009,39.735169]]],[[[-104.996375,39.733078],[-104.996375,39.733145],[-104.996375,39.733215],[-104.996375,39.733281],[-104.996375,39.733349],[-104.996375,39.733418],[-104.996374,39.733488],[-104.996374,39.733559],[-104.995936,39.733558],[-104.995875,39.733558],[-104.995418,39.733557],[-104.995373,39.733556],[-104.995297,39.733556],[-104.995267,39.733555],[-104.995179,39.733555],[-104.994752,39.733556],[-104.994689,39.733556],[-104.99422,39.733553],[-104.99422,39.733484],[-104.99422,39.733415],[-104.994221,39.733343],[-104.994221,39.733276],[-104.994221,39.733211],[-104.994222,39.73314],[-104.994222,39.733073],[-104.994222,39.733008],[-104.994223,39.732917],[-104.994195,39.732917],[-104.994195,39.732913],[-104.994194,39.732845],[-104.994194,39.732785],[-104.994194,39.732773],[-104.994193,39.732702],[-104.994192,39.732634],[-104.994191,39.732565],[-104.99419,39.732496],[-104.99419,39.732428],[-104.994189,39.732356],[-104.994188,39.73229],[-104.994187,39.732222],[-104.994186,39.732106],[-104.994185,39.731994],[-104.994184,39.731924],[-104.994183,39.731856],[-104.994182,39.731788],[-104.994182,39.731717],[-104.994181,39.731652],[-104.99418,39.731584],[-104.994179,39.731514],[-104.994179,39.731447],[-104.994178,39.731379],[-104.994177,39.731308],[-104.994176,39.731239],[-104.994176,39.731177],[-104.994175,39.731108],[-104.994174,39.731041],[-104.994173,39.730973],[-104.994172,39.730905],[-104.994172,39.730836],[-104.994171,39.73077],[-104.99417,39.730703],[-104.994169,39.730638],[-104.994613,39.730635],[-104.99467,39.730634],[-104.995107,39.730631],[-104.995224,39.730631],[-104.995356,39.730631],[-104.9958,39.730633],[-104.995801,39.730698],[-104.995802,39.730766],[-104.995802,39.730834],[-104.995803,39.7309],[-104.995804,39.730954],[-104.995861,39.730954],[-104.9963,39.730952],[-104.9963,39.730966],[-104.996301,39.731038],[-104.996302,39.731104],[-104.996302,39.73117],[-104.996303,39.731238],[-104.996304,39.731304],[-104.996305,39.731373],[-104.996305,39.73144],[-104.996306,39.731493],[-104.996306,39.731509],[-104.996307,39.731577],[-104.996308,39.731646],[-104.996308,39.731717],[-104.996309,39.731787],[-104.99631,39.731854],[-104.996311,39.731923],[-104.996312,39.731987],[-104.996313,39.732101],[-104.996315,39.732218],[-104.996316,39.732284],[-104.996317,39.732346],[-104.996318,39.732419],[-104.996318,39.73249],[-104.996319,39.732558],[-104.99632,39.732627],[-104.996321,39.732697],[-104.996322,39.732764],[-104.996323,39.732833],[-104.996323,39.732906],[-104.996324,39.732929],[-104.996375,39.733012],[-104.996375,39.733078]]],[[[-104.995839,39.728812],[-104.995781,39.728813],[-104.995337,39.728817],[-104.995337,39.72875],[-104.995336,39.728684],[-104.995335,39.728614],[-104.995335,39.728544],[-104.995334,39.728477],[-104.995333,39.728408],[-104.995332,39.728339],[-104.995332,39.728273],[-104.995331,39.728203],[-104.99533,39.728136],[-104.995329,39.728063],[-104.995329,39.727992],[-104.995328,39.727925],[-104.995327,39.727854],[-104.995327,39.727785],[-104.995326,39.727718],[-104.995325,39.727649],[-104.995324,39.727582],[-104.995324,39.727513],[-104.995323,39.727448],[-104.995326,39.727332],[-104.995328,39.727226],[-104.995327,39.727164],[-104.995326,39.727094],[-104.995324,39.72703],[-104.995323,39.72696],[-104.995322,39.726892],[-104.995321,39.726868],[-104.995624,39.726863],[-104.995663,39.726888],[-104.995763,39.726886],[-104.995819,39.726886],[-104.995819,39.726869],[-104.995819,39.726817],[-104.995821,39.726817],[-104.996255,39.726813],[-104.996256,39.726881],[-104.996256,39.72695],[-104.996257,39.727019],[-104.996258,39.727083],[-104.996258,39.727153],[-104.996259,39.727213],[-104.99626,39.727323],[-104.996261,39.727438],[-104.996261,39.727501],[-104.996262,39.727571],[-104.996262,39.727639],[-104.996263,39.72771],[-104.996263,39.727774],[-104.996264,39.727845],[-104.996265,39.727912],[-104.996266,39.727983],[-104.996267,39.728053],[-104.996268,39.728124],[-104.996269,39.728192],[-104.99627,39.728263],[-104.996271,39.728329],[-104.996271,39.7284],[-104.996272,39.728468],[-104.996273,39.728535],[-104.996274,39.728604],[-104.996275,39.728672],[-104.996276,39.728742],[-104.996277,39.728808],[-104.995839,39.728812]]],[[[-104.994638,39.720873],[-104.994574,39.720873],[-104.994133,39.720875],[-104.993904,39.720876],[-104.993469,39.720878],[-104.993462,39.720878],[-104.993462,39.720801],[-104.993462,39.720734],[-104.993462,39.720659],[-104.993462,39.72059],[-104.993462,39.720524],[-104.993462,39.720453],[-104.993462,39.720383],[-104.993462,39.720315],[-104.993462,39.720246],[-104.993461,39.720181],[-104.993461,39.72011],[-104.993461,39.720036],[-104.993461,39.719971],[-104.993461,39.719905],[-104.993461,39.719834],[-104.993461,39.719768],[-104.993461,39.719703],[-104.993461,39.719634],[-104.993461,39.719569],[-104.993461,39.719498],[-104.993461,39.719451],[-104.993466,39.719451],[-104.993902,39.71945],[-104.994129,39.719449],[-104.994572,39.719447],[-104.994634,39.719447],[-104.995072,39.719446],[-104.995072,39.719494],[-104.995072,39.719568],[-104.995072,39.719635],[-104.995072,39.719703],[-104.995072,39.719766],[-104.995072,39.719833],[-104.995072,39.719901],[-104.995072,39.719971],[-104.995072,39.72004],[-104.995072,39.720113],[-104.995072,39.720178],[-104.995072,39.720244],[-104.995072,39.720315],[-104.995072,39.720382],[-104.995072,39.72045],[-104.995073,39.72052],[-104.995073,39.72059],[-104.995073,39.720658],[-104.995073,39.720732],[-104.995073,39.720802],[-104.995073,39.720871],[-104.994638,39.720873]]],[[[-104.994628,39.725592],[-104.994564,39.725592],[-104.994121,39.72559],[-104.993885,39.725591],[-104.993449,39.72559],[-104.993385,39.725591],[-104.992947,39.725587],[-104.992946,39.725543],[-104.992945,39.725471],[-104.992943,39.725406],[-104.992942,39.725336],[-104.992941,39.725268],[-104.99294,39.7252],[-104.992938,39.725131],[-104.992937,39.725062],[-104.992936,39.724993],[-104.992934,39.724927],[-104.992933,39.724855],[-104.992932,39.724788],[-104.992931,39.724717],[-104.992929,39.724647],[-104.992928,39.724578],[-104.992927,39.724512],[-104.992926,39.724441],[-104.992924,39.724373],[-104.992923,39.724307],[-104.992922,39.724235],[-104.993364,39.724237],[-104.993433,39.724235],[-104.993873,39.724235],[-104.994109,39.724236],[-104.994549,39.724235],[-104.994607,39.724234],[-104.995065,39.724234],[-104.995066,39.724302],[-104.995066,39.724368],[-104.995066,39.724436],[-104.995067,39.724504],[-104.995067,39.724574],[-104.995068,39.724644],[-104.995068,39.724714],[-104.995068,39.724784],[-104.995069,39.724855],[-104.995069,39.724923],[-104.995069,39.72499],[-104.99507,39.725059],[-104.99507,39.725127],[-104.995071,39.725197],[-104.995071,39.725264],[-104.995071,39.725334],[-104.995072,39.725401],[-104.995072,39.725471],[-104.995072,39.725538],[-104.995073,39.725594],[-104.994628,39.725592]]],[[[-104.99103,39.732361],[-104.991023,39.732361],[-104.991023,39.732292],[-104.991023,39.732223],[-104.991023,39.732151],[-104.991034,39.732151],[-104.991559,39.73215],[-104.991559,39.732225],[-104.99156,39.732292],[-104.99156,39.73236],[-104.99103,39.732361]]],[[[-104.987224,39.755617],[-104.987206,39.755632],[-104.986891,39.755386],[-104.986871,39.75537],[-104.986994,39.755273],[-104.987013,39.75529],[-104.987225,39.755455],[-104.987224,39.755617]]],[[[-104.98689,39.777269],[-104.986889,39.777368],[-104.986889,39.77742],[-104.986889,39.777487],[-104.986889,39.777558],[-104.986889,39.777628],[-104.986888,39.777695],[-104.986888,39.777763],[-104.986888,39.777833],[-104.98645,39.777834],[-104.986372,39.777834],[-104.986372,39.777903],[-104.986371,39.777974],[-104.986371,39.778043],[-104.986371,39.778112],[-104.986371,39.778181],[-104.98637,39.778248],[-104.98637,39.778248],[-104.98637,39.778248],[-104.98606,39.778248],[-104.985927,39.778248],[-104.985927,39.778182],[-104.985927,39.778112],[-104.985927,39.778044],[-104.985928,39.777974],[-104.985928,39.777902],[-104.985928,39.777834],[-104.985928,39.777765],[-104.985928,39.777695],[-104.985928,39.777628],[-104.985928,39.777559],[-104.985928,39.777485],[-104.985929,39.77742],[-104.985929,39.777352],[-104.985929,39.777281],[-104.985929,39.777214],[-104.985929,39.777146],[-104.985929,39.777076],[-104.985929,39.776989],[-104.98593,39.776916],[-104.98595,39.776924],[-104.98595,39.776905],[-104.98595,39.776872],[-104.985951,39.776806],[-104.985952,39.776735],[-104.985953,39.776667],[-104.985954,39.776601],[-104.986396,39.776601],[-104.986467,39.776601],[-104.986913,39.776602],[-104.986913,39.776667],[-104.986913,39.776736],[-104.986913,39.776804],[-104.986913,39.776871],[-104.986913,39.776941],[-104.986913,39.777006],[-104.986914,39.777076],[-104.986914,39.777146],[-104.986914,39.777212],[-104.986914,39.777279],[-104.98689,39.777269]]],[[[-104.98662,39.756083],[-104.98655,39.756137],[-104.986485,39.756186],[-104.986424,39.756233],[-104.986363,39.75628],[-104.986301,39.756327],[-104.986239,39.756375],[-104.986177,39.756422],[-104.986111,39.756473],[-104.98605,39.75652],[-104.985987,39.756568],[-104.985926,39.756615],[-104.985861,39.756665],[-104.985794,39.756716],[-104.985734,39.756763],[-104.985667,39.756813],[-104.98563,39.756843],[-104.98559,39.756873],[-104.985569,39.756889],[-104.985165,39.756574],[-104.984901,39.756368],[-104.984916,39.756356],[-104.984958,39.756324],[-104.984996,39.756295],[-104.985061,39.756246],[-104.985124,39.756197],[-104.985157,39.756172],[-104.985187,39.756149],[-104.985252,39.756099],[-104.985279,39.756078],[-104.985313,39.756052],[-104.985377,39.756003],[-104.985438,39.755956],[-104.985502,39.755907],[-104.985566,39.755859],[-104.985627,39.755811],[-104.985692,39.755762],[-104.985754,39.755714],[-104.985815,39.755667],[-104.985881,39.755617],[-104.985949,39.755565],[-104.986017,39.755513],[-104.986331,39.755756],[-104.986374,39.755787],[-104.986688,39.75603],[-104.98662,39.756083]]],[[[-104.985957,39.745532],[-104.985957,39.7456],[-104.985957,39.745669],[-104.985957,39.745806],[-104.985957,39.745875],[-104.985957,39.745943],[-104.985957,39.746081],[-104.985521,39.74608],[-104.985512,39.74608],[-104.985512,39.746011],[-104.985512,39.745942],[-104.985512,39.745874],[-104.985512,39.745805],[-104.985512,39.745668],[-104.985512,39.745599],[-104.985512,39.745531],[-104.985512,39.745462],[-104.985529,39.745464],[-104.985957,39.745463],[-104.985957,39.745532]]],[[[-104.984713,39.729856],[-104.984714,39.729923],[-104.984713,39.730059],[-104.984713,39.730129],[-104.984712,39.730199],[-104.984713,39.730268],[-104.984712,39.730337],[-104.984266,39.730336],[-104.984267,39.730266],[-104.984268,39.730126],[-104.984269,39.729921],[-104.984269,39.729853],[-104.984269,39.729786],[-104.984269,39.729752],[-104.984315,39.729752],[-104.984401,39.729753],[-104.984582,39.729753],[-104.984667,39.729753],[-104.984713,39.729754],[-104.984714,39.729788],[-104.984713,39.729856]]],[[[-104.984516,39.693178],[-104.984515,39.693384],[-104.984514,39.69359],[-104.984513,39.693865],[-104.984511,39.694139],[-104.984081,39.694138],[-104.984081,39.694069],[-104.984082,39.694042],[-104.983868,39.694041],[-104.983868,39.69405],[-104.983541,39.694049],[-104.983516,39.69405],[-104.983491,39.694054],[-104.983467,39.694061],[-104.983444,39.69407],[-104.983424,39.694082],[-104.983407,39.694094],[-104.983393,39.694108],[-104.983381,39.694124],[-104.98337,39.694144],[-104.983363,39.694165],[-104.983361,39.694187],[-104.983361,39.694191],[-104.983363,39.694213],[-104.983369,39.694234],[-104.98338,39.694254],[-104.98338,39.694273],[-104.982936,39.694272],[-104.982937,39.693997],[-104.982939,39.693723],[-104.98294,39.693517],[-104.982941,39.693311],[-104.982942,39.693105],[-104.983386,39.693106],[-104.983429,39.693106],[-104.983873,39.693108],[-104.984015,39.693108],[-104.984086,39.693108],[-104.984517,39.69311],[-104.984516,39.693178]]],[[[-104.983449,39.730052],[-104.983448,39.730193],[-104.983447,39.730332],[-104.983014,39.730331],[-104.983013,39.730261],[-104.983013,39.730191],[-104.983013,39.73012],[-104.983012,39.730052],[-104.983012,39.729981],[-104.983011,39.729915],[-104.98345,39.729917],[-104.983449,39.730052]]],[[[-104.982932,39.749497],[-104.982869,39.749546],[-104.982808,39.749593],[-104.982745,39.749642],[-104.982684,39.749689],[-104.982618,39.74974],[-104.982554,39.749789],[-104.982531,39.749807],[-104.98249,39.749838],[-104.982429,39.749886],[-104.982366,39.749934],[-104.982319,39.74997],[-104.982302,39.749983],[-104.982237,39.750033],[-104.982174,39.750082],[-104.982111,39.750132],[-104.982051,39.750179],[-104.981987,39.75023],[-104.981672,39.749984],[-104.981628,39.749952],[-104.981319,39.749712],[-104.981385,39.749661],[-104.981446,39.749615],[-104.981509,39.749566],[-104.981572,39.749518],[-104.981637,39.749468],[-104.9817,39.749419],[-104.981764,39.74937],[-104.98181,39.749335],[-104.981823,39.749325],[-104.981887,39.749276],[-104.98195,39.749228],[-104.982015,39.749179],[-104.982077,39.749132],[-104.982142,39.749083],[-104.982201,39.749038],[-104.982266,39.748988],[-104.98233,39.748939],[-104.982641,39.749176],[-104.982682,39.749208],[-104.982995,39.749448],[-104.982932,39.749497]]],[[[-104.981495,39.703697],[-104.981496,39.703765],[-104.981496,39.703873],[-104.981058,39.703874],[-104.981014,39.703876],[-104.98058,39.703884],[-104.980579,39.703774],[-104.980578,39.703703],[-104.980578,39.703637],[-104.980577,39.703567],[-104.980577,39.703501],[-104.980577,39.703438],[-104.980577,39.703427],[-104.980576,39.703362],[-104.980575,39.703294],[-104.980574,39.703225],[-104.980573,39.703155],[-104.980572,39.703089],[-104.980571,39.70302],[-104.98057,39.702954],[-104.980569,39.702882],[-104.980569,39.702816],[-104.980568,39.70275],[-104.980567,39.702682],[-104.980566,39.70261],[-104.980566,39.702597],[-104.980609,39.702596],[-104.980694,39.702596],[-104.980988,39.702593],[-104.98101,39.702593],[-104.981049,39.702593],[-104.981052,39.702593],[-104.981052,39.702614],[-104.981052,39.702642],[-104.981098,39.702642],[-104.981183,39.702641],[-104.981364,39.70264],[-104.981447,39.702639],[-104.981495,39.702639],[-104.981495,39.702673],[-104.981495,39.702743],[-104.981495,39.70281],[-104.981495,39.702876],[-104.981495,39.702947],[-104.981495,39.703015],[-104.981495,39.703082],[-104.981495,39.703149],[-104.981495,39.703216],[-104.981495,39.703284],[-104.981495,39.703356],[-104.981495,39.703428],[-104.981495,39.703491],[-104.981495,39.70356],[-104.981496,39.703627],[-104.981495,39.703697]]],[[[-104.980352,39.684247],[-104.98035,39.684452],[-104.980349,39.684655],[-104.980348,39.684792],[-104.980346,39.684999],[-104.980345,39.685137],[-104.980343,39.685345],[-104.980342,39.685485],[-104.980341,39.685687],[-104.979897,39.685688],[-104.979842,39.685688],[-104.979399,39.685688],[-104.9794,39.685555],[-104.979402,39.685345],[-104.979403,39.685204],[-104.979404,39.684999],[-104.979405,39.684861],[-104.979406,39.684726],[-104.979408,39.684521],[-104.979409,39.684452],[-104.97941,39.684384],[-104.979411,39.684315],[-104.979412,39.684184],[-104.979414,39.684117],[-104.979853,39.684117],[-104.979908,39.684117],[-104.980353,39.684117],[-104.980352,39.684247]]],[[[-104.979857,39.714643],[-104.979805,39.714642],[-104.979458,39.714642],[-104.979442,39.714642],[-104.979356,39.714642],[-104.979356,39.714577],[-104.979355,39.71451],[-104.979355,39.714444],[-104.979354,39.714376],[-104.979354,39.714309],[-104.979354,39.714239],[-104.979353,39.71417],[-104.979353,39.714101],[-104.979353,39.714035],[-104.979352,39.713966],[-104.979352,39.713899],[-104.979351,39.713832],[-104.979351,39.713756],[-104.979351,39.713691],[-104.97935,39.713621],[-104.97935,39.71355],[-104.97935,39.71348],[-104.979349,39.71341],[-104.97935,39.713343],[-104.979349,39.713271],[-104.97935,39.713206],[-104.979349,39.713134],[-104.97935,39.713069],[-104.97935,39.713001],[-104.97979,39.713002],[-104.979845,39.713003],[-104.980173,39.713006],[-104.980219,39.713007],[-104.980286,39.713007],[-104.980287,39.713065],[-104.980287,39.713131],[-104.980287,39.7132],[-104.980288,39.713269],[-104.980288,39.713337],[-104.980288,39.713409],[-104.980289,39.713477],[-104.980289,39.713547],[-104.98029,39.713615],[-104.98029,39.713686],[-104.98029,39.713754],[-104.980291,39.713826],[-104.980291,39.713894],[-104.980291,39.713965],[-104.980292,39.714032],[-104.980292,39.714102],[-104.980293,39.71417],[-104.980293,39.714237],[-104.980293,39.714305],[-104.980294,39.714374],[-104.980294,39.71444],[-104.980295,39.714506],[-104.980295,39.714575],[-104.980295,39.714645],[-104.979857,39.714643]]],[[[-104.976168,39.758775],[-104.975495,39.758271],[-104.977133,39.756994],[-104.977815,39.757499],[-104.976168,39.758775]]],[[[-104.977508,39.738236],[-104.977508,39.738267],[-104.977508,39.73832],[-104.977425,39.73832],[-104.977343,39.73832],[-104.977252,39.738319],[-104.97716,39.738319],[-104.977065,39.738318],[-104.977001,39.738317],[-104.976923,39.738316],[-104.976831,39.738315],[-104.976751,39.738315],[-104.97666,39.738314],[-104.976571,39.738314],[-104.97657,39.738258],[-104.97657,39.73823],[-104.976567,39.737973],[-104.976566,39.737902],[-104.976566,39.737833],[-104.976565,39.737764],[-104.976565,39.737694],[-104.976565,39.737618],[-104.976564,39.737553],[-104.976564,39.737483],[-104.976565,39.737349],[-104.976565,39.737279],[-104.97656,39.736942],[-104.976644,39.736942],[-104.976731,39.736942],[-104.976816,39.736942],[-104.976909,39.736941],[-104.976999,39.736941],[-104.977054,39.736943],[-104.977145,39.736943],[-104.977236,39.736943],[-104.977326,39.736943],[-104.977413,39.736943],[-104.977499,39.736944],[-104.977499,39.737003],[-104.977499,39.737025],[-104.977498,39.73728],[-104.977499,39.737349],[-104.977501,39.737414],[-104.977501,39.737486],[-104.977502,39.737557],[-104.977503,39.737629],[-104.977505,39.737694],[-104.977506,39.737764],[-104.977506,39.737833],[-104.977508,39.737903],[-104.977509,39.737972],[-104.977508,39.738236]]],[[[-104.973551,39.730322],[-104.973514,39.730321],[-104.973486,39.730321],[-104.973176,39.730321],[-104.973155,39.730321],[-104.973074,39.73032],[-104.973073,39.730251],[-104.973073,39.730185],[-104.973072,39.730117],[-104.973072,39.730046],[-104.973072,39.72998],[-104.973071,39.729909],[-104.973071,39.729845],[-104.973071,39.729774],[-104.97307,39.729707],[-104.97307,39.729638],[-104.97307,39.729616],[-104.973069,39.72957],[-104.973069,39.729504],[-104.973069,39.729439],[-104.973067,39.729369],[-104.973067,39.729302],[-104.973067,39.729234],[-104.973065,39.729161],[-104.973481,39.729161],[-104.973536,39.729161],[-104.973625,39.729161],[-104.97371,39.729161],[-104.973799,39.729161],[-104.973886,39.729161],[-104.973992,39.729162],[-104.973993,39.729505],[-104.973993,39.72955],[-104.973993,39.729621],[-104.973994,39.729693],[-104.973994,39.729763],[-104.973995,39.729831],[-104.973994,39.729901],[-104.973994,39.729972],[-104.973995,39.730041],[-104.973995,39.730114],[-104.973995,39.730184],[-104.973996,39.730252],[-104.973996,39.730322],[-104.973551,39.730322]]],[[[-104.973218,39.75719],[-104.973218,39.757258],[-104.973218,39.757329],[-104.973218,39.757395],[-104.973218,39.757468],[-104.973217,39.757533],[-104.973217,39.7576],[-104.973217,39.757669],[-104.973217,39.757736],[-104.973217,39.757807],[-104.973217,39.757872],[-104.973216,39.757944],[-104.973216,39.758011],[-104.973216,39.758078],[-104.973216,39.758144],[-104.972777,39.758142],[-104.972715,39.758143],[-104.97228,39.758143],[-104.97228,39.758077],[-104.972279,39.758011],[-104.972279,39.757944],[-104.972278,39.757872],[-104.972278,39.757806],[-104.972277,39.757736],[-104.972277,39.757669],[-104.972277,39.7576],[-104.972276,39.757533],[-104.972276,39.757467],[-104.972275,39.757394],[-104.972275,39.757329],[-104.972274,39.757258],[-104.972274,39.75719],[-104.972273,39.757122],[-104.972713,39.757122],[-104.972778,39.757122],[-104.973218,39.757122],[-104.973218,39.75719]]],[[[-104.972759,39.753122],[-104.9727,39.75312],[-104.972257,39.753122],[-104.972116,39.75312],[-104.971975,39.753118],[-104.971526,39.753116],[-104.971474,39.753117],[-104.971027,39.753115],[-104.971027,39.753047],[-104.971026,39.752977],[-104.971026,39.752911],[-104.971026,39.752842],[-104.971025,39.752774],[-104.971025,39.752706],[-104.971025,39.752635],[-104.971025,39.752565],[-104.971024,39.752498],[-104.971024,39.752428],[-104.971024,39.752361],[-104.971023,39.752289],[-104.971023,39.752219],[-104.971023,39.752152],[-104.971022,39.752081],[-104.971467,39.752081],[-104.971522,39.752081],[-104.971972,39.752082],[-104.972112,39.752082],[-104.972253,39.752083],[-104.9727,39.752084],[-104.972757,39.752082],[-104.973205,39.752085],[-104.973206,39.752157],[-104.973206,39.752223],[-104.973206,39.752291],[-104.973207,39.752364],[-104.973207,39.752435],[-104.973208,39.752504],[-104.973208,39.752571],[-104.973209,39.752641],[-104.973209,39.752712],[-104.97321,39.752777],[-104.97321,39.752844],[-104.97321,39.752913],[-104.973211,39.752981],[-104.973211,39.753052],[-104.973212,39.753121],[-104.972759,39.753122]]],[[[-104.972143,39.678792],[-104.972142,39.679],[-104.97214,39.679067],[-104.972139,39.679274],[-104.972138,39.67941],[-104.972136,39.679617],[-104.972135,39.679754],[-104.972134,39.67982],[-104.972133,39.679889],[-104.972132,39.680025],[-104.972131,39.680228],[-104.971686,39.680227],[-104.971635,39.680227],[-104.971188,39.680226],[-104.971189,39.680158],[-104.97119,39.679951],[-104.971192,39.679749],[-104.971193,39.679542],[-104.971195,39.679339],[-104.971196,39.679202],[-104.971197,39.678996],[-104.971199,39.678788],[-104.9712,39.678642],[-104.971646,39.678644],[-104.971701,39.678644],[-104.972144,39.678646],[-104.972143,39.678792]]],[[[-104.971146,39.711032],[-104.97114,39.709385],[-104.972102,39.709383],[-104.972107,39.711032],[-104.971146,39.711032]]],[[[-104.971965,39.762187],[-104.971965,39.762257],[-104.971964,39.762325],[-104.971964,39.762394],[-104.971964,39.762463],[-104.971964,39.762532],[-104.971964,39.762601],[-104.971963,39.762666],[-104.971963,39.762736],[-104.971963,39.762807],[-104.971963,39.762878],[-104.971962,39.762949],[-104.971962,39.76302],[-104.971962,39.763086],[-104.971962,39.763149],[-104.971521,39.763149],[-104.97146,39.763149],[-104.971017,39.763148],[-104.970725,39.763144],[-104.970252,39.763145],[-104.969777,39.763145],[-104.96949,39.763147],[-104.96949,39.763369],[-104.96949,39.763438],[-104.96949,39.763506],[-104.96949,39.763577],[-104.969489,39.763647],[-104.969489,39.763714],[-104.969489,39.763779],[-104.969489,39.763845],[-104.969489,39.763913],[-104.969489,39.763984],[-104.969489,39.764051],[-104.969489,39.764119],[-104.969488,39.764191],[-104.969488,39.764258],[-104.969488,39.764324],[-104.969488,39.764388],[-104.969042,39.764389],[-104.969016,39.764389],[-104.96899,39.764388],[-104.968543,39.764389],[-104.968542,39.764324],[-104.968542,39.764256],[-104.968542,39.764191],[-104.968541,39.76412],[-104.968541,39.764049],[-104.968541,39.763983],[-104.96854,39.763912],[-104.96854,39.763845],[-104.96854,39.763777],[-104.968539,39.763713],[-104.968539,39.763643],[-104.968539,39.763574],[-104.968538,39.763505],[-104.968538,39.763436],[-104.968538,39.763368],[-104.968541,39.763143],[-104.968542,39.763078],[-104.968542,39.763015],[-104.968542,39.762943],[-104.968543,39.762873],[-104.968543,39.762801],[-104.968543,39.76273],[-104.968544,39.76266],[-104.968544,39.762596],[-104.968544,39.762526],[-104.968545,39.762455],[-104.968545,39.762387],[-104.968545,39.762319],[-104.968546,39.762248],[-104.968546,39.762178],[-104.968546,39.762105],[-104.968994,39.762107],[-104.969021,39.762107],[-104.969049,39.762107],[-104.969495,39.762108],[-104.969786,39.76211],[-104.970256,39.762111],[-104.97073,39.762113],[-104.971021,39.762112],[-104.971465,39.762112],[-104.971524,39.762115],[-104.971965,39.762115],[-104.971965,39.762187]]],[[[-104.969518,39.755864],[-104.969518,39.755931],[-104.969518,39.755994],[-104.969518,39.756066],[-104.969519,39.75613],[-104.969519,39.756202],[-104.969519,39.756272],[-104.969519,39.756334],[-104.96952,39.756405],[-104.96952,39.756477],[-104.96952,39.756544],[-104.96952,39.756614],[-104.969521,39.756684],[-104.969521,39.756751],[-104.969521,39.756821],[-104.969521,39.756887],[-104.969071,39.756889],[-104.969012,39.756889],[-104.96884,39.756888],[-104.968572,39.756887],[-104.968269,39.756879],[-104.968269,39.756993],[-104.966089,39.756991],[-104.966098,39.75688],[-104.966098,39.75681],[-104.966098,39.75674],[-104.966098,39.756669],[-104.966098,39.7566],[-104.966098,39.756534],[-104.966098,39.756464],[-104.966098,39.756395],[-104.966099,39.756325],[-104.966099,39.756256],[-104.966099,39.756188],[-104.966099,39.756119],[-104.966099,39.75605],[-104.966099,39.755982],[-104.966099,39.755916],[-104.966099,39.755847],[-104.966101,39.755627],[-104.966101,39.755557],[-104.966101,39.755487],[-104.966101,39.755422],[-104.966102,39.755352],[-104.966102,39.755285],[-104.966102,39.755213],[-104.966102,39.755145],[-104.966102,39.755077],[-104.966102,39.755007],[-104.966102,39.754936],[-104.966102,39.754866],[-104.966102,39.754798],[-104.966103,39.754722],[-104.966103,39.754653],[-104.966103,39.754587],[-104.966549,39.754588],[-104.966606,39.754586],[-104.967051,39.754591],[-104.967334,39.754589],[-104.967779,39.754591],[-104.967833,39.75459],[-104.968279,39.754592],[-104.968566,39.754593],[-104.968843,39.754595],[-104.969015,39.754596],[-104.969075,39.754598],[-104.969521,39.754598],[-104.969521,39.754668],[-104.969521,39.754729],[-104.969521,39.754812],[-104.969521,39.754888],[-104.969521,39.754954],[-104.969521,39.755019],[-104.969521,39.75509],[-104.969521,39.755159],[-104.969521,39.755231],[-104.969521,39.755299],[-104.969521,39.755373],[-104.969521,39.755443],[-104.969521,39.755509],[-104.969521,39.755578],[-104.969521,39.755645],[-104.969518,39.755864]]],[[[-104.968614,39.69286],[-104.964181,39.692857],[-104.964196,39.690293],[-104.964056,39.689833],[-104.964058,39.689328],[-104.964258,39.689328],[-104.964058,39.688726],[-104.964057,39.6876],[-104.964057,39.687438],[-104.964057,39.687238],[-104.964058,39.685711],[-104.964151,39.685712],[-104.965463,39.686367],[-104.967466,39.687368],[-104.968611,39.688303],[-104.96861,39.68934],[-104.968645,39.68934],[-104.968614,39.69286]]],[[[-104.96825,39.767117],[-104.968249,39.767189],[-104.968249,39.767259],[-104.968249,39.767324],[-104.968249,39.767392],[-104.968249,39.767469],[-104.968249,39.767508],[-104.968249,39.767552],[-104.968249,39.767602],[-104.968249,39.76765],[-104.968249,39.767671],[-104.968249,39.767737],[-104.968248,39.767807],[-104.968248,39.767875],[-104.968248,39.767941],[-104.968248,39.768012],[-104.968248,39.768081],[-104.967803,39.768079],[-104.967744,39.768079],[-104.967298,39.768077],[-104.967298,39.768007],[-104.967298,39.767937],[-104.967298,39.767871],[-104.967298,39.767803],[-104.967299,39.767734],[-104.967299,39.767666],[-104.967299,39.767599],[-104.967299,39.767547],[-104.967299,39.767501],[-104.967299,39.767462],[-104.967299,39.767392],[-104.9673,39.767322],[-104.9673,39.767255],[-104.9673,39.767187],[-104.9673,39.767116],[-104.9673,39.767042],[-104.967746,39.767044],[-104.967805,39.767044],[-104.96825,39.767047],[-104.96825,39.767117]]],[[[-104.965822,39.741803],[-104.965822,39.741868],[-104.965822,39.741941],[-104.965821,39.742005],[-104.965821,39.742078],[-104.96582,39.742142],[-104.96582,39.742215],[-104.96582,39.74228],[-104.965819,39.742348],[-104.965819,39.742421],[-104.965818,39.742485],[-104.965818,39.742554],[-104.965817,39.742619],[-104.965817,39.742691],[-104.965817,39.742756],[-104.965816,39.74282],[-104.965816,39.742893],[-104.965815,39.742962],[-104.965815,39.743066],[-104.965373,39.743067],[-104.965313,39.743066],[-104.964873,39.743067],[-104.964873,39.74296],[-104.964873,39.742891],[-104.964873,39.742818],[-104.964873,39.742754],[-104.964872,39.742685],[-104.964872,39.742616],[-104.964872,39.742552],[-104.964872,39.742487],[-104.964872,39.742419],[-104.964872,39.742346],[-104.964872,39.742277],[-104.964872,39.742213],[-104.964872,39.74214],[-104.964872,39.742076],[-104.964872,39.742003],[-104.964871,39.741938],[-104.964871,39.74187],[-104.964871,39.741801],[-104.964871,39.741739],[-104.965316,39.741736],[-104.965373,39.741739],[-104.965823,39.74174],[-104.965822,39.741803]]],[[[-104.959895,39.751853],[-104.959895,39.751174],[-104.960844,39.751174],[-104.960846,39.751852],[-104.959895,39.751853]]],[[[-104.958714,39.769264],[-104.958572,39.769263],[-104.958431,39.769262],[-104.958058,39.769261],[-104.957984,39.76926],[-104.957953,39.76926],[-104.957953,39.768843],[-104.957953,39.768227],[-104.957981,39.768227],[-104.958427,39.768229],[-104.95857,39.768229],[-104.958713,39.76823],[-104.959158,39.768232],[-104.959158,39.768297],[-104.959158,39.768366],[-104.959158,39.768435],[-104.959159,39.768503],[-104.959159,39.768572],[-104.959159,39.768642],[-104.959159,39.76871],[-104.959159,39.76878],[-104.95916,39.768849],[-104.95916,39.768918],[-104.95916,39.76899],[-104.95916,39.769055],[-104.95916,39.769124],[-104.959161,39.769193],[-104.959161,39.769235],[-104.959161,39.769266],[-104.958714,39.769264]]],[[[-104.959057,39.741808],[-104.959057,39.74188],[-104.959057,39.741942],[-104.959056,39.742012],[-104.959056,39.742083],[-104.959056,39.742151],[-104.959055,39.74222],[-104.959055,39.742288],[-104.959055,39.742354],[-104.959054,39.742425],[-104.959054,39.742493],[-104.959054,39.742561],[-104.959054,39.742633],[-104.959053,39.742704],[-104.959053,39.742771],[-104.959053,39.74284],[-104.959052,39.74291],[-104.959052,39.742978],[-104.959052,39.743048],[-104.959051,39.743113],[-104.959051,39.743184],[-104.959051,39.743252],[-104.95905,39.743308],[-104.959023,39.743321],[-104.958877,39.743389],[-104.958817,39.743417],[-104.958535,39.743549],[-104.958194,39.743675],[-104.957253,39.743675],[-104.957251,39.741737],[-104.95854,39.741738],[-104.958823,39.741738],[-104.959058,39.741738],[-104.959057,39.741808]]],[[[-104.957746,39.722407],[-104.957746,39.722448],[-104.957745,39.722553],[-104.957745,39.722654],[-104.957677,39.722654],[-104.957624,39.722654],[-104.957179,39.722654],[-104.957179,39.722599],[-104.957179,39.722577],[-104.957179,39.722552],[-104.957179,39.722448],[-104.956913,39.722448],[-104.956469,39.722447],[-104.956469,39.722173],[-104.956469,39.721899],[-104.956469,39.721624],[-104.956469,39.721486],[-104.956543,39.721486],[-104.95654,39.72135],[-104.956913,39.72135],[-104.956913,39.72146],[-104.956913,39.721507],[-104.95718,39.721507],[-104.957427,39.721507],[-104.957508,39.72146],[-104.957624,39.72146],[-104.957677,39.72146],[-104.958121,39.721461],[-104.958121,39.721625],[-104.958121,39.7219],[-104.958121,39.721955],[-104.958121,39.722174],[-104.958121,39.722408],[-104.957746,39.722407]]],[[[-104.957917,39.756866],[-104.957473,39.756865],[-104.957473,39.75679],[-104.957473,39.756723],[-104.957473,39.756651],[-104.957473,39.756582],[-104.957473,39.756511],[-104.957473,39.756444],[-104.957473,39.756373],[-104.957473,39.756306],[-104.957473,39.756239],[-104.957473,39.756168],[-104.957473,39.756098],[-104.957473,39.756031],[-104.957473,39.755965],[-104.957473,39.755896],[-104.957473,39.755829],[-104.957916,39.75583],[-104.957917,39.75583],[-104.957917,39.755853],[-104.957917,39.755896],[-104.957917,39.755964],[-104.957917,39.756032],[-104.957917,39.7561],[-104.957917,39.756117],[-104.957917,39.756168],[-104.957917,39.756239],[-104.957917,39.756305],[-104.957917,39.756375],[-104.957917,39.756444],[-104.957917,39.756511],[-104.957917,39.756581],[-104.957918,39.75665],[-104.957918,39.756723],[-104.957918,39.756791],[-104.957918,39.756866],[-104.957917,39.756866]]],[[[-104.957206,39.757159],[-104.957205,39.757226],[-104.957205,39.757297],[-104.957205,39.757364],[-104.957205,39.757433],[-104.957205,39.757506],[-104.957205,39.757572],[-104.957204,39.757639],[-104.957204,39.75771],[-104.957204,39.757779],[-104.957204,39.757848],[-104.957204,39.757916],[-104.957204,39.757981],[-104.957203,39.75805],[-104.957203,39.758121],[-104.956764,39.758121],[-104.956701,39.758122],[-104.956257,39.758118],[-104.95597,39.758119],[-104.955535,39.758119],[-104.955534,39.758046],[-104.955534,39.757979],[-104.955533,39.757915],[-104.955533,39.757846],[-104.955532,39.757774],[-104.955532,39.757708],[-104.955531,39.757638],[-104.955531,39.757572],[-104.95553,39.757505],[-104.95553,39.757432],[-104.955529,39.757365],[-104.955529,39.757296],[-104.955528,39.757226],[-104.955528,39.757158],[-104.955527,39.757094],[-104.955968,39.757096],[-104.956259,39.757093],[-104.956699,39.757094],[-104.956756,39.757093],[-104.957206,39.757092],[-104.957206,39.757159]]],[[[-104.956915,39.780296],[-104.956915,39.780369],[-104.956914,39.780438],[-104.956914,39.780508],[-104.956914,39.780577],[-104.956914,39.780646],[-104.956914,39.780715],[-104.956914,39.780744],[-104.956914,39.780781],[-104.956913,39.78085],[-104.956913,39.78092],[-104.956913,39.780989],[-104.956913,39.781055],[-104.956913,39.781124],[-104.956913,39.781194],[-104.956912,39.781261],[-104.956912,39.781327],[-104.956912,39.781396],[-104.956912,39.781463],[-104.956912,39.78153],[-104.956911,39.7816],[-104.956911,39.781669],[-104.956911,39.781736],[-104.956911,39.781806],[-104.956911,39.781871],[-104.956475,39.781869],[-104.956415,39.781868],[-104.955983,39.781866],[-104.955983,39.781804],[-104.955983,39.781733],[-104.955984,39.781664],[-104.955984,39.781599],[-104.955984,39.781526],[-104.955984,39.781459],[-104.955985,39.781394],[-104.955985,39.781324],[-104.955985,39.781259],[-104.955986,39.78119],[-104.955986,39.781122],[-104.955986,39.781053],[-104.955986,39.780985],[-104.955987,39.780916],[-104.955987,39.780848],[-104.955987,39.780776],[-104.955987,39.78074],[-104.955987,39.780712],[-104.955988,39.780645],[-104.955988,39.780575],[-104.955988,39.780506],[-104.955989,39.780436],[-104.955989,39.780368],[-104.955989,39.780296],[-104.955989,39.78023],[-104.956448,39.780231],[-104.956915,39.780232],[-104.956915,39.780296]]],[[[-104.956346,39.74124],[-104.956343,39.742104],[-104.956575,39.742105],[-104.956576,39.74367],[-104.955007,39.743668],[-104.954994,39.743668],[-104.954994,39.743653],[-104.955004,39.742071],[-104.955005,39.741896],[-104.955014,39.74046],[-104.955015,39.74033],[-104.955978,39.740331],[-104.95598,39.740879],[-104.956574,39.740878],[-104.956579,39.741239],[-104.956346,39.74124]]],[[[-104.956447,39.661523],[-104.956446,39.661542],[-104.956446,39.661561],[-104.956444,39.66158],[-104.956443,39.661599],[-104.95644,39.661617],[-104.956438,39.661636],[-104.956435,39.661655],[-104.956432,39.661674],[-104.956428,39.661692],[-104.956423,39.661711],[-104.956419,39.66173],[-104.956414,39.661748],[-104.956409,39.661767],[-104.956402,39.661785],[-104.956396,39.661804],[-104.95639,39.661822],[-104.956382,39.66184],[-104.956375,39.661858],[-104.956367,39.661876],[-104.956359,39.661894],[-104.95635,39.661911],[-104.956341,39.661929],[-104.956331,39.661946],[-104.956321,39.661964],[-104.956311,39.661981],[-104.9563,39.661998],[-104.95629,39.662015],[-104.956278,39.662032],[-104.956266,39.662048],[-104.956254,39.662065],[-104.956236,39.662088],[-104.955888,39.662515],[-104.955385,39.662268],[-104.955367,39.662259],[-104.955348,39.662249],[-104.95533,39.662239],[-104.955312,39.662228],[-104.955295,39.662217],[-104.955278,39.662205],[-104.955263,39.662194],[-104.955247,39.662181],[-104.955232,39.662168],[-104.955218,39.662155],[-104.955203,39.662141],[-104.95519,39.662127],[-104.955178,39.662113],[-104.955167,39.662098],[-104.955155,39.662083],[-104.955145,39.662068],[-104.955135,39.662053],[-104.955125,39.662037],[-104.955117,39.662021],[-104.95511,39.662004],[-104.955103,39.661988],[-104.955096,39.661971],[-104.955086,39.661938],[-104.955083,39.661921],[-104.955079,39.661904],[-104.954923,39.661115],[-104.954909,39.66105],[-104.954897,39.660985],[-104.954886,39.66092],[-104.954878,39.660854],[-104.954869,39.660789],[-104.954864,39.660724],[-104.954859,39.660658],[-104.954856,39.660593],[-104.954854,39.660527],[-104.954854,39.660435],[-104.956455,39.660438],[-104.956447,39.661523]]],[[[-104.954319,39.772796],[-104.95005,39.772787],[-104.950054,39.771136],[-104.954323,39.77116],[-104.954319,39.772796]]],[[[-104.951359,39.775574],[-104.950835,39.775601],[-104.950839,39.775211],[-104.95136,39.775212],[-104.951359,39.775574]]],[[[-104.950733,39.674723],[-104.950171,39.674719],[-104.950076,39.674727],[-104.950076,39.674736],[-104.949966,39.674736],[-104.949517,39.674735],[-104.94952,39.674461],[-104.949521,39.674258],[-104.949522,39.674117],[-104.949524,39.67391],[-104.949524,39.67384],[-104.949525,39.673707],[-104.949524,39.673637],[-104.949524,39.673567],[-104.949525,39.673433],[-104.949525,39.673364],[-104.949525,39.673299],[-104.949525,39.67323],[-104.949525,39.673163],[-104.949525,39.673095],[-104.949972,39.673096],[-104.950077,39.673098],[-104.950173,39.6731],[-104.950729,39.673101],[-104.95073,39.673163],[-104.95073,39.673231],[-104.95073,39.673298],[-104.95073,39.673367],[-104.95073,39.673433],[-104.950731,39.673499],[-104.950731,39.673568],[-104.95073,39.673637],[-104.950731,39.673705],[-104.950731,39.673774],[-104.950731,39.673838],[-104.950732,39.673907],[-104.950732,39.673978],[-104.950732,39.674044],[-104.950732,39.674115],[-104.950732,39.674187],[-104.950733,39.674252],[-104.950733,39.674325],[-104.950733,39.674391],[-104.950733,39.674466],[-104.950733,39.67453],[-104.950734,39.674601],[-104.950734,39.674665],[-104.950733,39.674723]]],[[[-104.949879,39.705509],[-104.949653,39.705508],[-104.949582,39.705508],[-104.949423,39.705508],[-104.949319,39.705508],[-104.949194,39.705507],[-104.949017,39.705507],[-104.948964,39.705507],[-104.948889,39.705507],[-104.948731,39.705507],[-104.9485,39.705506],[-104.948447,39.705506],[-104.948269,39.705506],[-104.948163,39.705506],[-104.948042,39.705506],[-104.947879,39.705505],[-104.947881,39.705335],[-104.947881,39.705239],[-104.947881,39.705154],[-104.947882,39.704976],[-104.947882,39.70493],[-104.947882,39.704826],[-104.947882,39.704798],[-104.947883,39.704618],[-104.947882,39.704443],[-104.947882,39.704421],[-104.947882,39.704314],[-104.947883,39.704268],[-104.947883,39.704185],[-104.947882,39.704087],[-104.947882,39.703913],[-104.94999,39.703927],[-104.950004,39.705509],[-104.949879,39.705509]]],[[[-104.949898,39.689232],[-104.947696,39.68923],[-104.947567,39.68923],[-104.947123,39.68923],[-104.947066,39.68923],[-104.946626,39.689229],[-104.946411,39.68923],[-104.945967,39.689229],[-104.94591,39.689229],[-104.945468,39.689229],[-104.945468,39.689094],[-104.945467,39.688959],[-104.945467,39.688826],[-104.945466,39.688688],[-104.945467,39.688551],[-104.945466,39.688416],[-104.945466,39.688281],[-104.945465,39.688144],[-104.945465,39.688],[-104.945465,39.687864],[-104.945464,39.687725],[-104.945464,39.687595],[-104.945907,39.687594],[-104.945965,39.687594],[-104.946406,39.687593],[-104.946623,39.687592],[-104.947063,39.687591],[-104.94712,39.68759],[-104.947563,39.687589],[-104.947686,39.68759],[-104.949906,39.687598],[-104.949898,39.689232]]],[[[-104.949718,39.769143],[-104.948845,39.769141],[-104.948848,39.768193],[-104.949722,39.768201],[-104.949718,39.769143]]],[[[-104.943868,39.734927],[-104.943868,39.734989],[-104.943806,39.734988],[-104.943751,39.734988],[-104.943426,39.734988],[-104.943104,39.734987],[-104.943051,39.734987],[-104.942991,39.734986],[-104.942991,39.734923],[-104.94299,39.734857],[-104.94299,39.73479],[-104.942989,39.734719],[-104.942989,39.73465],[-104.94299,39.734583],[-104.942989,39.734513],[-104.94299,39.734444],[-104.94299,39.734375],[-104.94299,39.734311],[-104.94299,39.734243],[-104.94299,39.734176],[-104.94299,39.734105],[-104.942991,39.73397],[-104.942991,39.733902],[-104.94299,39.73383],[-104.942991,39.733763],[-104.943427,39.733765],[-104.943768,39.733766],[-104.943795,39.733766],[-104.943866,39.733766],[-104.943866,39.733832],[-104.943866,39.733902],[-104.943867,39.73397],[-104.943866,39.734038],[-104.943866,39.734107],[-104.943867,39.734178],[-104.943867,39.734246],[-104.943867,39.734313],[-104.943867,39.734379],[-104.943867,39.734447],[-104.943868,39.734514],[-104.943868,39.734584],[-104.943867,39.73465],[-104.943868,39.734717],[-104.943868,39.734789],[-104.943868,39.73486],[-104.943868,39.734927]]],[[[-104.941685,39.759524],[-104.941113,39.759526],[-104.941116,39.758433],[-104.941495,39.758304],[-104.942928,39.758308],[-104.942934,39.75953],[-104.941685,39.759524]]],[[[-104.939226,39.723299],[-104.939226,39.72337],[-104.939225,39.723439],[-104.939226,39.723508],[-104.939226,39.723578],[-104.939225,39.723715],[-104.939225,39.723784],[-104.939226,39.723853],[-104.939225,39.72392],[-104.939225,39.723987],[-104.939224,39.724126],[-104.939223,39.724258],[-104.938906,39.724259],[-104.938781,39.724259],[-104.938342,39.724261],[-104.938121,39.724259],[-104.938052,39.72426],[-104.938014,39.72426],[-104.937804,39.72426],[-104.937684,39.72426],[-104.93724,39.724262],[-104.937131,39.724262],[-104.937023,39.724262],[-104.936936,39.724262],[-104.93692,39.724262],[-104.936583,39.724263],[-104.936137,39.724263],[-104.936024,39.724263],[-104.935911,39.724263],[-104.935825,39.724263],[-104.935806,39.724263],[-104.935503,39.724264],[-104.935476,39.724264],[-104.935449,39.724264],[-104.935141,39.724264],[-104.9351,39.724264],[-104.935032,39.724264],[-104.935032,39.7242],[-104.935032,39.724133],[-104.935031,39.724066],[-104.935031,39.723995],[-104.935032,39.72386],[-104.935032,39.723791],[-104.935032,39.723723],[-104.935032,39.723654],[-104.935033,39.723585],[-104.935032,39.723517],[-104.935032,39.723446],[-104.935032,39.72338],[-104.935032,39.723306],[-104.935033,39.723241],[-104.935451,39.723241],[-104.935481,39.723241],[-104.93551,39.723241],[-104.935916,39.723242],[-104.936028,39.72324],[-104.93614,39.723239],[-104.936584,39.723239],[-104.936914,39.723239],[-104.936942,39.723239],[-104.937021,39.723238],[-104.937131,39.723237],[-104.93724,39.723236],[-104.937321,39.723236],[-104.937329,39.723236],[-104.937671,39.723236],[-104.937684,39.723236],[-104.938123,39.723236],[-104.938343,39.723234],[-104.938742,39.723233],[-104.938781,39.723232],[-104.938822,39.723232],[-104.939226,39.723235],[-104.939226,39.723299]]],[[[-104.933398,39.687426],[-104.933351,39.687426],[-104.931794,39.687428],[-104.931784,39.685793],[-104.933691,39.685791],[-104.933693,39.686091],[-104.933694,39.686228],[-104.933694,39.686354],[-104.933695,39.68648],[-104.933696,39.686606],[-104.933697,39.686732],[-104.933697,39.686859],[-104.933698,39.686985],[-104.933699,39.687122],[-104.933701,39.687425],[-104.933398,39.687426]]],[[[-104.932709,39.758514],[-104.932709,39.758583],[-104.932708,39.758654],[-104.932708,39.758723],[-104.932708,39.758791],[-104.932708,39.758862],[-104.932708,39.758929],[-104.932708,39.758999],[-104.932708,39.759067],[-104.932708,39.759134],[-104.932707,39.7592],[-104.932707,39.759274],[-104.932707,39.759342],[-104.932707,39.75941],[-104.932707,39.759477],[-104.932707,39.759546],[-104.932707,39.759614],[-104.932707,39.759683],[-104.932707,39.759751],[-104.932706,39.759821],[-104.932706,39.759891],[-104.932706,39.759954],[-104.932706,39.760027],[-104.932706,39.760121],[-104.932289,39.760121],[-104.932235,39.760122],[-104.931818,39.760123],[-104.931818,39.760025],[-104.931818,39.759957],[-104.931818,39.759892],[-104.931819,39.759827],[-104.931819,39.759757],[-104.931819,39.759691],[-104.931819,39.759622],[-104.931819,39.759553],[-104.931819,39.759485],[-104.931819,39.759418],[-104.931819,39.759349],[-104.931819,39.759281],[-104.931819,39.759211],[-104.931819,39.759142],[-104.931819,39.759076],[-104.93182,39.759008],[-104.93182,39.758937],[-104.93182,39.758872],[-104.93182,39.758802],[-104.93182,39.75873],[-104.93182,39.758662],[-104.93182,39.758591],[-104.93182,39.75852],[-104.93182,39.758422],[-104.932232,39.758421],[-104.932289,39.75842],[-104.932709,39.75842],[-104.932709,39.758514]]],[[[-104.930274,39.677549],[-104.929947,39.677547],[-104.929945,39.677171],[-104.929943,39.676723],[-104.930772,39.676723],[-104.931535,39.676723],[-104.931545,39.67717],[-104.931553,39.677556],[-104.930274,39.677549]]],[[[-104.931496,39.66407],[-104.929567,39.66406],[-104.929591,39.662301],[-104.931519,39.662309],[-104.931496,39.66407]]],[[[-104.930023,39.745117],[-104.930024,39.745141],[-104.930024,39.745174],[-104.930025,39.745513],[-104.929897,39.745513],[-104.929806,39.745513],[-104.929721,39.745513],[-104.92963,39.745513],[-104.92954,39.745514],[-104.929451,39.745514],[-104.929362,39.745514],[-104.929274,39.745514],[-104.929184,39.745514],[-104.929098,39.745514],[-104.929009,39.745515],[-104.928916,39.745515],[-104.928832,39.745515],[-104.928737,39.745515],[-104.928609,39.745515],[-104.928606,39.745177],[-104.928606,39.74515],[-104.928607,39.745118],[-104.928606,39.744777],[-104.928605,39.744693],[-104.928605,39.744612],[-104.928602,39.744269],[-104.92873,39.744268],[-104.928817,39.744268],[-104.928906,39.744268],[-104.928998,39.744267],[-104.929088,39.744267],[-104.929177,39.744266],[-104.929264,39.744266],[-104.929353,39.744265],[-104.929445,39.744265],[-104.929511,39.744265],[-104.929532,39.744265],[-104.929622,39.744264],[-104.929706,39.744264],[-104.929796,39.744263],[-104.929891,39.744263],[-104.93002,39.744262],[-104.93002,39.744263],[-104.930024,39.744609],[-104.930025,39.744695],[-104.930026,39.744777],[-104.930023,39.745117]]],[[[-104.925189,39.732784],[-104.924716,39.732784],[-104.924715,39.732709],[-104.924715,39.732642],[-104.924715,39.732573],[-104.924714,39.732502],[-104.924714,39.732432],[-104.924714,39.732364],[-104.924713,39.732296],[-104.924713,39.732226],[-104.924713,39.732155],[-104.924712,39.732089],[-104.924712,39.732021],[-104.924712,39.731954],[-104.924711,39.731886],[-104.924711,39.731816],[-104.924711,39.73175],[-104.924711,39.731682],[-104.92471,39.731616],[-104.92471,39.731546],[-104.924709,39.73148],[-104.924709,39.731411],[-104.924709,39.731342],[-104.924708,39.731276],[-104.924709,39.731209],[-104.924709,39.73114],[-104.92517,39.73114],[-104.925546,39.73114],[-104.925583,39.73114],[-104.925648,39.73114],[-104.92565,39.731206],[-104.92565,39.731276],[-104.92565,39.73134],[-104.925651,39.731409],[-104.925653,39.731479],[-104.925653,39.731544],[-104.925653,39.731613],[-104.925655,39.731681],[-104.925655,39.731748],[-104.925655,39.731813],[-104.925656,39.731884],[-104.925658,39.731952],[-104.925658,39.732019],[-104.925658,39.732089],[-104.925659,39.732155],[-104.92566,39.732226],[-104.925661,39.732296],[-104.925661,39.732362],[-104.925662,39.73243],[-104.925662,39.732501],[-104.925662,39.732571],[-104.925663,39.732639],[-104.925663,39.732708],[-104.925663,39.732785],[-104.925189,39.732784]]],[[[-104.924498,39.716628],[-104.924498,39.716907],[-104.924496,39.717181],[-104.924496,39.717453],[-104.924495,39.717726],[-104.924051,39.717727],[-104.923998,39.717727],[-104.923554,39.717726],[-104.923326,39.717727],[-104.922874,39.717727],[-104.922876,39.717456],[-104.922877,39.717186],[-104.922877,39.71691],[-104.922878,39.716629],[-104.922879,39.716353],[-104.923329,39.716352],[-104.923559,39.716352],[-104.923995,39.716352],[-104.924047,39.716351],[-104.924499,39.716351],[-104.924498,39.716628]]],[[[-104.922459,39.647593],[-104.922453,39.647783],[-104.922441,39.648162],[-104.92244,39.648206],[-104.922434,39.64843],[-104.922428,39.648646],[-104.922421,39.64887],[-104.922419,39.648979],[-104.922416,39.649102],[-104.922411,39.649322],[-104.922409,39.649392],[-104.922403,39.649547],[-104.9224,39.649607],[-104.9224,39.649631],[-104.922076,39.649627],[-104.922061,39.649626],[-104.918672,39.649576],[-104.918673,39.649553],[-104.918684,39.649135],[-104.918691,39.648896],[-104.918698,39.648653],[-104.918704,39.648409],[-104.918712,39.64817],[-104.918718,39.647927],[-104.918724,39.647689],[-104.918732,39.647452],[-104.918738,39.647212],[-104.918746,39.646964],[-104.918753,39.646686],[-104.918762,39.646371],[-104.918771,39.646043],[-104.918777,39.645809],[-104.91891,39.645708],[-104.922068,39.6457],[-104.922387,39.645948],[-104.922352,39.647066],[-104.922362,39.647135],[-104.922378,39.647202],[-104.922401,39.647269],[-104.92243,39.647333],[-104.922465,39.647396],[-104.922561,39.647562],[-104.922459,39.647593]]],[[[-104.922149,39.754556],[-104.91766,39.754562],[-104.917661,39.752977],[-104.922163,39.752981],[-104.922149,39.754556]]],[[[-104.921955,39.685734],[-104.921749,39.685734],[-104.921688,39.685734],[-104.921542,39.685734],[-104.921334,39.685733],[-104.921127,39.685733],[-104.921099,39.685733],[-104.920924,39.685733],[-104.920714,39.685732],[-104.920512,39.685732],[-104.92004,39.685731],[-104.920038,39.685551],[-104.920036,39.685378],[-104.920036,39.685371],[-104.920035,39.68518],[-104.920032,39.684998],[-104.92003,39.684831],[-104.920029,39.684689],[-104.920028,39.684543],[-104.920026,39.684392],[-104.920179,39.684392],[-104.920505,39.684392],[-104.920545,39.684392],[-104.920839,39.684392],[-104.921096,39.684392],[-104.921097,39.684598],[-104.921097,39.684826],[-104.921682,39.684826],[-104.922081,39.684827],[-104.922082,39.684881],[-104.922086,39.68538],[-104.922088,39.685734],[-104.921955,39.685734]]],[[[-104.921607,39.69704],[-104.921606,39.697042],[-104.921605,39.697045],[-104.921604,39.697047],[-104.921603,39.69705],[-104.921602,39.697052],[-104.921602,39.697055],[-104.921601,39.697058],[-104.9216,39.69706],[-104.921599,39.697063],[-104.921598,39.697065],[-104.921597,39.697068],[-104.921596,39.69707],[-104.921596,39.697073],[-104.921595,39.697076],[-104.921594,39.697078],[-104.921593,39.697081],[-104.921592,39.697083],[-104.921591,39.697086],[-104.921591,39.697089],[-104.92159,39.697091],[-104.921589,39.697094],[-104.921588,39.697096],[-104.921587,39.697099],[-104.921587,39.697102],[-104.921586,39.697104],[-104.921585,39.697107],[-104.921584,39.697109],[-104.921584,39.697112],[-104.921583,39.697115],[-104.921582,39.697117],[-104.921581,39.69712],[-104.921581,39.697122],[-104.92158,39.697125],[-104.921579,39.697128],[-104.921578,39.69713],[-104.921578,39.697133],[-104.921577,39.697135],[-104.921576,39.697138],[-104.921576,39.697141],[-104.921575,39.697143],[-104.921574,39.697146],[-104.921574,39.697148],[-104.921573,39.697151],[-104.921572,39.697154],[-104.921571,39.697156],[-104.921571,39.697159],[-104.92157,39.697161],[-104.92157,39.697164],[-104.921569,39.697167],[-104.921568,39.697169],[-104.921568,39.697172],[-104.921567,39.697175],[-104.921566,39.697177],[-104.921566,39.69718],[-104.921565,39.697182],[-104.921564,39.697185],[-104.921564,39.697188],[-104.921563,39.69719],[-104.921563,39.697193],[-104.921562,39.697196],[-104.921561,39.697198],[-104.921561,39.697201],[-104.92156,39.697203],[-104.92156,39.697206],[-104.921559,39.697209],[-104.921559,39.697211],[-104.921558,39.697214],[-104.921558,39.697217],[-104.921557,39.697219],[-104.921556,39.697222],[-104.921556,39.697224],[-104.921555,39.697227],[-104.921555,39.69723],[-104.921554,39.697232],[-104.921554,39.697235],[-104.921553,39.697238],[-104.921553,39.69724],[-104.921552,39.697243],[-104.921552,39.697246],[-104.921551,39.697248],[-104.921551,39.697251],[-104.92155,39.697253],[-104.92155,39.697256],[-104.921549,39.697259],[-104.921549,39.697261],[-104.921549,39.697264],[-104.921548,39.697267],[-104.921548,39.697269],[-104.921547,39.697272],[-104.921547,39.697275],[-104.921546,39.697277],[-104.921546,39.69728],[-104.921546,39.697283],[-104.921545,39.697285],[-104.921545,39.697288],[-104.921544,39.69729],[-104.921544,39.697293],[-104.921544,39.697296],[-104.921543,39.697298],[-104.921543,39.697301],[-104.921542,39.697304],[-104.921542,39.697306],[-104.921542,39.697309],[-104.921541,39.697312],[-104.921541,39.697314],[-104.921541,39.697317],[-104.92154,39.69732],[-104.92154,39.697322],[-104.92154,39.697325],[-104.921539,39.697328],[-104.921539,39.69733],[-104.921539,39.697333],[-104.921538,39.697335],[-104.921538,39.697338],[-104.921538,39.697341],[-104.921537,39.697343],[-104.921537,39.697346],[-104.921537,39.697349],[-104.921537,39.697351],[-104.921536,39.697354],[-104.921536,39.697357],[-104.921536,39.697359],[-104.921535,39.697362],[-104.921535,39.697365],[-104.921535,39.697367],[-104.921535,39.69737],[-104.921535,39.697373],[-104.921534,39.697375],[-104.921534,39.697378],[-104.921534,39.697381],[-104.921534,39.697383],[-104.921533,39.697386],[-104.921533,39.697389],[-104.921533,39.697391],[-104.921533,39.697394],[-104.921533,39.697397],[-104.921532,39.697399],[-104.921532,39.697402],[-104.921532,39.697405],[-104.921532,39.697407],[-104.921532,39.69741],[-104.921532,39.697413],[-104.921531,39.697415],[-104.921531,39.697418],[-104.921531,39.697421],[-104.921531,39.697423],[-104.921531,39.697426],[-104.921531,39.697429],[-104.921531,39.697431],[-104.921531,39.697434],[-104.92153,39.697437],[-104.92153,39.697439],[-104.92153,39.697442],[-104.92153,39.697445],[-104.92153,39.697447],[-104.92153,39.69745],[-104.92153,39.697453],[-104.92153,39.697455],[-104.92153,39.697458],[-104.92153,39.697461],[-104.92153,39.697463],[-104.92153,39.697466],[-104.92153,39.697469],[-104.92153,39.697471],[-104.921529,39.697474],[-104.921529,39.697477],[-104.921529,39.697479],[-104.921529,39.697482],[-104.921529,39.697484],[-104.921529,39.697487],[-104.921529,39.69749],[-104.921529,39.697492],[-104.921529,39.697495],[-104.921529,39.697498],[-104.921529,39.6975],[-104.921528,39.698684],[-104.919408,39.698685],[-104.919407,39.697258],[-104.920417,39.697257],[-104.920682,39.697037],[-104.921608,39.697037],[-104.921607,39.69704]]],[[[-104.918703,39.765781],[-104.918703,39.76586],[-104.918703,39.765932],[-104.918703,39.76599],[-104.918703,39.766062],[-104.918703,39.766129],[-104.918703,39.7662],[-104.918703,39.76627],[-104.918703,39.766339],[-104.918703,39.766405],[-104.918703,39.766474],[-104.918703,39.766544],[-104.918703,39.766615],[-104.918703,39.766677],[-104.918703,39.766749],[-104.918703,39.766814],[-104.918703,39.766882],[-104.918703,39.766952],[-104.918703,39.767022],[-104.918703,39.767087],[-104.918703,39.767155],[-104.918703,39.767222],[-104.918703,39.767292],[-104.918703,39.767358],[-104.918257,39.76736],[-104.918195,39.76736],[-104.917733,39.767362],[-104.917733,39.767297],[-104.917734,39.767225],[-104.917734,39.76716],[-104.917734,39.767093],[-104.917734,39.767024],[-104.917735,39.766954],[-104.917735,39.766887],[-104.917735,39.766819],[-104.917736,39.76675],[-104.917736,39.766682],[-104.917736,39.76662],[-104.917736,39.766549],[-104.917737,39.76648],[-104.917737,39.76641],[-104.917737,39.766345],[-104.917738,39.766274],[-104.917738,39.766204],[-104.917738,39.766137],[-104.917739,39.766069],[-104.917739,39.765997],[-104.917739,39.765937],[-104.91774,39.76586],[-104.91774,39.765781],[-104.91774,39.765719],[-104.918202,39.765718],[-104.918259,39.765718],[-104.918703,39.765717],[-104.918703,39.765781]]],[[[-104.918196,39.760085],[-104.918131,39.760083],[-104.917683,39.760081],[-104.917683,39.760013],[-104.917682,39.759945],[-104.917682,39.759876],[-104.917682,39.759809],[-104.917681,39.759738],[-104.917681,39.759675],[-104.917681,39.759605],[-104.91768,39.759531],[-104.91768,39.759466],[-104.91768,39.759399],[-104.917679,39.75933],[-104.917679,39.759261],[-104.917679,39.759193],[-104.917678,39.759126],[-104.917678,39.75906],[-104.917678,39.758993],[-104.917677,39.758922],[-104.917677,39.758856],[-104.917677,39.758787],[-104.917676,39.758718],[-104.917676,39.758647],[-104.917676,39.758577],[-104.917675,39.758506],[-104.917675,39.758439],[-104.918126,39.75844],[-104.918193,39.758439],[-104.918638,39.758439],[-104.918638,39.758509],[-104.918638,39.75858],[-104.918638,39.758649],[-104.918638,39.758717],[-104.918638,39.758786],[-104.918638,39.758854],[-104.918638,39.75892],[-104.918638,39.758994],[-104.918638,39.759058],[-104.918638,39.759128],[-104.918638,39.759195],[-104.918638,39.759263],[-104.918638,39.759331],[-104.918639,39.759397],[-104.918639,39.759467],[-104.918639,39.759533],[-104.918639,39.759605],[-104.918639,39.759675],[-104.918639,39.759738],[-104.918639,39.75981],[-104.918639,39.759876],[-104.918639,39.759944],[-104.918639,39.760013],[-104.918639,39.760084],[-104.918196,39.760085]]],[[[-104.917589,39.707412],[-104.913077,39.707413],[-104.913078,39.70394],[-104.914589,39.703941],[-104.916836,39.705118],[-104.916817,39.70514],[-104.916783,39.705177],[-104.916692,39.70528],[-104.917586,39.705754],[-104.91759,39.705756],[-104.917589,39.707412]]],[[[-104.91595,39.666152],[-104.915939,39.663471],[-104.915939,39.66347],[-104.91594,39.66347],[-104.916227,39.666153],[-104.91595,39.666152]]],[[[-104.913086,39.656177],[-104.91444,39.656173],[-104.913086,39.656207],[-104.913086,39.656177]]],[[[-104.91283,39.648655],[-104.912657,39.648654],[-104.912606,39.648653],[-104.912554,39.648652],[-104.912503,39.64865],[-104.912451,39.648647],[-104.912401,39.648643],[-104.912349,39.648639],[-104.912299,39.648634],[-104.912247,39.648629],[-104.912197,39.648622],[-104.912146,39.648616],[-104.912096,39.648608],[-104.912046,39.6486],[-104.911995,39.648591],[-104.911897,39.648571],[-104.911855,39.648561],[-104.911812,39.64855],[-104.91177,39.648539],[-104.911727,39.648526],[-104.911685,39.648514],[-104.911645,39.648501],[-104.911603,39.648487],[-104.911562,39.648472],[-104.911522,39.648458],[-104.911482,39.648442],[-104.911442,39.648426],[-104.911402,39.64841],[-104.911363,39.648393],[-104.911324,39.648375],[-104.911286,39.648357],[-104.911248,39.648339],[-104.911211,39.64832],[-104.911174,39.6483],[-104.911138,39.64828],[-104.911102,39.648259],[-104.911066,39.648239],[-104.911031,39.648217],[-104.910996,39.648195],[-104.910962,39.648172],[-104.910928,39.64815],[-104.910895,39.648126],[-104.910837,39.648083],[-104.911293,39.647724],[-104.911306,39.647714],[-104.911317,39.647704],[-104.911328,39.647694],[-104.911339,39.647683],[-104.911349,39.647672],[-104.911359,39.647661],[-104.911368,39.647649],[-104.911377,39.647637],[-104.911385,39.647626],[-104.911392,39.647614],[-104.911399,39.647601],[-104.911405,39.647589],[-104.911411,39.647576],[-104.911416,39.647563],[-104.911421,39.64755],[-104.911425,39.647537],[-104.911429,39.647524],[-104.911432,39.64751],[-104.911436,39.647484],[-104.911437,39.64747],[-104.911438,39.647457],[-104.911437,39.647443],[-104.911436,39.64743],[-104.911435,39.647416],[-104.911433,39.647403],[-104.91143,39.64739],[-104.911725,39.647161],[-104.911972,39.646968],[-104.912187,39.646798],[-104.912447,39.646594],[-104.912773,39.646339],[-104.91278,39.646354],[-104.912789,39.646372],[-104.912798,39.646391],[-104.912806,39.64641],[-104.912813,39.646429],[-104.912821,39.646448],[-104.912828,39.646468],[-104.912835,39.646487],[-104.912841,39.646507],[-104.912846,39.646526],[-104.912852,39.646546],[-104.912857,39.646566],[-104.912861,39.646585],[-104.912865,39.646605],[-104.912869,39.646625],[-104.912871,39.646645],[-104.912875,39.646675],[-104.91283,39.648655]]],[[[-104.912281,39.747647],[-104.912281,39.747718],[-104.912281,39.747782],[-104.91228,39.747856],[-104.91228,39.747922],[-104.91228,39.747993],[-104.91228,39.748063],[-104.91228,39.748129],[-104.91228,39.748199],[-104.91228,39.748268],[-104.91228,39.748337],[-104.91228,39.748402],[-104.91228,39.748468],[-104.912279,39.748533],[-104.911814,39.748533],[-104.911527,39.748535],[-104.911064,39.748535],[-104.910602,39.748536],[-104.910603,39.748474],[-104.910603,39.748406],[-104.910603,39.748342],[-104.910603,39.748271],[-104.910603,39.748201],[-104.910603,39.748134],[-104.910604,39.748064],[-104.910604,39.747997],[-104.910604,39.747927],[-104.910604,39.747859],[-104.910604,39.747786],[-104.910604,39.747722],[-104.910605,39.747648],[-104.910605,39.7476],[-104.911064,39.747599],[-104.911525,39.747597],[-104.911814,39.747598],[-104.912281,39.747595],[-104.912281,39.747647]]],[[[-104.911032,39.733125],[-104.911032,39.733197],[-104.911031,39.733328],[-104.911031,39.733399],[-104.911031,39.733467],[-104.91103,39.733603],[-104.911031,39.733672],[-104.911029,39.733877],[-104.911027,39.734086],[-104.910593,39.734085],[-104.910484,39.734086],[-104.910377,39.734087],[-104.90991,39.734088],[-104.909472,39.734089],[-104.909471,39.734019],[-104.909471,39.733949],[-104.909471,39.73388],[-104.90947,39.733813],[-104.909471,39.733746],[-104.909471,39.733672],[-104.909471,39.733605],[-104.909471,39.733535],[-104.909471,39.733469],[-104.909471,39.733398],[-104.909472,39.732992],[-104.90956,39.732992],[-104.909651,39.732992],[-104.909735,39.732992],[-104.909829,39.732991],[-104.909913,39.732991],[-104.910376,39.732991],[-104.910483,39.73299],[-104.910595,39.732989],[-104.911032,39.732989],[-104.911032,39.733059],[-104.911032,39.733125]]],[[[-104.910697,39.721869],[-104.910696,39.72187],[-104.910696,39.721874],[-104.910695,39.721876],[-104.910695,39.721879],[-104.910694,39.72188],[-104.910694,39.721881],[-104.910693,39.721883],[-104.910693,39.721884],[-104.910692,39.721885],[-104.910692,39.721887],[-104.910691,39.721888],[-104.910691,39.721889],[-104.910691,39.721891],[-104.91069,39.721892],[-104.91069,39.721893],[-104.910689,39.721894],[-104.910688,39.721896],[-104.910679,39.721912],[-104.910671,39.721925],[-104.910656,39.721952],[-104.91065,39.721965],[-104.910644,39.721979],[-104.910637,39.721993],[-104.910632,39.722006],[-104.910626,39.72202],[-104.910621,39.722034],[-104.910616,39.722048],[-104.910612,39.722062],[-104.910609,39.722072],[-104.910608,39.722076],[-104.910604,39.72209],[-104.910601,39.722104],[-104.910597,39.722119],[-104.910594,39.722133],[-104.910591,39.722147],[-104.910592,39.72223],[-104.910593,39.722386],[-104.910593,39.722549],[-104.910594,39.722708],[-104.910594,39.722862],[-104.910595,39.723024],[-104.910595,39.72318],[-104.910596,39.723342],[-104.910596,39.723496],[-104.910597,39.723666],[-104.910596,39.723699],[-104.910594,39.72371],[-104.910593,39.723715],[-104.910592,39.72372],[-104.910591,39.723725],[-104.910587,39.723736],[-104.910585,39.723741],[-104.910582,39.723751],[-104.910579,39.723756],[-104.910577,39.723761],[-104.910574,39.723766],[-104.910573,39.723771],[-104.91057,39.723776],[-104.910567,39.723781],[-104.910564,39.723786],[-104.910561,39.723791],[-104.910558,39.723796],[-104.910554,39.7238],[-104.910552,39.723805],[-104.910548,39.72381],[-104.910545,39.723814],[-104.910541,39.723819],[-104.910537,39.723823],[-104.910534,39.723828],[-104.91053,39.723832],[-104.910526,39.723837],[-104.910522,39.723841],[-104.910518,39.723845],[-104.910513,39.723849],[-104.910509,39.723854],[-104.910504,39.723858],[-104.9105,39.723862],[-104.910495,39.723866],[-104.910491,39.72387],[-104.910486,39.723873],[-104.910481,39.723877],[-104.910476,39.723881],[-104.910471,39.723884],[-104.910466,39.723888],[-104.91046,39.723891],[-104.910455,39.723895],[-104.91045,39.723898],[-104.910444,39.723902],[-104.910439,39.723905],[-104.910434,39.723908],[-104.910427,39.723911],[-104.910422,39.723914],[-104.910416,39.723917],[-104.91041,39.72392],[-104.910407,39.723921],[-104.910404,39.723922],[-104.910398,39.723925],[-104.910393,39.723928],[-104.910386,39.72393],[-104.91038,39.723933],[-104.910374,39.723935],[-104.910368,39.723937],[-104.910361,39.723939],[-104.910355,39.723941],[-104.910348,39.723943],[-104.910342,39.723945],[-104.910336,39.723947],[-104.910329,39.723949],[-104.910322,39.72395],[-104.910316,39.723952],[-104.910309,39.723953],[-104.910303,39.723955],[-104.910295,39.723956],[-104.910289,39.723957],[-104.910282,39.723958],[-104.910275,39.723959],[-104.910269,39.72396],[-104.910262,39.723961],[-104.910255,39.723962],[-104.910248,39.723962],[-104.910241,39.723963],[-104.910234,39.723964],[-104.910227,39.723964],[-104.910221,39.723964],[-104.910214,39.723964],[-104.910207,39.723965],[-104.910199,39.723965],[-104.910193,39.723964],[-104.910186,39.723964],[-104.910179,39.723964],[-104.910172,39.723963],[-104.910165,39.723963],[-104.910159,39.723962],[-104.910151,39.723962],[-104.910144,39.723961],[-104.910138,39.72396],[-104.910131,39.723959],[-104.910124,39.723958],[-104.910118,39.723957],[-104.910111,39.723956],[-104.910104,39.723955],[-104.910097,39.723953],[-104.91009,39.723952],[-104.910084,39.72395],[-104.910078,39.723949],[-104.910071,39.723947],[-104.910064,39.723945],[-104.910058,39.723943],[-104.910051,39.723941],[-104.910045,39.723939],[-104.910039,39.723937],[-104.910033,39.723935],[-104.910026,39.723932],[-104.91002,39.72393],[-104.910014,39.723927],[-104.910011,39.723926],[-104.910008,39.723925],[-104.910002,39.723922],[-104.909996,39.723919],[-104.90999,39.723916],[-104.909985,39.723913],[-104.909979,39.72391],[-104.909973,39.723907],[-104.909968,39.723904],[-104.909962,39.723901],[-104.909956,39.723898],[-104.909951,39.723894],[-104.909946,39.723891],[-104.90994,39.723887],[-104.909935,39.723884],[-104.909931,39.72388],[-104.909925,39.723876],[-104.909921,39.723873],[-104.909916,39.723869],[-104.909911,39.723865],[-104.909907,39.723861],[-104.909902,39.723857],[-104.909897,39.723853],[-104.909893,39.723849],[-104.909889,39.723844],[-104.909885,39.72384],[-104.90988,39.723836],[-104.909877,39.723832],[-104.909873,39.723827],[-104.909869,39.723823],[-104.909866,39.723818],[-104.909862,39.723813],[-104.909859,39.723809],[-104.909855,39.723804],[-104.909852,39.7238],[-104.909849,39.723795],[-104.909846,39.72379],[-104.909843,39.723785],[-104.90984,39.72378],[-104.909837,39.723775],[-104.909835,39.72377],[-104.909832,39.723765],[-104.90983,39.72376],[-104.909828,39.723755],[-104.909825,39.72375],[-104.909823,39.723745],[-104.909822,39.72374],[-104.90982,39.723735],[-104.909818,39.723729],[-104.909817,39.723724],[-104.909816,39.723719],[-104.909814,39.723714],[-104.909813,39.723709],[-104.909811,39.723703],[-104.909811,39.723698],[-104.909811,39.723664],[-104.90981,39.723498],[-104.909811,39.72334],[-104.90981,39.72318],[-104.909811,39.723025],[-104.90981,39.722865],[-104.909811,39.722705],[-104.90981,39.722549],[-104.909811,39.722387],[-104.90981,39.722232],[-104.909811,39.722211],[-104.90981,39.722196],[-104.909809,39.722183],[-104.909808,39.722171],[-104.909807,39.722158],[-104.909806,39.722146],[-104.909803,39.722133],[-104.909802,39.722121],[-104.909799,39.722108],[-104.909796,39.722096],[-104.909793,39.722084],[-104.90979,39.722071],[-104.90979,39.722069],[-104.909787,39.722059],[-104.909783,39.722047],[-104.909778,39.722035],[-104.909774,39.722023],[-104.90977,39.722011],[-104.909765,39.721999],[-104.90976,39.721987],[-104.909754,39.721975],[-104.909749,39.721963],[-104.909743,39.721952],[-104.909736,39.72194],[-104.90973,39.721928],[-104.909716,39.721906],[-104.909715,39.721904],[-104.909715,39.721902],[-104.909714,39.7219],[-104.909713,39.721899],[-104.909712,39.721897],[-104.909712,39.721896],[-104.909711,39.721895],[-104.90971,39.721893],[-104.90971,39.721892],[-104.909709,39.72189],[-104.909709,39.721888],[-104.909708,39.721887],[-104.909708,39.721884],[-104.909708,39.721882],[-104.909708,39.721879],[-104.909707,39.721877],[-104.909707,39.721862],[-104.909708,39.72186],[-104.909708,39.721855],[-104.909709,39.721854],[-104.909709,39.721852],[-104.90971,39.721851],[-104.90971,39.721849],[-104.909711,39.721848],[-104.909711,39.721847],[-104.909711,39.721845],[-104.909712,39.721843],[-104.909712,39.721842],[-104.909713,39.72184],[-104.909714,39.721839],[-104.909715,39.721837],[-104.909715,39.721836],[-104.909716,39.721835],[-104.909717,39.721833],[-104.909718,39.721832],[-104.909719,39.72183],[-104.90972,39.721829],[-104.909721,39.721827],[-104.909721,39.721826],[-104.909722,39.721825],[-104.909724,39.721823],[-104.909725,39.721822],[-104.909726,39.721821],[-104.909728,39.721818],[-104.90973,39.721817],[-104.90973,39.721816],[-104.909732,39.721814],[-104.909733,39.721813],[-104.909734,39.721812],[-104.909736,39.721811],[-104.909737,39.72181],[-104.909738,39.721809],[-104.90974,39.721807],[-104.909741,39.721806],[-104.909743,39.721805],[-104.909744,39.721804],[-104.909746,39.721803],[-104.909747,39.721802],[-104.90975,39.7218],[-104.909752,39.721799],[-104.909754,39.721798],[-104.909757,39.721796],[-104.909759,39.721795],[-104.90976,39.721794],[-104.909762,39.721794],[-104.909763,39.721793],[-104.909765,39.721792],[-104.909767,39.721791],[-104.909769,39.721791],[-104.909771,39.72179],[-104.909772,39.721789],[-104.909774,39.721789],[-104.909776,39.721788],[-104.909779,39.721787],[-104.90978,39.721787],[-104.909782,39.721786],[-104.909784,39.721785],[-104.909786,39.721785],[-104.909788,39.721784],[-104.909789,39.721784],[-104.909792,39.721783],[-104.909796,39.721783],[-104.909797,39.721782],[-104.9098,39.721782],[-104.909802,39.721782],[-104.909804,39.721781],[-104.909805,39.721781],[-104.909808,39.721781],[-104.90981,39.721781],[-104.909812,39.72178],[-104.909813,39.72178],[-104.909816,39.72178],[-104.90982,39.72178],[-104.909822,39.72178],[-104.909824,39.72178],[-104.909889,39.721771],[-104.909923,39.721767],[-104.909945,39.721765],[-104.909957,39.721763],[-104.909989,39.72176],[-104.910023,39.721758],[-104.910057,39.721756],[-104.910091,39.721754],[-104.910125,39.721753],[-104.910158,39.721752],[-104.910192,39.721752],[-104.910226,39.721752],[-104.91026,39.721753],[-104.910294,39.721754],[-104.910327,39.721755],[-104.910361,39.721757],[-104.910395,39.72176],[-104.910429,39.721763],[-104.910455,39.721765],[-104.910462,39.721766],[-104.910496,39.72177],[-104.910529,39.721774],[-104.910563,39.721779],[-104.910595,39.721784],[-104.910598,39.721784],[-104.9106,39.721785],[-104.910602,39.721785],[-104.910604,39.721785],[-104.910606,39.721785],[-104.910608,39.721785],[-104.91061,39.721786],[-104.910611,39.721786],[-104.910613,39.721786],[-104.910615,39.721786],[-104.910617,39.721786],[-104.910619,39.721787],[-104.910625,39.721788],[-104.910627,39.721788],[-104.910628,39.721789],[-104.91063,39.721789],[-104.910632,39.72179],[-104.910634,39.72179],[-104.910636,39.721791],[-104.910638,39.721792],[-104.91064,39.721793],[-104.910642,39.721793],[-104.910644,39.721795],[-104.910646,39.721795],[-104.910648,39.721796],[-104.91065,39.721797],[-104.910652,39.721798],[-104.910655,39.7218],[-104.910657,39.721801],[-104.910658,39.721802],[-104.910659,39.721802],[-104.910662,39.721804],[-104.910664,39.721805],[-104.910665,39.721806],[-104.910666,39.721807],[-104.910667,39.721808],[-104.910668,39.721809],[-104.91067,39.72181],[-104.910671,39.721811],[-104.910672,39.721812],[-104.910673,39.721813],[-104.910676,39.721816],[-104.910678,39.721817],[-104.910679,39.721818],[-104.91068,39.721819],[-104.91068,39.721821],[-104.910681,39.721822],[-104.910682,39.721823],[-104.910683,39.721824],[-104.910684,39.721825],[-104.910685,39.721827],[-104.910686,39.721828],[-104.910687,39.721829],[-104.910687,39.72183],[-104.910688,39.721832],[-104.910689,39.721833],[-104.910689,39.721834],[-104.91069,39.721835],[-104.910691,39.721837],[-104.910691,39.721838],[-104.910692,39.721839],[-104.910693,39.72184],[-104.910693,39.721842],[-104.910694,39.721843],[-104.910694,39.721845],[-104.910694,39.721846],[-104.910694,39.721847],[-104.910695,39.721849],[-104.910695,39.721851],[-104.910696,39.721853],[-104.910696,39.721858],[-104.910697,39.721859],[-104.910697,39.721869]]],[[[-104.90993,39.706046],[-104.909844,39.706317],[-104.909822,39.706389],[-104.909822,39.70639],[-104.909817,39.70741],[-104.909817,39.707411],[-104.909816,39.707411],[-104.90818,39.707415],[-104.908181,39.707181],[-104.908182,39.706952],[-104.908184,39.706717],[-104.908185,39.706489],[-104.908186,39.706278],[-104.908186,39.706257],[-104.908186,39.706077],[-104.908187,39.706028],[-104.908187,39.705875],[-104.908187,39.705848],[-104.908601,39.705848],[-104.908659,39.705848],[-104.908937,39.705847],[-104.909206,39.705846],[-104.909931,39.705845],[-104.909993,39.705845],[-104.90993,39.706046]]],[[[-104.908058,39.689359],[-104.907929,39.689359],[-104.907603,39.689359],[-104.90452,39.689365],[-104.903726,39.689366],[-104.903712,39.686301],[-104.907428,39.688457],[-104.907499,39.688498],[-104.908224,39.688918],[-104.908226,39.689211],[-104.908227,39.689358],[-104.908058,39.689359]]],[[[-104.90684,39.747654],[-104.90684,39.747726],[-104.90684,39.747793],[-104.90684,39.747864],[-104.90684,39.747933],[-104.906839,39.748001],[-104.906839,39.748071],[-104.906839,39.748139],[-104.906839,39.748208],[-104.906839,39.748277],[-104.906839,39.748347],[-104.906838,39.748414],[-104.906838,39.748478],[-104.906838,39.748546],[-104.906372,39.748546],[-104.905921,39.748546],[-104.905702,39.748547],[-104.905231,39.748547],[-104.904784,39.748546],[-104.904491,39.748548],[-104.904059,39.748547],[-104.904,39.748547],[-104.903578,39.748546],[-104.903579,39.748474],[-104.903579,39.748411],[-104.90358,39.748344],[-104.90358,39.748274],[-104.903581,39.748205],[-104.903582,39.748137],[-104.903582,39.748066],[-104.903583,39.747997],[-104.903583,39.747927],[-104.903584,39.74786],[-104.903585,39.74779],[-104.903585,39.747717],[-104.903586,39.747648],[-104.903586,39.747608],[-104.904008,39.747608],[-104.904062,39.747609],[-104.904496,39.74761],[-104.904788,39.74761],[-104.905235,39.74761],[-104.905707,39.74761],[-104.905923,39.747609],[-104.906375,39.747609],[-104.90684,39.74761],[-104.90684,39.747654]]],[[[-104.899514,39.678893],[-104.899372,39.678892],[-104.899371,39.679231],[-104.898314,39.679228],[-104.898025,39.679227],[-104.897156,39.6785],[-104.899516,39.678537],[-104.899514,39.678893]]],[[[-104.89871,39.765067],[-104.896465,39.765056],[-104.896482,39.763146],[-104.898722,39.763157],[-104.898727,39.763161],[-104.89871,39.765067]]],[[[-104.898535,39.747255],[-104.898477,39.747255],[-104.898155,39.747255],[-104.8978,39.747255],[-104.897748,39.747255],[-104.897686,39.747255],[-104.897685,39.747203],[-104.897685,39.747133],[-104.897685,39.747062],[-104.897685,39.746995],[-104.897685,39.746924],[-104.897684,39.746858],[-104.897684,39.746717],[-104.897684,39.746652],[-104.897683,39.746583],[-104.897683,39.746517],[-104.897683,39.746448],[-104.897683,39.746381],[-104.897683,39.746314],[-104.897682,39.746243],[-104.897682,39.746173],[-104.897682,39.746101],[-104.897682,39.746032],[-104.897681,39.74597],[-104.897681,39.745899],[-104.897681,39.745829],[-104.897681,39.745757],[-104.89768,39.745689],[-104.898155,39.745688],[-104.898589,39.745687],[-104.898589,39.745761],[-104.898589,39.745827],[-104.898589,39.745898],[-104.89859,39.74597],[-104.89859,39.746038],[-104.89859,39.746102],[-104.898591,39.746174],[-104.898591,39.746246],[-104.898591,39.746314],[-104.898591,39.746382],[-104.898592,39.746451],[-104.898592,39.746521],[-104.898592,39.746587],[-104.898593,39.746652],[-104.898593,39.746724],[-104.898593,39.746791],[-104.898593,39.746857],[-104.898594,39.746928],[-104.898594,39.746995],[-104.898594,39.747063],[-104.898595,39.747133],[-104.898595,39.747207],[-104.898595,39.747255],[-104.898535,39.747255]]],[[[-104.897413,39.712998],[-104.897413,39.713023],[-104.897398,39.713022],[-104.897022,39.71302],[-104.897004,39.71302],[-104.896999,39.713582],[-104.896999,39.713584],[-104.896978,39.713583],[-104.896943,39.713582],[-104.896887,39.71358],[-104.895809,39.713536],[-104.89578,39.713535],[-104.895751,39.713534],[-104.895722,39.713534],[-104.895693,39.713534],[-104.895664,39.713535],[-104.895663,39.713535],[-104.895635,39.713536],[-104.895606,39.713537],[-104.895577,39.713539],[-104.895548,39.713541],[-104.895519,39.713543],[-104.89549,39.713546],[-104.895461,39.71355],[-104.895433,39.713553],[-104.895404,39.713557],[-104.895376,39.713562],[-104.895347,39.713567],[-104.895319,39.713572],[-104.895291,39.713577],[-104.895263,39.713583],[-104.895235,39.71359],[-104.895208,39.713596],[-104.89518,39.713603],[-104.895153,39.713611],[-104.895126,39.713619],[-104.895098,39.713627],[-104.895072,39.713636],[-104.895045,39.713644],[-104.895019,39.713654],[-104.894992,39.713663],[-104.894966,39.713673],[-104.894939,39.713684],[-104.894813,39.713736],[-104.894811,39.713737],[-104.894811,39.713737],[-104.89481,39.713737],[-104.894809,39.713738],[-104.894808,39.713738],[-104.894807,39.713738],[-104.894806,39.713739],[-104.894805,39.713739],[-104.894804,39.713739],[-104.894803,39.713739],[-104.894802,39.71374],[-104.894801,39.71374],[-104.8948,39.71374],[-104.894799,39.71374],[-104.894798,39.71374],[-104.894797,39.713741],[-104.894795,39.713741],[-104.894794,39.713741],[-104.894793,39.713741],[-104.894792,39.713741],[-104.894791,39.713741],[-104.89479,39.713741],[-104.894789,39.713741],[-104.894788,39.713741],[-104.894787,39.713741],[-104.894786,39.713741],[-104.894785,39.713741],[-104.894784,39.713741],[-104.894783,39.713741],[-104.894782,39.713741],[-104.894781,39.713741],[-104.89478,39.713741],[-104.894779,39.713741],[-104.894778,39.713741],[-104.894777,39.713741],[-104.894776,39.713741],[-104.894775,39.713741],[-104.894773,39.713741],[-104.894772,39.71374],[-104.894771,39.71374],[-104.89477,39.71374],[-104.894769,39.71374],[-104.894768,39.71374],[-104.894767,39.713739],[-104.894766,39.713739],[-104.894765,39.713739],[-104.894764,39.713739],[-104.894763,39.713738],[-104.894762,39.713738],[-104.894761,39.713738],[-104.89476,39.713737],[-104.894759,39.713737],[-104.894759,39.713737],[-104.894758,39.713736],[-104.894757,39.713736],[-104.894756,39.713736],[-104.894755,39.713735],[-104.894754,39.713735],[-104.894753,39.713734],[-104.894752,39.713734],[-104.894751,39.713734],[-104.89475,39.713733],[-104.894749,39.713733],[-104.894749,39.713732],[-104.894748,39.713732],[-104.894747,39.713731],[-104.894746,39.713731],[-104.894745,39.71373],[-104.894745,39.713729],[-104.894744,39.713729],[-104.894743,39.713728],[-104.894742,39.713728],[-104.894742,39.713727],[-104.894741,39.713727],[-104.89474,39.713726],[-104.894739,39.713725],[-104.894739,39.713725],[-104.894738,39.713724],[-104.894737,39.713724],[-104.894737,39.713723],[-104.894736,39.713722],[-104.894736,39.713722],[-104.894735,39.713721],[-104.894734,39.71372],[-104.894734,39.71372],[-104.894733,39.713719],[-104.894733,39.713718],[-104.894732,39.713717],[-104.894732,39.713717],[-104.894388,39.713217],[-104.89437,39.713188],[-104.894352,39.713159],[-104.894335,39.71313],[-104.894319,39.713101],[-104.894303,39.713072],[-104.894288,39.713042],[-104.894274,39.713012],[-104.894258,39.712977],[-104.894245,39.712946],[-104.894233,39.712916],[-104.894222,39.712886],[-104.894211,39.712855],[-104.894201,39.712824],[-104.894192,39.712793],[-104.894183,39.712762],[-104.894175,39.712731],[-104.894168,39.712699],[-104.894161,39.712668],[-104.894156,39.712636],[-104.894151,39.712605],[-104.894146,39.712573],[-104.894143,39.712542],[-104.89414,39.71251],[-104.894137,39.712478],[-104.894136,39.712446],[-104.894135,39.712414],[-104.894135,39.712383],[-104.894135,39.712382],[-104.894135,39.71238],[-104.894135,39.712379],[-104.894135,39.712378],[-104.894135,39.712378],[-104.894136,39.712377],[-104.894136,39.712376],[-104.894136,39.712375],[-104.894136,39.712374],[-104.894136,39.712374],[-104.894136,39.712373],[-104.894137,39.712372],[-104.894137,39.712371],[-104.894137,39.71237],[-104.894137,39.71237],[-104.894138,39.712369],[-104.894138,39.712368],[-104.894138,39.712367],[-104.894139,39.712366],[-104.894139,39.712366],[-104.894139,39.712365],[-104.89414,39.712364],[-104.89414,39.712363],[-104.894141,39.712363],[-104.894141,39.712362],[-104.894141,39.712361],[-104.894142,39.71236],[-104.894142,39.71236],[-104.894143,39.712359],[-104.894143,39.712358],[-104.894144,39.712358],[-104.894145,39.712357],[-104.894145,39.712356],[-104.894146,39.712356],[-104.894146,39.712355],[-104.894147,39.712354],[-104.894148,39.712354],[-104.894148,39.712353],[-104.894149,39.712352],[-104.89415,39.712352],[-104.89415,39.712351],[-104.894151,39.712351],[-104.894152,39.71235],[-104.894152,39.712349],[-104.894153,39.712349],[-104.894154,39.712348],[-104.894155,39.712348],[-104.894155,39.712347],[-104.894156,39.712347],[-104.894157,39.712346],[-104.894158,39.712346],[-104.894159,39.712345],[-104.89416,39.712345],[-104.89416,39.712344],[-104.894161,39.712344],[-104.894162,39.712343],[-104.894163,39.712343],[-104.894164,39.712342],[-104.894165,39.712342],[-104.894166,39.712341],[-104.894167,39.712341],[-104.894168,39.712341],[-104.894169,39.71234],[-104.894169,39.71234],[-104.89417,39.71234],[-104.894171,39.712339],[-104.894172,39.712339],[-104.894173,39.712339],[-104.894174,39.712338],[-104.894175,39.712338],[-104.894176,39.712338],[-104.894177,39.712338],[-104.894178,39.712337],[-104.894179,39.712337],[-104.89418,39.712337],[-104.894181,39.712337],[-104.894182,39.712336],[-104.894183,39.712336],[-104.894184,39.712336],[-104.894185,39.712336],[-104.894187,39.712336],[-104.894188,39.712336],[-104.894189,39.712336],[-104.89419,39.712336],[-104.894191,39.712335],[-104.894192,39.712335],[-104.894193,39.712335],[-104.894194,39.712335],[-104.894195,39.712335],[-104.894196,39.712335],[-104.895674,39.712344],[-104.897359,39.712353],[-104.897361,39.712353],[-104.897362,39.712353],[-104.897363,39.712354],[-104.897364,39.712354],[-104.897365,39.712354],[-104.897366,39.712354],[-104.897367,39.712354],[-104.897368,39.712354],[-104.897369,39.712354],[-104.89737,39.712354],[-104.897371,39.712355],[-104.897372,39.712355],[-104.897373,39.712355],[-104.897374,39.712355],[-104.897375,39.712355],[-104.897376,39.712356],[-104.897377,39.712356],[-104.897378,39.712356],[-104.897379,39.712356],[-104.89738,39.712357],[-104.897381,39.712357],[-104.897382,39.712357],[-104.897383,39.712358],[-104.897384,39.712358],[-104.897385,39.712358],[-104.897386,39.712359],[-104.897387,39.712359],[-104.897388,39.712359],[-104.897389,39.71236],[-104.89739,39.71236],[-104.897391,39.712361],[-104.897391,39.712361],[-104.897392,39.712362],[-104.897393,39.712362],[-104.897394,39.712363],[-104.897395,39.712363],[-104.897396,39.712364],[-104.897396,39.712364],[-104.897397,39.712365],[-104.897398,39.712365],[-104.897399,39.712366],[-104.8974,39.712366],[-104.8974,39.712367],[-104.897401,39.712367],[-104.897402,39.712368],[-104.897403,39.712368],[-104.897403,39.712369],[-104.897404,39.71237],[-104.897405,39.71237],[-104.897405,39.712371],[-104.897406,39.712372],[-104.897407,39.712372],[-104.897407,39.712373],[-104.897408,39.712374],[-104.897408,39.712374],[-104.897409,39.712375],[-104.89741,39.712376],[-104.89741,39.712376],[-104.897411,39.712377],[-104.897411,39.712378],[-104.897412,39.712378],[-104.897412,39.712379],[-104.897413,39.71238],[-104.897413,39.712381],[-104.897413,39.712381],[-104.897414,39.712382],[-104.897414,39.712383],[-104.897415,39.712384],[-104.897415,39.712384],[-104.897415,39.712385],[-104.897416,39.712386],[-104.897416,39.712387],[-104.897416,39.712388],[-104.897417,39.712388],[-104.897417,39.712389],[-104.897417,39.71239],[-104.897417,39.712391],[-104.897418,39.712392],[-104.897418,39.712392],[-104.897418,39.712393],[-104.897418,39.712394],[-104.897418,39.712395],[-104.897418,39.712396],[-104.897418,39.712396],[-104.897418,39.712397],[-104.897418,39.712398],[-104.897419,39.712399],[-104.897419,39.7124],[-104.897419,39.7124],[-104.897413,39.712998]]],[[[-104.894149,39.658406],[-104.894149,39.658507],[-104.894149,39.658509],[-104.894147,39.65851],[-104.894147,39.658511],[-104.894146,39.658512],[-104.894145,39.658513],[-104.894144,39.658515],[-104.894143,39.658516],[-104.894143,39.658517],[-104.894142,39.658518],[-104.894141,39.658519],[-104.89414,39.65852],[-104.89414,39.658522],[-104.894139,39.658523],[-104.894138,39.658524],[-104.894137,39.658525],[-104.894137,39.658526],[-104.894136,39.658528],[-104.894135,39.658529],[-104.894134,39.65853],[-104.894134,39.658531],[-104.894133,39.658532],[-104.894132,39.658534],[-104.894132,39.658535],[-104.894131,39.658536],[-104.89413,39.658537],[-104.894129,39.658538],[-104.894129,39.65854],[-104.894128,39.658541],[-104.894127,39.658542],[-104.894127,39.658543],[-104.894126,39.658544],[-104.894102,39.658578],[-104.894072,39.658647],[-104.894058,39.658689],[-104.894048,39.658734],[-104.894042,39.658778],[-104.89404,39.658827],[-104.89404,39.65887],[-104.89404,39.658964],[-104.894032,39.660177],[-104.893941,39.66024],[-104.891787,39.660236],[-104.891339,39.660235],[-104.89137,39.657752],[-104.891358,39.657675],[-104.891347,39.657635],[-104.891338,39.657609],[-104.891305,39.657549],[-104.891275,39.657508],[-104.891239,39.657469],[-104.891199,39.657435],[-104.891153,39.657403],[-104.891155,39.657028],[-104.891156,39.65696],[-104.891156,39.656959],[-104.891158,39.656888],[-104.891173,39.656888],[-104.891363,39.656889],[-104.89141,39.656845],[-104.891412,39.656846],[-104.891415,39.656847],[-104.891417,39.656848],[-104.891419,39.65685],[-104.891421,39.656851],[-104.891424,39.656852],[-104.891426,39.656853],[-104.891429,39.656854],[-104.891431,39.656855],[-104.891433,39.656856],[-104.891436,39.656857],[-104.891439,39.656859],[-104.891441,39.65686],[-104.891444,39.65686],[-104.891447,39.656861],[-104.891449,39.656862],[-104.891452,39.656863],[-104.891455,39.656864],[-104.891457,39.656864],[-104.89146,39.656865],[-104.891463,39.656866],[-104.891465,39.656867],[-104.891468,39.656867],[-104.891471,39.656868],[-104.891473,39.656868],[-104.891476,39.656869],[-104.891479,39.656869],[-104.891482,39.656869],[-104.891485,39.65687],[-104.891487,39.65687],[-104.89149,39.65687],[-104.891493,39.65687],[-104.891495,39.656871],[-104.891499,39.656871],[-104.891502,39.656871],[-104.891516,39.656871],[-104.891519,39.656871],[-104.891521,39.656871],[-104.891524,39.656871],[-104.891527,39.656871],[-104.89153,39.65687],[-104.891533,39.65687],[-104.891535,39.65687],[-104.891538,39.656869],[-104.891541,39.656869],[-104.891543,39.656868],[-104.891546,39.656868],[-104.89155,39.656867],[-104.891552,39.656867],[-104.891555,39.656866],[-104.891558,39.656866],[-104.89156,39.656865],[-104.891563,39.656864],[-104.891566,39.656864],[-104.891568,39.656863],[-104.891571,39.656862],[-104.891574,39.656861],[-104.891576,39.65686],[-104.891579,39.65686],[-104.891581,39.656859],[-104.891583,39.656858],[-104.891586,39.656857],[-104.891589,39.656856],[-104.891591,39.656855],[-104.891593,39.656853],[-104.891596,39.656852],[-104.891599,39.656851],[-104.8916,39.65685],[-104.891603,39.656848],[-104.891606,39.656847],[-104.891608,39.656846],[-104.891657,39.65689],[-104.892038,39.656891],[-104.892481,39.656892],[-104.892574,39.656717],[-104.892578,39.656717],[-104.892581,39.656717],[-104.892586,39.656717],[-104.892589,39.656717],[-104.892592,39.656717],[-104.892595,39.656716],[-104.892598,39.656716],[-104.8926,39.656716],[-104.892603,39.656715],[-104.892606,39.656715],[-104.892608,39.656715],[-104.892611,39.656714],[-104.892614,39.656714],[-104.892617,39.656713],[-104.892619,39.656712],[-104.892622,39.656712],[-104.892625,39.656711],[-104.892627,39.656711],[-104.89263,39.65671],[-104.892633,39.656709],[-104.892635,39.656708],[-104.892638,39.656708],[-104.892643,39.656706],[-104.892645,39.656705],[-104.892648,39.656704],[-104.89265,39.656703],[-104.892653,39.656702],[-104.892656,39.656701],[-104.892657,39.6567],[-104.89266,39.656698],[-104.892663,39.656697],[-104.892665,39.656696],[-104.892667,39.656695],[-104.892669,39.656694],[-104.892672,39.656693],[-104.892674,39.656691],[-104.892676,39.65669],[-104.892678,39.656689],[-104.892681,39.656687],[-104.892682,39.656685],[-104.892686,39.656683],[-104.892689,39.656681],[-104.89269,39.65668],[-104.892692,39.656678],[-104.892694,39.656677],[-104.892804,39.656745],[-104.893106,39.656747],[-104.893487,39.656749],[-104.893543,39.656695],[-104.893546,39.656697],[-104.893549,39.656698],[-104.893551,39.6567],[-104.893553,39.656701],[-104.893555,39.656702],[-104.89356,39.656704],[-104.893562,39.656705],[-104.893565,39.656707],[-104.893568,39.656708],[-104.89357,39.656709],[-104.893573,39.656709],[-104.893576,39.65671],[-104.893577,39.656711],[-104.89358,39.656712],[-104.893583,39.656713],[-104.893585,39.656714],[-104.893588,39.656715],[-104.893591,39.656715],[-104.893593,39.656716],[-104.893596,39.656717],[-104.893601,39.656718],[-104.893604,39.656718],[-104.893607,39.656719],[-104.893609,39.656719],[-104.893613,39.65672],[-104.893615,39.65672],[-104.893618,39.656721],[-104.893621,39.656721],[-104.893623,39.656721],[-104.893626,39.656722],[-104.893629,39.656722],[-104.893635,39.656722],[-104.893638,39.656722],[-104.893649,39.656722],[-104.893652,39.656722],[-104.893654,39.656722],[-104.893657,39.656722],[-104.89366,39.656722],[-104.893662,39.656721],[-104.893665,39.656721],[-104.893669,39.656721],[-104.893671,39.65672],[-104.893674,39.65672],[-104.893677,39.65672],[-104.893679,39.656719],[-104.893682,39.656719],[-104.893685,39.656718],[-104.893687,39.656718],[-104.89369,39.656717],[-104.893693,39.656716],[-104.893695,39.656716],[-104.893701,39.656714],[-104.893703,39.656713],[-104.893706,39.656713],[-104.893709,39.656712],[-104.893711,39.656711],[-104.893714,39.65671],[-104.893717,39.656709],[-104.893718,39.656708],[-104.893721,39.656707],[-104.893724,39.656706],[-104.893726,39.656705],[-104.893728,39.656704],[-104.893731,39.656703],[-104.893734,39.656702],[-104.893735,39.6567],[-104.893738,39.656699],[-104.89374,39.656698],[-104.89374,39.656698],[-104.893795,39.65675],[-104.894151,39.656751],[-104.894149,39.658406]]],[[[-104.892819,39.643718],[-104.892816,39.643719],[-104.892813,39.64372],[-104.89281,39.643722],[-104.892807,39.643723],[-104.892804,39.643724],[-104.892801,39.643725],[-104.892797,39.643726],[-104.892794,39.643728],[-104.892791,39.643729],[-104.892788,39.64373],[-104.892785,39.643731],[-104.892782,39.643732],[-104.892779,39.643734],[-104.892776,39.643735],[-104.892772,39.643736],[-104.892769,39.643737],[-104.892766,39.643738],[-104.892763,39.64374],[-104.89276,39.643741],[-104.892757,39.643742],[-104.892754,39.643743],[-104.89275,39.643744],[-104.892747,39.643746],[-104.892744,39.643747],[-104.892741,39.643748],[-104.892738,39.643749],[-104.892735,39.64375],[-104.892732,39.643751],[-104.892728,39.643753],[-104.892725,39.643754],[-104.892722,39.643755],[-104.892719,39.643756],[-104.892716,39.643757],[-104.892713,39.643758],[-104.892709,39.64376],[-104.892706,39.643761],[-104.892703,39.643762],[-104.8927,39.643763],[-104.892697,39.643764],[-104.892694,39.643765],[-104.89269,39.643766],[-104.892687,39.643768],[-104.892684,39.643769],[-104.892681,39.64377],[-104.892678,39.643771],[-104.892675,39.643772],[-104.892671,39.643773],[-104.892668,39.643774],[-104.892665,39.643775],[-104.892662,39.643777],[-104.892659,39.643778],[-104.892655,39.643779],[-104.892652,39.64378],[-104.892649,39.643781],[-104.892646,39.643782],[-104.892643,39.643783],[-104.89264,39.643784],[-104.892636,39.643785],[-104.892633,39.643787],[-104.89263,39.643788],[-104.892627,39.643789],[-104.892624,39.64379],[-104.89262,39.643791],[-104.892617,39.643792],[-104.892614,39.643793],[-104.892611,39.643794],[-104.892608,39.643795],[-104.892604,39.643796],[-104.892601,39.643797],[-104.892598,39.643799],[-104.892595,39.6438],[-104.892591,39.643801],[-104.892588,39.643802],[-104.892585,39.643803],[-104.892582,39.643804],[-104.892579,39.643805],[-104.892575,39.643806],[-104.892572,39.643807],[-104.892569,39.643808],[-104.892566,39.643809],[-104.892563,39.64381],[-104.892559,39.643811],[-104.892556,39.643812],[-104.892553,39.643813],[-104.89255,39.643815],[-104.892546,39.643816],[-104.892543,39.643817],[-104.89254,39.643818],[-104.892537,39.643819],[-104.892534,39.64382],[-104.89253,39.643821],[-104.892527,39.643822],[-104.892524,39.643823],[-104.892521,39.643824],[-104.892517,39.643825],[-104.892514,39.643826],[-104.892511,39.643827],[-104.892508,39.643828],[-104.892504,39.643829],[-104.892501,39.64383],[-104.892498,39.643831],[-104.892495,39.643832],[-104.892491,39.643833],[-104.892488,39.643834],[-104.892485,39.643835],[-104.892482,39.643836],[-104.892478,39.643837],[-104.892475,39.643838],[-104.892472,39.643839],[-104.892469,39.64384],[-104.892465,39.643841],[-104.892462,39.643842],[-104.892459,39.643843],[-104.892456,39.643844],[-104.892452,39.643845],[-104.892449,39.643846],[-104.892446,39.643847],[-104.892443,39.643848],[-104.892439,39.643849],[-104.892436,39.64385],[-104.892433,39.643851],[-104.89243,39.643852],[-104.892426,39.643853],[-104.892423,39.643854],[-104.89242,39.643855],[-104.892416,39.643856],[-104.892413,39.643857],[-104.89241,39.643858],[-104.892407,39.643859],[-104.892403,39.643859],[-104.8924,39.64386],[-104.892397,39.643861],[-104.892394,39.643862],[-104.89239,39.643863],[-104.892387,39.643864],[-104.892384,39.643865],[-104.89238,39.643866],[-104.892377,39.643867],[-104.892374,39.643868],[-104.892371,39.643869],[-104.892367,39.64387],[-104.892364,39.643871],[-104.892361,39.643872],[-104.892357,39.643873],[-104.892354,39.643873],[-104.892351,39.643874],[-104.892348,39.643875],[-104.892344,39.643876],[-104.892341,39.643877],[-104.892338,39.643878],[-104.892334,39.643879],[-104.892331,39.64388],[-104.892328,39.643881],[-104.892325,39.643882],[-104.892321,39.643883],[-104.892318,39.643883],[-104.892315,39.643884],[-104.892311,39.643885],[-104.892308,39.643886],[-104.892305,39.643887],[-104.892301,39.643888],[-104.892298,39.643889],[-104.892295,39.64389],[-104.892291,39.64389],[-104.892288,39.643891],[-104.892285,39.643892],[-104.892282,39.643893],[-104.892278,39.643894],[-104.892275,39.643895],[-104.892272,39.643896],[-104.892268,39.643897],[-104.892265,39.643897],[-104.892262,39.643898],[-104.892258,39.643899],[-104.892255,39.6439],[-104.892252,39.643901],[-104.892248,39.643902],[-104.892245,39.643903],[-104.892242,39.643903],[-104.892238,39.643904],[-104.892235,39.643905],[-104.892232,39.643906],[-104.892228,39.643907],[-104.892225,39.643908],[-104.892222,39.643908],[-104.892218,39.643909],[-104.892215,39.64391],[-104.892212,39.643911],[-104.892208,39.643912],[-104.892205,39.643912],[-104.892202,39.643913],[-104.892198,39.643914],[-104.892195,39.643915],[-104.892192,39.643916],[-104.892188,39.643917],[-104.892185,39.643917],[-104.892182,39.643918],[-104.892178,39.643919],[-104.892175,39.64392],[-104.892172,39.643921],[-104.892168,39.643921],[-104.892165,39.643922],[-104.892162,39.643923],[-104.892158,39.643924],[-104.892155,39.643925],[-104.892152,39.643925],[-104.892148,39.643926],[-104.892145,39.643927],[-104.892142,39.643928],[-104.892138,39.643928],[-104.892135,39.643929],[-104.892132,39.64393],[-104.892128,39.643931],[-104.892125,39.643931],[-104.892121,39.643932],[-104.892118,39.643933],[-104.892115,39.643934],[-104.892111,39.643935],[-104.892108,39.643935],[-104.892105,39.643936],[-104.892101,39.643937],[-104.892098,39.643938],[-104.892095,39.643938],[-104.892091,39.643939],[-104.892088,39.64394],[-104.892084,39.64394],[-104.892081,39.643941],[-104.892078,39.643942],[-104.892074,39.643943],[-104.892071,39.643943],[-104.892068,39.643944],[-104.892064,39.643945],[-104.892061,39.643946],[-104.892058,39.643946],[-104.892054,39.643947],[-104.892051,39.643948],[-104.892047,39.643948],[-104.892044,39.643949],[-104.892041,39.64395],[-104.892037,39.643951],[-104.892034,39.643951],[-104.892031,39.643952],[-104.892027,39.643953],[-104.892024,39.643953],[-104.89202,39.643954],[-104.892017,39.643955],[-104.892014,39.643955],[-104.89201,39.643956],[-104.892007,39.643957],[-104.892004,39.643958],[-104.892,39.643958],[-104.891997,39.643959],[-104.891993,39.64396],[-104.89199,39.64396],[-104.891987,39.643961],[-104.891983,39.643962],[-104.89198,39.643962],[-104.891976,39.643963],[-104.891973,39.643964],[-104.89197,39.643964],[-104.891966,39.643965],[-104.891963,39.643966],[-104.891959,39.643966],[-104.891956,39.643967],[-104.891953,39.643968],[-104.891949,39.643968],[-104.891946,39.643969],[-104.891942,39.643969],[-104.891939,39.64397],[-104.891936,39.643971],[-104.891932,39.643971],[-104.891929,39.643972],[-104.891925,39.643973],[-104.891922,39.643973],[-104.891919,39.643974],[-104.891915,39.643975],[-104.891912,39.643975],[-104.891908,39.643976],[-104.891905,39.643976],[-104.891902,39.643977],[-104.891898,39.643978],[-104.891895,39.643978],[-104.891891,39.643979],[-104.891888,39.643979],[-104.891885,39.64398],[-104.891881,39.643981],[-104.891878,39.643981],[-104.891874,39.643982],[-104.891871,39.643982],[-104.891868,39.643983],[-104.891864,39.643984],[-104.891861,39.643984],[-104.891857,39.643985],[-104.891854,39.643985],[-104.89185,39.643986],[-104.891847,39.643987],[-104.891844,39.643987],[-104.89184,39.643988],[-104.891837,39.643988],[-104.891833,39.643989],[-104.89183,39.643989],[-104.891827,39.64399],[-104.891823,39.643991],[-104.89182,39.643991],[-104.891816,39.643992],[-104.891813,39.643992],[-104.891809,39.643993],[-104.891806,39.643993],[-104.891803,39.643994],[-104.891799,39.643994],[-104.891796,39.643995],[-104.891792,39.643996],[-104.891789,39.643996],[-104.891785,39.643997],[-104.891782,39.643997],[-104.891779,39.643998],[-104.891775,39.643998],[-104.891772,39.643999],[-104.891768,39.643999],[-104.891765,39.644],[-104.891761,39.644],[-104.891758,39.644001],[-104.891755,39.644001],[-104.891751,39.644002],[-104.891748,39.644002],[-104.891744,39.644003],[-104.891741,39.644003],[-104.891737,39.644004],[-104.891734,39.644004],[-104.891731,39.644005],[-104.891727,39.644005],[-104.891724,39.644006],[-104.89172,39.644006],[-104.891717,39.644007],[-104.891713,39.644007],[-104.89171,39.644008],[-104.891706,39.644008],[-104.891703,39.644009],[-104.8917,39.644009],[-104.891696,39.64401],[-104.891693,39.64401],[-104.891689,39.644011],[-104.891686,39.644011],[-104.891682,39.644012],[-104.891679,39.644012],[-104.891675,39.644013],[-104.891672,39.644013],[-104.891669,39.644014],[-104.891665,39.644014],[-104.891662,39.644015],[-104.891658,39.644015],[-104.891655,39.644015],[-104.891651,39.644016],[-104.891648,39.644016],[-104.891644,39.644017],[-104.891641,39.644017],[-104.891638,39.644018],[-104.891634,39.644018],[-104.891631,39.644019],[-104.891627,39.644019],[-104.891624,39.644019],[-104.89162,39.64402],[-104.891617,39.64402],[-104.891613,39.644021],[-104.89161,39.644021],[-104.891606,39.644022],[-104.891603,39.644022],[-104.8916,39.644022],[-104.891596,39.644023],[-104.891593,39.644023],[-104.891589,39.644024],[-104.891586,39.644024],[-104.891582,39.644024],[-104.891579,39.644025],[-104.891575,39.644025],[-104.891572,39.644026],[-104.891568,39.644026],[-104.891565,39.644026],[-104.891562,39.644027],[-104.891558,39.644027],[-104.891555,39.644028],[-104.891551,39.644028],[-104.891548,39.644028],[-104.891544,39.644029],[-104.891541,39.644029],[-104.891537,39.644029],[-104.891534,39.64403],[-104.89153,39.64403],[-104.891527,39.644031],[-104.891523,39.644031],[-104.89152,39.644031],[-104.891516,39.644032],[-104.891513,39.644032],[-104.89151,39.644032],[-104.891506,39.644033],[-104.891503,39.644033],[-104.891314,39.643094],[-104.891314,39.643091],[-104.891313,39.643088],[-104.891313,39.643086],[-104.891312,39.643083],[-104.891312,39.64308],[-104.891311,39.643077],[-104.891311,39.643075],[-104.89131,39.643072],[-104.89131,39.643069],[-104.891309,39.643067],[-104.891309,39.643064],[-104.891308,39.643061],[-104.891308,39.643058],[-104.891307,39.643056],[-104.891306,39.643053],[-104.891306,39.64305],[-104.891305,39.643048],[-104.891305,39.643045],[-104.891304,39.643042],[-104.891304,39.64304],[-104.891303,39.643037],[-104.891302,39.643034],[-104.891302,39.643031],[-104.891301,39.643029],[-104.891301,39.643026],[-104.8913,39.643023],[-104.891299,39.643021],[-104.891299,39.643018],[-104.891298,39.643015],[-104.891297,39.643013],[-104.891297,39.64301],[-104.891296,39.643007],[-104.891295,39.643004],[-104.891295,39.643002],[-104.891294,39.642999],[-104.891293,39.642996],[-104.891293,39.642994],[-104.891292,39.642991],[-104.891291,39.642988],[-104.891291,39.642986],[-104.89129,39.642983],[-104.891289,39.64298],[-104.891288,39.642978],[-104.891288,39.642975],[-104.891287,39.642972],[-104.891286,39.64297],[-104.891285,39.642967],[-104.891285,39.642964],[-104.891284,39.642962],[-104.891283,39.642959],[-104.891282,39.642956],[-104.891282,39.642953],[-104.891281,39.642951],[-104.89128,39.642948],[-104.891279,39.642945],[-104.891278,39.642943],[-104.891278,39.64294],[-104.891277,39.642937],[-104.891276,39.642935],[-104.891275,39.642932],[-104.891274,39.642929],[-104.891273,39.642927],[-104.891273,39.642924],[-104.891272,39.642921],[-104.891271,39.642919],[-104.89127,39.642916],[-104.891269,39.642913],[-104.891268,39.642911],[-104.891267,39.642908],[-104.891266,39.642906],[-104.891266,39.642903],[-104.891265,39.6429],[-104.891264,39.642898],[-104.891263,39.642895],[-104.891262,39.642892],[-104.891261,39.64289],[-104.89126,39.642887],[-104.891259,39.642884],[-104.891258,39.642882],[-104.891257,39.642879],[-104.891256,39.642876],[-104.891255,39.642874],[-104.891254,39.642871],[-104.891253,39.642868],[-104.891253,39.642866],[-104.891252,39.642863],[-104.891251,39.642861],[-104.89125,39.642858],[-104.891249,39.642855],[-104.891248,39.642853],[-104.891247,39.64285],[-104.891246,39.642847],[-104.891245,39.642845],[-104.891244,39.642842],[-104.891242,39.64284],[-104.891241,39.642837],[-104.89124,39.642834],[-104.891239,39.642832],[-104.891238,39.642829],[-104.891237,39.642826],[-104.891236,39.642824],[-104.891235,39.642821],[-104.891234,39.642819],[-104.891233,39.642816],[-104.891232,39.642813],[-104.891231,39.642811],[-104.89123,39.642808],[-104.891229,39.642806],[-104.891227,39.642803],[-104.891226,39.6428],[-104.891225,39.642798],[-104.891224,39.642795],[-104.891223,39.642793],[-104.891222,39.64279],[-104.891221,39.642787],[-104.89122,39.642785],[-104.891218,39.642782],[-104.891217,39.64278],[-104.891216,39.642777],[-104.891215,39.642774],[-104.891214,39.642772],[-104.891213,39.642769],[-104.891211,39.642767],[-104.89121,39.642764],[-104.891209,39.642761],[-104.891208,39.642759],[-104.891207,39.642756],[-104.891205,39.642754],[-104.891204,39.642751],[-104.891203,39.642749],[-104.891202,39.642746],[-104.8912,39.642743],[-104.891199,39.642741],[-104.891198,39.642738],[-104.891197,39.642736],[-104.891195,39.642733],[-104.891194,39.642731],[-104.891193,39.642728],[-104.891192,39.642725],[-104.89119,39.642723],[-104.891189,39.64272],[-104.891188,39.642718],[-104.891186,39.642715],[-104.891185,39.642713],[-104.891184,39.64271],[-104.891182,39.642708],[-104.891181,39.642705],[-104.89118,39.642703],[-104.891178,39.6427],[-104.891177,39.642697],[-104.891176,39.642695],[-104.891174,39.642692],[-104.891173,39.64269],[-104.891172,39.642687],[-104.89117,39.642685],[-104.891169,39.642682],[-104.891168,39.64268],[-104.891166,39.642677],[-104.891165,39.642675],[-104.891163,39.642672],[-104.891162,39.64267],[-104.891161,39.642667],[-104.891159,39.642665],[-104.891158,39.642662],[-104.891156,39.64266],[-104.891155,39.642657],[-104.891154,39.642655],[-104.891152,39.642652],[-104.891151,39.64265],[-104.891149,39.642647],[-104.891148,39.642645],[-104.891146,39.642642],[-104.891145,39.64264],[-104.891143,39.642637],[-104.891142,39.642635],[-104.89114,39.642632],[-104.891139,39.64263],[-104.891137,39.642627],[-104.891136,39.642625],[-104.891134,39.642622],[-104.891133,39.64262],[-104.891131,39.642617],[-104.89113,39.642615],[-104.891128,39.642612],[-104.891127,39.64261],[-104.891125,39.642607],[-104.891124,39.642605],[-104.891122,39.642602],[-104.891121,39.6426],[-104.891119,39.642597],[-104.891117,39.642595],[-104.891116,39.642592],[-104.891114,39.64259],[-104.891113,39.642588],[-104.891111,39.642585],[-104.89111,39.642583],[-104.891108,39.64258],[-104.891106,39.642578],[-104.891105,39.642575],[-104.891103,39.642573],[-104.891102,39.64257],[-104.8911,39.642568],[-104.891098,39.642566],[-104.891097,39.642563],[-104.891095,39.642561],[-104.891093,39.642558],[-104.891092,39.642556],[-104.89109,39.642553],[-104.891088,39.642551],[-104.891087,39.642549],[-104.891085,39.642546],[-104.891083,39.642544],[-104.891082,39.642541],[-104.89108,39.642539],[-104.891078,39.642536],[-104.891077,39.642534],[-104.891075,39.642532],[-104.891073,39.642529],[-104.891072,39.642527],[-104.89107,39.642524],[-104.891068,39.642522],[-104.891066,39.64252],[-104.891065,39.642517],[-104.891063,39.642515],[-104.891061,39.642512],[-104.891059,39.64251],[-104.891058,39.642508],[-104.891056,39.642505],[-104.891054,39.642503],[-104.891052,39.642501],[-104.891051,39.642498],[-104.891049,39.642496],[-104.891047,39.642493],[-104.891045,39.642491],[-104.891043,39.642489],[-104.891042,39.642486],[-104.89104,39.642484],[-104.891038,39.642482],[-104.891036,39.642479],[-104.891034,39.642477],[-104.891033,39.642475],[-104.891031,39.642472],[-104.891029,39.64247],[-104.891027,39.642468],[-104.891025,39.642465],[-104.891023,39.642463],[-104.891021,39.642461],[-104.89102,39.642458],[-104.891018,39.642456],[-104.891016,39.642454],[-104.891014,39.642451],[-104.891012,39.642449],[-104.89101,39.642447],[-104.891008,39.642444],[-104.891006,39.642442],[-104.891005,39.64244],[-104.891003,39.642437],[-104.891001,39.642435],[-104.890999,39.642433],[-104.890997,39.64243],[-104.890995,39.642428],[-104.890993,39.642426],[-104.890991,39.642423],[-104.890989,39.642421],[-104.890987,39.642419],[-104.890985,39.642417],[-104.890983,39.642414],[-104.890981,39.642412],[-104.890979,39.64241],[-104.890977,39.642407],[-104.890975,39.642405],[-104.890973,39.642403],[-104.890971,39.642401],[-104.890969,39.642398],[-104.890967,39.642396],[-104.890965,39.642394],[-104.890963,39.642392],[-104.890961,39.642389],[-104.890959,39.642387],[-104.890957,39.642385],[-104.890955,39.642383],[-104.890953,39.64238],[-104.890951,39.642378],[-104.890949,39.642376],[-104.890947,39.642374],[-104.890945,39.642371],[-104.890943,39.642369],[-104.890941,39.642367],[-104.890939,39.642365],[-104.890937,39.642362],[-104.890935,39.64236],[-104.890933,39.642358],[-104.890931,39.642356],[-104.890928,39.642354],[-104.890926,39.642351],[-104.890924,39.642349],[-104.890922,39.642347],[-104.89092,39.642345],[-104.890918,39.642343],[-104.890916,39.64234],[-104.890914,39.642338],[-104.890912,39.642336],[-104.890909,39.642334],[-104.890907,39.642332],[-104.890905,39.642329],[-104.890903,39.642327],[-104.890901,39.642325],[-104.890899,39.642323],[-104.890897,39.642321],[-104.890894,39.642319],[-104.890892,39.642316],[-104.89089,39.642314],[-104.890888,39.642312],[-104.890886,39.64231],[-104.890883,39.642308],[-104.890881,39.642306],[-104.890879,39.642303],[-104.890877,39.642301],[-104.890875,39.642299],[-104.890872,39.642297],[-104.89087,39.642295],[-104.890868,39.642293],[-104.890866,39.642291],[-104.890864,39.642288],[-104.890861,39.642286],[-104.890859,39.642284],[-104.890857,39.642282],[-104.890855,39.64228],[-104.890852,39.642278],[-104.89085,39.642276],[-104.890848,39.642274],[-104.890845,39.642271],[-104.890843,39.642269],[-104.890841,39.642267],[-104.890839,39.642265],[-104.890836,39.642263],[-104.890834,39.642261],[-104.890832,39.642259],[-104.890829,39.642257],[-104.890827,39.642255],[-104.890825,39.642253],[-104.890823,39.642251],[-104.89082,39.642249],[-104.890818,39.642246],[-104.890816,39.642244],[-104.890813,39.642242],[-104.890811,39.64224],[-104.890809,39.642238],[-104.890806,39.642236],[-104.890804,39.642234],[-104.890801,39.642232],[-104.890799,39.64223],[-104.890797,39.642228],[-104.890794,39.642226],[-104.890792,39.642224],[-104.89079,39.642222],[-104.890787,39.64222],[-104.890785,39.642218],[-104.890782,39.642216],[-104.89078,39.642214],[-104.890778,39.642212],[-104.890775,39.64221],[-104.890773,39.642208],[-104.89077,39.642206],[-104.890768,39.642204],[-104.890766,39.642202],[-104.890763,39.6422],[-104.890761,39.642198],[-104.890758,39.642196],[-104.890756,39.642194],[-104.890753,39.642192],[-104.890751,39.64219],[-104.890748,39.642188],[-104.890746,39.642186],[-104.890744,39.642184],[-104.890741,39.642182],[-104.890739,39.64218],[-104.890736,39.642178],[-104.890734,39.642176],[-104.890731,39.642174],[-104.890729,39.642172],[-104.890726,39.64217],[-104.890724,39.642168],[-104.890721,39.642166],[-104.890719,39.642164],[-104.890716,39.642162],[-104.890714,39.64216],[-104.890711,39.642158],[-104.890723,39.642149],[-104.890734,39.64214],[-104.890747,39.64213],[-104.890759,39.642122],[-104.890772,39.642113],[-104.890784,39.642104],[-104.890797,39.642095],[-104.89081,39.642087],[-104.890824,39.642079],[-104.89085,39.642063],[-104.890865,39.642056],[-104.890878,39.642048],[-104.890892,39.642041],[-104.890907,39.642035],[-104.890922,39.642028],[-104.890936,39.642021],[-104.89095,39.642015],[-104.890965,39.642008],[-104.890981,39.642002],[-104.890996,39.641997],[-104.891011,39.641991],[-104.89103,39.641985],[-104.89105,39.641978],[-104.891071,39.641971],[-104.891092,39.641965],[-104.891113,39.641959],[-104.891135,39.641953],[-104.891156,39.641948],[-104.891178,39.641942],[-104.8912,39.641937],[-104.891222,39.641933],[-104.891243,39.641928],[-104.891265,39.641924],[-104.891288,39.641921],[-104.89131,39.641917],[-104.891332,39.641914],[-104.891354,39.641911],[-104.891394,39.641907],[-104.891424,39.641906],[-104.891452,39.641905],[-104.891511,39.641906],[-104.89154,39.641906],[-104.891568,39.641907],[-104.891598,39.641909],[-104.891637,39.641911],[-104.891643,39.641912],[-104.891669,39.641914],[-104.891689,39.641916],[-104.892172,39.641949],[-104.892284,39.641957],[-104.892469,39.641964],[-104.892668,39.641965],[-104.892695,39.641965],[-104.892741,39.641964],[-104.892814,39.641962],[-104.892864,39.641959],[-104.892888,39.641958],[-104.892961,39.641954],[-104.893034,39.641948],[-104.893107,39.641942],[-104.893186,39.641934],[-104.893219,39.64193],[-104.893253,39.641927],[-104.893371,39.64252],[-104.893372,39.642523],[-104.893372,39.642525],[-104.893373,39.642528],[-104.893373,39.642531],[-104.893374,39.642533],[-104.893375,39.642536],[-104.893375,39.642539],[-104.893376,39.642541],[-104.893376,39.642544],[-104.893377,39.642547],[-104.893378,39.642549],[-104.893378,39.642552],[-104.893379,39.642555],[-104.89338,39.642557],[-104.89338,39.64256],[-104.893381,39.642563],[-104.893381,39.642565],[-104.893382,39.642568],[-104.893383,39.642571],[-104.893383,39.642573],[-104.893384,39.642576],[-104.893385,39.642579],[-104.893385,39.642581],[-104.893386,39.642584],[-104.893387,39.642587],[-104.893387,39.642589],[-104.893388,39.642592],[-104.893389,39.642594],[-104.893389,39.642597],[-104.89339,39.6426],[-104.893391,39.642602],[-104.893392,39.642605],[-104.893392,39.642608],[-104.893393,39.64261],[-104.893394,39.642613],[-104.893394,39.642616],[-104.893395,39.642618],[-104.893396,39.642621],[-104.893397,39.642624],[-104.893397,39.642626],[-104.893398,39.642629],[-104.893399,39.642632],[-104.893399,39.642634],[-104.8934,39.642637],[-104.893401,39.64264],[-104.893402,39.642642],[-104.893402,39.642645],[-104.893403,39.642648],[-104.893404,39.64265],[-104.893405,39.642653],[-104.893406,39.642655],[-104.893406,39.642658],[-104.893407,39.642661],[-104.893408,39.642663],[-104.893409,39.642666],[-104.893409,39.642669],[-104.89341,39.642671],[-104.893411,39.642674],[-104.893412,39.642677],[-104.893413,39.642679],[-104.893413,39.642682],[-104.893414,39.642684],[-104.893415,39.642687],[-104.893416,39.64269],[-104.893417,39.642692],[-104.893418,39.642695],[-104.893418,39.642698],[-104.893419,39.6427],[-104.89342,39.642703],[-104.893421,39.642706],[-104.893422,39.642708],[-104.893423,39.642711],[-104.893423,39.642713],[-104.893424,39.642716],[-104.893425,39.642719],[-104.893426,39.642721],[-104.893427,39.642724],[-104.893428,39.642727],[-104.893429,39.642729],[-104.89343,39.642732],[-104.89343,39.642734],[-104.893431,39.642737],[-104.893432,39.64274],[-104.893433,39.642742],[-104.893434,39.642745],[-104.893435,39.642747],[-104.893436,39.64275],[-104.893437,39.642753],[-104.893438,39.642755],[-104.893439,39.642758],[-104.893439,39.642761],[-104.89344,39.642763],[-104.893441,39.642766],[-104.893442,39.642768],[-104.893443,39.642771],[-104.893444,39.642774],[-104.893445,39.642776],[-104.893446,39.642779],[-104.893447,39.642781],[-104.893448,39.642784],[-104.893449,39.642787],[-104.89345,39.642789],[-104.893451,39.642792],[-104.893452,39.642794],[-104.893453,39.642797],[-104.893454,39.6428],[-104.893455,39.642802],[-104.893456,39.642805],[-104.893457,39.642807],[-104.893458,39.64281],[-104.893459,39.642813],[-104.89346,39.642815],[-104.893461,39.642818],[-104.893462,39.64282],[-104.893463,39.642823],[-104.893464,39.642826],[-104.893465,39.642828],[-104.893466,39.642831],[-104.893467,39.642833],[-104.893468,39.642836],[-104.893469,39.642839],[-104.89347,39.642841],[-104.893471,39.642844],[-104.893472,39.642846],[-104.893473,39.642849],[-104.893474,39.642851],[-104.893475,39.642854],[-104.893476,39.642857],[-104.893477,39.642859],[-104.893478,39.642862],[-104.89348,39.642864],[-104.893481,39.642867],[-104.893482,39.64287],[-104.893483,39.642872],[-104.893484,39.642875],[-104.893485,39.642877],[-104.893486,39.64288],[-104.893487,39.642882],[-104.893488,39.642885],[-104.893489,39.642888],[-104.89349,39.64289],[-104.893492,39.642893],[-104.893493,39.642895],[-104.893494,39.642898],[-104.893495,39.6429],[-104.893496,39.642903],[-104.893497,39.642905],[-104.893498,39.642908],[-104.893499,39.642911],[-104.893501,39.642913],[-104.893502,39.642916],[-104.893503,39.642918],[-104.893504,39.642921],[-104.893505,39.642923],[-104.893506,39.642926],[-104.893508,39.642929],[-104.893509,39.642931],[-104.89351,39.642934],[-104.893511,39.642936],[-104.893512,39.642939],[-104.893513,39.642941],[-104.893515,39.642944],[-104.893516,39.642946],[-104.893517,39.642949],[-104.893518,39.642951],[-104.893519,39.642954],[-104.893521,39.642957],[-104.893522,39.642959],[-104.893523,39.642962],[-104.893524,39.642964],[-104.893526,39.642967],[-104.893527,39.642969],[-104.893528,39.642972],[-104.893529,39.642974],[-104.89353,39.642977],[-104.893532,39.642979],[-104.893533,39.642982],[-104.893534,39.642984],[-104.893535,39.642987],[-104.893537,39.642989],[-104.893538,39.642992],[-104.893539,39.642995],[-104.893541,39.642997],[-104.893542,39.643],[-104.893543,39.643002],[-104.893544,39.643005],[-104.893546,39.643007],[-104.893547,39.64301],[-104.893548,39.643012],[-104.893549,39.643015],[-104.893551,39.643017],[-104.893552,39.64302],[-104.893553,39.643022],[-104.893555,39.643025],[-104.893556,39.643027],[-104.893557,39.64303],[-104.893559,39.643032],[-104.89356,39.643035],[-104.893561,39.643037],[-104.893563,39.64304],[-104.893564,39.643042],[-104.893565,39.643045],[-104.893567,39.643047],[-104.893568,39.64305],[-104.893569,39.643052],[-104.893571,39.643055],[-104.893572,39.643057],[-104.893573,39.64306],[-104.893575,39.643062],[-104.893576,39.643065],[-104.893577,39.643067],[-104.893579,39.64307],[-104.89358,39.643072],[-104.893582,39.643075],[-104.893583,39.643077],[-104.893584,39.64308],[-104.893586,39.643082],[-104.893587,39.643085],[-104.893589,39.643087],[-104.89359,39.64309],[-104.893591,39.643092],[-104.893593,39.643095],[-104.893594,39.643097],[-104.893596,39.6431],[-104.893597,39.643102],[-104.893598,39.643105],[-104.8936,39.643107],[-104.893601,39.64311],[-104.893603,39.643112],[-104.893604,39.643114],[-104.893606,39.643117],[-104.893607,39.643119],[-104.893609,39.643122],[-104.89361,39.643124],[-104.893611,39.643127],[-104.893613,39.643129],[-104.893614,39.643132],[-104.893616,39.643134],[-104.893617,39.643137],[-104.893619,39.643139],[-104.89362,39.643142],[-104.893622,39.643144],[-104.893623,39.643146],[-104.893625,39.643149],[-104.893626,39.643151],[-104.893628,39.643154],[-104.893629,39.643156],[-104.893631,39.643159],[-104.893632,39.643161],[-104.893634,39.643164],[-104.893635,39.643166],[-104.893637,39.643168],[-104.893638,39.643171],[-104.89364,39.643173],[-104.893641,39.643176],[-104.893643,39.643178],[-104.893644,39.643181],[-104.893646,39.643183],[-104.893647,39.643186],[-104.893649,39.643188],[-104.893651,39.64319],[-104.893652,39.643193],[-104.893654,39.643195],[-104.893655,39.643198],[-104.893657,39.6432],[-104.893658,39.643203],[-104.89366,39.643205],[-104.893661,39.643207],[-104.893663,39.64321],[-104.893665,39.643212],[-104.893666,39.643215],[-104.893668,39.643217],[-104.893669,39.643219],[-104.893671,39.643222],[-104.893673,39.643224],[-104.893674,39.643227],[-104.893676,39.643229],[-104.893677,39.643232],[-104.893679,39.643234],[-104.893681,39.643236],[-104.893682,39.643239],[-104.893684,39.643241],[-104.893685,39.643244],[-104.893687,39.643246],[-104.893689,39.643248],[-104.89369,39.643251],[-104.893692,39.643253],[-104.893694,39.643255],[-104.893695,39.643258],[-104.893697,39.64326],[-104.893699,39.643263],[-104.8937,39.643265],[-104.893702,39.643267],[-104.893704,39.64327],[-104.893705,39.643272],[-104.893707,39.643275],[-104.893709,39.643277],[-104.89371,39.643279],[-104.893712,39.643282],[-104.893714,39.643284],[-104.893715,39.643286],[-104.893717,39.643289],[-104.893719,39.643291],[-104.89372,39.643294],[-104.893722,39.643296],[-104.893724,39.643298],[-104.893726,39.643301],[-104.893727,39.643303],[-104.893729,39.643305],[-104.893731,39.643308],[-104.893732,39.64331],[-104.893734,39.643312],[-104.893736,39.643315],[-104.893738,39.643317],[-104.893739,39.64332],[-104.893741,39.643322],[-104.893743,39.643324],[-104.893745,39.643327],[-104.893746,39.643329],[-104.893748,39.643331],[-104.89375,39.643334],[-104.892819,39.643718]]],[[[-104.891546,39.749096],[-104.890646,39.749091],[-104.89063,39.749091],[-104.890614,39.749091],[-104.890598,39.749092],[-104.890582,39.749092],[-104.890566,39.749093],[-104.890551,39.749094],[-104.890535,39.749096],[-104.890519,39.749097],[-104.890503,39.749099],[-104.890487,39.749101],[-104.890472,39.749103],[-104.890456,39.749105],[-104.89044,39.749108],[-104.890425,39.749111],[-104.890409,39.749114],[-104.890394,39.749117],[-104.890379,39.74912],[-104.890363,39.749124],[-104.890348,39.749128],[-104.890333,39.749132],[-104.890318,39.749136],[-104.890303,39.74914],[-104.890289,39.749145],[-104.890274,39.74915],[-104.890259,39.749155],[-104.890245,39.74916],[-104.890231,39.749166],[-104.890216,39.749171],[-104.890202,39.749177],[-104.890188,39.749183],[-104.890175,39.749189],[-104.890161,39.749196],[-104.890147,39.749202],[-104.890134,39.749209],[-104.890121,39.749216],[-104.890108,39.749223],[-104.890095,39.74923],[-104.890082,39.749237],[-104.89007,39.749245],[-104.890057,39.749253],[-104.890045,39.749261],[-104.890033,39.749269],[-104.890021,39.749277],[-104.89001,39.749286],[-104.889998,39.749294],[-104.889987,39.749303],[-104.889969,39.749317],[-104.889844,39.749422],[-104.889843,39.749423],[-104.889836,39.749418],[-104.888708,39.74861],[-104.888717,39.74762],[-104.889288,39.74762],[-104.889373,39.74762],[-104.891559,39.747618],[-104.891546,39.749096]]],[[[-104.890356,39.790941],[-104.890143,39.79094],[-104.890041,39.790936],[-104.88994,39.790926],[-104.889841,39.790911],[-104.889743,39.790889],[-104.889648,39.790861],[-104.889556,39.790828],[-104.888026,39.79022],[-104.887902,39.790174],[-104.887776,39.790132],[-104.887647,39.790095],[-104.887516,39.790062],[-104.887302,39.790013],[-104.887186,39.789986],[-104.887108,39.789968],[-104.887502,39.788954],[-104.887541,39.788962],[-104.887835,39.789023],[-104.887987,39.789051],[-104.88814,39.789075],[-104.888295,39.789093],[-104.88845,39.789107],[-104.888606,39.789115],[-104.888762,39.789119],[-104.890372,39.789127],[-104.890356,39.790941]]],[[[-104.888454,39.730464],[-104.888058,39.730485],[-104.887349,39.730499],[-104.887231,39.730502],[-104.887192,39.730476],[-104.887104,39.730416],[-104.887421,39.730296],[-104.887627,39.73018],[-104.887685,39.730142],[-104.887739,39.730099],[-104.887787,39.730053],[-104.887828,39.730003],[-104.887863,39.729951],[-104.887891,39.729896],[-104.887911,39.729839],[-104.887924,39.72978],[-104.887929,39.729721],[-104.887926,39.729662],[-104.887871,39.729239],[-104.886998,39.729306],[-104.88695,39.729274],[-104.887049,39.729179],[-104.887141,39.729079],[-104.887225,39.728975],[-104.887301,39.728868],[-104.887368,39.728758],[-104.887427,39.728644],[-104.887459,39.728652],[-104.887537,39.728643],[-104.887578,39.728653],[-104.88771,39.728681],[-104.887844,39.728704],[-104.887979,39.728723],[-104.888115,39.728736],[-104.888135,39.728739],[-104.888154,39.728744],[-104.888172,39.728752],[-104.888188,39.728761],[-104.888201,39.728773],[-104.888212,39.728786],[-104.88822,39.728801],[-104.888234,39.728825],[-104.888252,39.728848],[-104.888278,39.728871],[-104.888309,39.728891],[-104.888344,39.728906],[-104.888382,39.728916],[-104.888422,39.728921],[-104.888462,39.728921],[-104.888502,39.728915],[-104.888539,39.728904],[-104.888574,39.728889],[-104.888603,39.728869],[-104.888628,39.728847],[-104.888647,39.728821],[-104.888661,39.728794],[-104.888669,39.728765],[-104.88867,39.728735],[-104.888665,39.728706],[-104.888654,39.728677],[-104.888637,39.728651],[-104.888759,39.72864],[-104.888881,39.728625],[-104.889001,39.728605],[-104.889121,39.728581],[-104.888454,39.730464]]],[[[-104.886395,39.754718],[-104.886383,39.756084],[-104.886364,39.756177],[-104.886236,39.756211],[-104.885836,39.756275],[-104.885793,39.756281],[-104.88577,39.756284],[-104.885747,39.756286],[-104.885725,39.756288],[-104.885702,39.75629],[-104.885679,39.756292],[-104.885656,39.756293],[-104.885633,39.756294],[-104.88561,39.756295],[-104.885587,39.756295],[-104.885564,39.756295],[-104.885541,39.756295],[-104.885518,39.756294],[-104.885495,39.756294],[-104.885472,39.756292],[-104.88545,39.756291],[-104.885427,39.756289],[-104.885404,39.756287],[-104.885381,39.756285],[-104.885358,39.756282],[-104.885336,39.756279],[-104.885313,39.756275],[-104.885291,39.756272],[-104.88407,39.756066],[-104.884044,39.756062],[-104.884018,39.756058],[-104.883992,39.756054],[-104.883965,39.756051],[-104.883939,39.756048],[-104.883912,39.756046],[-104.883886,39.756044],[-104.883859,39.756042],[-104.883823,39.75604],[-104.883836,39.754576],[-104.88465,39.75458],[-104.886396,39.754589],[-104.886395,39.754718]]],[[[-104.883217,39.748954],[-104.883201,39.748963],[-104.883184,39.748973],[-104.883168,39.748983],[-104.883152,39.748993],[-104.883136,39.749003],[-104.88312,39.749014],[-104.883105,39.749024],[-104.88309,39.749035],[-104.883075,39.749046],[-104.883061,39.749058],[-104.883046,39.749069],[-104.883032,39.749081],[-104.883018,39.749093],[-104.883005,39.749105],[-104.882992,39.749117],[-104.882979,39.74913],[-104.882966,39.749143],[-104.882953,39.749155],[-104.882941,39.749168],[-104.882929,39.749182],[-104.882918,39.749195],[-104.882907,39.749208],[-104.882896,39.749222],[-104.882885,39.749236],[-104.882875,39.74925],[-104.882865,39.749264],[-104.882855,39.749278],[-104.882846,39.749292],[-104.882837,39.749306],[-104.882828,39.749321],[-104.88282,39.749336],[-104.882812,39.74935],[-104.882804,39.749365],[-104.882797,39.74938],[-104.88279,39.749395],[-104.882783,39.74941],[-104.882777,39.749426],[-104.882771,39.749441],[-104.882765,39.749456],[-104.88276,39.749472],[-104.882755,39.749487],[-104.88275,39.749503],[-104.882746,39.749519],[-104.882742,39.749534],[-104.882739,39.74955],[-104.882736,39.749566],[-104.882733,39.749582],[-104.88273,39.749603],[-104.880996,39.749594],[-104.880933,39.749594],[-104.880852,39.749594],[-104.880783,39.749593],[-104.880801,39.747563],[-104.881034,39.747563],[-104.881144,39.747563],[-104.882255,39.747564],[-104.882348,39.747564],[-104.883266,39.747564],[-104.883339,39.747568],[-104.88341,39.747572],[-104.883481,39.747578],[-104.883558,39.747584],[-104.883636,39.747589],[-104.883713,39.747593],[-104.883791,39.747595],[-104.883868,39.747597],[-104.883964,39.747598],[-104.884285,39.747598],[-104.884291,39.747598],[-104.884295,39.747598],[-104.8843,39.747598],[-104.884304,39.747598],[-104.884308,39.747599],[-104.884312,39.747599],[-104.884317,39.747599],[-104.884321,39.7476],[-104.884325,39.7476],[-104.884329,39.747601],[-104.884333,39.747601],[-104.884338,39.747602],[-104.884342,39.747603],[-104.884346,39.747604],[-104.88435,39.747604],[-104.884354,39.747605],[-104.884358,39.747606],[-104.884362,39.747607],[-104.884366,39.747608],[-104.88437,39.74761],[-104.884374,39.747611],[-104.884378,39.747612],[-104.884382,39.747613],[-104.884386,39.747615],[-104.88439,39.747616],[-104.884394,39.747617],[-104.884397,39.747619],[-104.884401,39.74762],[-104.884405,39.747622],[-104.884409,39.747624],[-104.884412,39.747625],[-104.884416,39.747627],[-104.884419,39.747629],[-104.884423,39.747631],[-104.884426,39.747632],[-104.88443,39.747634],[-104.884433,39.747636],[-104.884437,39.747638],[-104.88444,39.74764],[-104.884443,39.747642],[-104.884446,39.747645],[-104.88445,39.747647],[-104.884453,39.747649],[-104.884456,39.747651],[-104.884459,39.747654],[-104.884462,39.747656],[-104.884465,39.747658],[-104.884468,39.747661],[-104.88447,39.747663],[-104.884473,39.747666],[-104.884476,39.747668],[-104.884478,39.747671],[-104.884481,39.747674],[-104.884483,39.747676],[-104.884486,39.747679],[-104.884488,39.747682],[-104.884491,39.747684],[-104.884493,39.747687],[-104.884495,39.74769],[-104.884497,39.747693],[-104.884499,39.747696],[-104.884501,39.747699],[-104.884503,39.747701],[-104.884505,39.747704],[-104.884507,39.747707],[-104.884509,39.74771],[-104.88451,39.747713],[-104.884512,39.747716],[-104.884513,39.747719],[-104.884515,39.747723],[-104.884516,39.747726],[-104.884518,39.747729],[-104.884519,39.747732],[-104.88452,39.747735],[-104.884521,39.747738],[-104.884533,39.747772],[-104.884546,39.747805],[-104.884559,39.747839],[-104.884573,39.747872],[-104.884588,39.747905],[-104.884604,39.747938],[-104.88462,39.74797],[-104.884637,39.748003],[-104.884655,39.748035],[-104.884673,39.748067],[-104.884709,39.748125],[-104.883217,39.748954]]],[[[-104.88408,39.798105],[-104.883476,39.798106],[-104.882871,39.798107],[-104.881562,39.798107],[-104.881149,39.798108],[-104.880923,39.798104],[-104.880339,39.798094],[-104.880205,39.798092],[-104.880208,39.797745],[-104.880211,39.797598],[-104.880214,39.797433],[-104.880226,39.797269],[-104.880247,39.797105],[-104.880277,39.796942],[-104.880316,39.79678],[-104.880364,39.796619],[-104.880421,39.79646],[-104.880487,39.796303],[-104.880561,39.796149],[-104.880644,39.795997],[-104.880672,39.795959],[-104.880706,39.795924],[-104.880747,39.795893],[-104.880793,39.795867],[-104.880843,39.795846],[-104.880897,39.795831],[-104.880953,39.795822],[-104.88101,39.79582],[-104.881067,39.795824],[-104.881123,39.795834],[-104.881605,39.79596],[-104.881714,39.795984],[-104.881826,39.796002],[-104.881939,39.796013],[-104.882053,39.796018],[-104.882168,39.796017],[-104.882281,39.796009],[-104.882394,39.795995],[-104.882505,39.795974],[-104.882614,39.795948],[-104.88272,39.795915],[-104.882822,39.795877],[-104.882921,39.795832],[-104.883077,39.79576],[-104.883236,39.795691],[-104.883398,39.795628],[-104.883562,39.795568],[-104.88373,39.795514],[-104.8839,39.795464],[-104.883954,39.795572],[-104.883998,39.795669],[-104.884034,39.795768],[-104.884062,39.795868],[-104.884082,39.79597],[-104.884093,39.796072],[-104.884097,39.796175],[-104.88408,39.798105]]],[[[-104.877721,39.696724],[-104.877728,39.698437],[-104.875455,39.698431],[-104.875457,39.697996],[-104.8777,39.69799],[-104.877646,39.697096],[-104.877623,39.696724],[-104.877721,39.696724]]],[[[-104.871688,39.800115],[-104.871578,39.800153],[-104.871471,39.800196],[-104.871367,39.800243],[-104.871267,39.800294],[-104.871165,39.800345],[-104.871058,39.800389],[-104.870948,39.800428],[-104.870834,39.800461],[-104.870717,39.800487],[-104.870598,39.800506],[-104.870478,39.800518],[-104.870356,39.800524],[-104.870235,39.800523],[-104.870114,39.800514],[-104.869994,39.800499],[-104.869876,39.800478],[-104.86976,39.80045],[-104.869647,39.800415],[-104.869538,39.800374],[-104.869433,39.800327],[-104.869332,39.800274],[-104.869225,39.800217],[-104.869113,39.800166],[-104.868996,39.800121],[-104.868876,39.800082],[-104.868753,39.80005],[-104.868627,39.800024],[-104.868629,39.79896],[-104.871682,39.798952],[-104.871684,39.799496],[-104.871688,39.799592],[-104.871699,39.799687],[-104.871716,39.799782],[-104.87174,39.799876],[-104.871801,39.800082],[-104.871688,39.800115]]],[[[-104.866692,39.660273],[-104.866745,39.65713],[-104.866745,39.657129],[-104.866745,39.657128],[-104.866745,39.657127],[-104.866745,39.657126],[-104.866746,39.657125],[-104.866746,39.657124],[-104.866746,39.657123],[-104.866746,39.657122],[-104.866746,39.657121],[-104.866746,39.657121],[-104.866747,39.65712],[-104.866747,39.657119],[-104.866747,39.657118],[-104.866748,39.657117],[-104.866748,39.657116],[-104.866748,39.657115],[-104.866749,39.657114],[-104.866749,39.657113],[-104.866749,39.657112],[-104.86675,39.657111],[-104.86675,39.657111],[-104.866751,39.65711],[-104.866751,39.657109],[-104.866752,39.657108],[-104.866752,39.657107],[-104.866753,39.657106],[-104.866753,39.657105],[-104.866754,39.657105],[-104.866754,39.657104],[-104.866755,39.657103],[-104.866756,39.657102],[-104.866756,39.657101],[-104.866757,39.6571],[-104.866758,39.6571],[-104.866758,39.657099],[-104.866759,39.657098],[-104.86676,39.657097],[-104.866761,39.657097],[-104.866761,39.657096],[-104.866762,39.657095],[-104.866763,39.657094],[-104.866764,39.657094],[-104.866765,39.657093],[-104.866766,39.657092],[-104.866766,39.657092],[-104.866767,39.657091],[-104.866768,39.65709],[-104.866769,39.65709],[-104.86677,39.657089],[-104.866771,39.657088],[-104.866772,39.657088],[-104.866773,39.657087],[-104.866774,39.657087],[-104.866775,39.657086],[-104.866776,39.657086],[-104.866777,39.657085],[-104.866778,39.657085],[-104.866779,39.657084],[-104.86678,39.657084],[-104.866781,39.657083],[-104.866782,39.657083],[-104.866783,39.657082],[-104.866784,39.657082],[-104.866785,39.657081],[-104.866787,39.657081],[-104.866788,39.657081],[-104.866789,39.65708],[-104.86679,39.65708],[-104.866791,39.657079],[-104.866792,39.657079],[-104.866793,39.657079],[-104.866795,39.657078],[-104.866796,39.657078],[-104.866797,39.657078],[-104.866798,39.657078],[-104.866799,39.657077],[-104.866801,39.657077],[-104.866802,39.657077],[-104.866803,39.657077],[-104.866804,39.657077],[-104.866805,39.657077],[-104.866807,39.657076],[-104.866808,39.657076],[-104.866809,39.657076],[-104.86681,39.657076],[-104.866811,39.657076],[-104.866813,39.657076],[-104.866814,39.657076],[-104.866815,39.657076],[-104.866818,39.657076],[-104.866822,39.657076],[-104.866825,39.657076],[-104.866828,39.657076],[-104.866832,39.657076],[-104.866835,39.657076],[-104.866838,39.657075],[-104.866842,39.657075],[-104.866845,39.657075],[-104.866848,39.657075],[-104.866852,39.657075],[-104.866855,39.657075],[-104.866858,39.657075],[-104.866862,39.657075],[-104.866865,39.657075],[-104.866868,39.657075],[-104.866872,39.657074],[-104.866875,39.657074],[-104.866878,39.657074],[-104.866881,39.657074],[-104.866885,39.657074],[-104.866888,39.657074],[-104.866891,39.657073],[-104.866895,39.657073],[-104.866898,39.657073],[-104.866901,39.657073],[-104.866905,39.657073],[-104.866908,39.657073],[-104.866911,39.657072],[-104.866915,39.657072],[-104.866918,39.657072],[-104.866921,39.657072],[-104.866925,39.657071],[-104.866928,39.657071],[-104.866931,39.657071],[-104.866934,39.657071],[-104.866938,39.657071],[-104.866941,39.65707],[-104.866944,39.65707],[-104.866948,39.65707],[-104.866951,39.657069],[-104.866954,39.657069],[-104.866958,39.657069],[-104.866961,39.657069],[-104.866964,39.657068],[-104.866967,39.657068],[-104.866971,39.657068],[-104.866974,39.657067],[-104.866977,39.657067],[-104.866981,39.657067],[-104.866984,39.657067],[-104.866987,39.657066],[-104.866991,39.657066],[-104.866994,39.657065],[-104.866997,39.657065],[-104.867,39.657065],[-104.867004,39.657064],[-104.867007,39.657064],[-104.86701,39.657064],[-104.867014,39.657063],[-104.867017,39.657063],[-104.86702,39.657063],[-104.867023,39.657062],[-104.867027,39.657062],[-104.86703,39.657061],[-104.867033,39.657061],[-104.867036,39.657061],[-104.86704,39.65706],[-104.867043,39.65706],[-104.867046,39.657059],[-104.86705,39.657059],[-104.867053,39.657058],[-104.867056,39.657058],[-104.867059,39.657057],[-104.867063,39.657057],[-104.867066,39.657057],[-104.867069,39.657056],[-104.867072,39.657056],[-104.867076,39.657055],[-104.867079,39.657055],[-104.867082,39.657054],[-104.867085,39.657054],[-104.867089,39.657053],[-104.867092,39.657053],[-104.867095,39.657052],[-104.867098,39.657052],[-104.867102,39.657051],[-104.867105,39.657051],[-104.867108,39.65705],[-104.867111,39.657049],[-104.867115,39.657049],[-104.867118,39.657048],[-104.867121,39.657048],[-104.867124,39.657047],[-104.867128,39.657047],[-104.867131,39.657046],[-104.867134,39.657045],[-104.867137,39.657045],[-104.867141,39.657044],[-104.867144,39.657044],[-104.867147,39.657043],[-104.867938,39.658172],[-104.868016,39.658284],[-104.868243,39.658609],[-104.868375,39.658798],[-104.868506,39.658986],[-104.868638,39.659174],[-104.868769,39.659364],[-104.868901,39.659551],[-104.869036,39.659745],[-104.869167,39.659934],[-104.869304,39.66013],[-104.869308,39.660136],[-104.869415,39.660288],[-104.866692,39.660273]]],[[[-104.861427,39.784716],[-104.861426,39.78258],[-104.861526,39.782504],[-104.863077,39.782503],[-104.863175,39.782574],[-104.863182,39.784706],[-104.861427,39.784716]]],[[[-104.857119,39.756785],[-104.857001,39.756793],[-104.856883,39.756796],[-104.856765,39.756796],[-104.85648,39.756792],[-104.856498,39.754853],[-104.858669,39.754857],[-104.858705,39.754857],[-104.858768,39.755461],[-104.858776,39.755543],[-104.858785,39.755625],[-104.858807,39.755843],[-104.858829,39.756052],[-104.858849,39.756244],[-104.858869,39.756435],[-104.858891,39.756648],[-104.857119,39.756785]]],[[[-104.85443,39.775999],[-104.854427,39.77629],[-104.854039,39.776578],[-104.853948,39.776645],[-104.853942,39.776645],[-104.853889,39.776649],[-104.853836,39.776658],[-104.853787,39.776674],[-104.85374,39.776695],[-104.853699,39.776722],[-104.853663,39.776753],[-104.853657,39.776759],[-104.853378,39.777058],[-104.853304,39.777137],[-104.853255,39.777189],[-104.85319,39.77716],[-104.853121,39.777137],[-104.853092,39.777129],[-104.853092,39.777129],[-104.853018,39.777113],[-104.852942,39.777104],[-104.852865,39.7771],[-104.851843,39.777102],[-104.851776,39.777105],[-104.85171,39.777112],[-104.851646,39.777124],[-104.851617,39.777131],[-104.851617,39.777093],[-104.851617,39.777079],[-104.851617,39.777065],[-104.851617,39.777055],[-104.851617,39.777033],[-104.851618,39.776555],[-104.851619,39.776547],[-104.851676,39.774842],[-104.851855,39.774838],[-104.851898,39.774834],[-104.852007,39.774842],[-104.854186,39.775032],[-104.854216,39.775035],[-104.854441,39.775056],[-104.85443,39.775999]]],[[[-104.849223,39.782294],[-104.849152,39.782274],[-104.849117,39.782232],[-104.849121,39.781691],[-104.851614,39.781682],[-104.85162,39.782286],[-104.849223,39.782294]]],[[[-104.848777,39.785948],[-104.848776,39.786084],[-104.848775,39.786086],[-104.848775,39.786087],[-104.848775,39.786089],[-104.848774,39.78609],[-104.848774,39.786092],[-104.848773,39.786093],[-104.848773,39.786095],[-104.848772,39.786096],[-104.848771,39.786098],[-104.848771,39.7861],[-104.84877,39.786101],[-104.848769,39.786103],[-104.848769,39.786104],[-104.848768,39.786106],[-104.848767,39.786107],[-104.848766,39.786108],[-104.848765,39.78611],[-104.848764,39.786111],[-104.848764,39.786113],[-104.848763,39.786114],[-104.848762,39.786116],[-104.84876,39.786117],[-104.848759,39.786118],[-104.848758,39.78612],[-104.848757,39.786121],[-104.848756,39.786122],[-104.848755,39.786124],[-104.848754,39.786125],[-104.848752,39.786126],[-104.848751,39.786128],[-104.84875,39.786129],[-104.848748,39.78613],[-104.848747,39.786131],[-104.848746,39.786132],[-104.848744,39.786134],[-104.848743,39.786135],[-104.848741,39.786136],[-104.84874,39.786137],[-104.848738,39.786138],[-104.848737,39.786139],[-104.848735,39.78614],[-104.848734,39.786141],[-104.848732,39.786142],[-104.84873,39.786143],[-104.848729,39.786144],[-104.848727,39.786145],[-104.848725,39.786146],[-104.848723,39.786147],[-104.848722,39.786148],[-104.84872,39.786149],[-104.848718,39.786149],[-104.848716,39.78615],[-104.848715,39.786151],[-104.848713,39.786152],[-104.848711,39.786153],[-104.848709,39.786153],[-104.848707,39.786154],[-104.848705,39.786155],[-104.848703,39.786155],[-104.848701,39.786156],[-104.848699,39.786156],[-104.848697,39.786157],[-104.848695,39.786157],[-104.848694,39.786158],[-104.848692,39.786158],[-104.84869,39.786159],[-104.848687,39.786159],[-104.848685,39.78616],[-104.848683,39.78616],[-104.848681,39.78616],[-104.848679,39.786161],[-104.848677,39.786161],[-104.848263,39.786161],[-104.84787,39.78616],[-104.84736,39.786163],[-104.847358,39.786163],[-104.847356,39.786162],[-104.847354,39.786162],[-104.847353,39.786162],[-104.847351,39.786162],[-104.847349,39.786161],[-104.847347,39.786161],[-104.847345,39.78616],[-104.847343,39.78616],[-104.847341,39.78616],[-104.84734,39.786159],[-104.847338,39.786159],[-104.847336,39.786158],[-104.847334,39.786158],[-104.847332,39.786157],[-104.847331,39.786156],[-104.847329,39.786156],[-104.847327,39.786155],[-104.847325,39.786155],[-104.847324,39.786154],[-104.847322,39.786153],[-104.84732,39.786152],[-104.847319,39.786152],[-104.847317,39.786151],[-104.847315,39.78615],[-104.847314,39.786149],[-104.847312,39.786148],[-104.847311,39.786148],[-104.847309,39.786147],[-104.847308,39.786146],[-104.847306,39.786145],[-104.847305,39.786144],[-104.847303,39.786143],[-104.847302,39.786142],[-104.8473,39.786141],[-104.847299,39.78614],[-104.847297,39.786139],[-104.847296,39.786138],[-104.847295,39.786137],[-104.847293,39.786136],[-104.847292,39.786135],[-104.847291,39.786133],[-104.84729,39.786132],[-104.847288,39.786131],[-104.847287,39.78613],[-104.847286,39.786129],[-104.847285,39.786128],[-104.847284,39.786126],[-104.847283,39.786125],[-104.847282,39.786124],[-104.847281,39.786123],[-104.84728,39.786121],[-104.847279,39.78612],[-104.847278,39.786119],[-104.847277,39.786117],[-104.847276,39.786116],[-104.847275,39.786115],[-104.847275,39.786113],[-104.847274,39.786112],[-104.847273,39.786111],[-104.847272,39.786109],[-104.847272,39.786108],[-104.847271,39.786106],[-104.84727,39.786105],[-104.84727,39.786104],[-104.847269,39.786102],[-104.847269,39.786101],[-104.847268,39.786099],[-104.847268,39.786098],[-104.847267,39.786096],[-104.847267,39.786095],[-104.847267,39.786094],[-104.847266,39.786092],[-104.847266,39.786091],[-104.847266,39.786088],[-104.847261,39.785783],[-104.847255,39.785499],[-104.847254,39.785248],[-104.847252,39.784953],[-104.847245,39.784613],[-104.847237,39.784217],[-104.847234,39.784037],[-104.847523,39.784038],[-104.847523,39.784134],[-104.847525,39.784467],[-104.847879,39.784468],[-104.847879,39.784641],[-104.847882,39.784848],[-104.847882,39.78505],[-104.847949,39.78505],[-104.848777,39.785052],[-104.848776,39.785316],[-104.848779,39.785595],[-104.848777,39.785948]]],[[[-104.84265,39.79331],[-104.842633,39.793501],[-104.84263,39.793559],[-104.842628,39.79357],[-104.842625,39.79358],[-104.842623,39.793591],[-104.84262,39.793601],[-104.842617,39.793612],[-104.842614,39.793622],[-104.84261,39.793632],[-104.842606,39.793643],[-104.842602,39.793653],[-104.842598,39.793663],[-104.842594,39.793673],[-104.842589,39.793683],[-104.842584,39.793693],[-104.842579,39.793703],[-104.842573,39.793713],[-104.842568,39.793723],[-104.842562,39.793732],[-104.842556,39.793742],[-104.84255,39.793751],[-104.842543,39.793761],[-104.842537,39.79377],[-104.84253,39.79378],[-104.842523,39.793789],[-104.842515,39.793798],[-104.842506,39.793809],[-104.842491,39.793826],[-104.842476,39.793842],[-104.842461,39.793858],[-104.842445,39.793874],[-104.842429,39.79389],[-104.842413,39.793905],[-104.842384,39.793931],[-104.841859,39.794347],[-104.841682,39.794218],[-104.841519,39.794099],[-104.841365,39.793986],[-104.8412,39.793865],[-104.841043,39.79375],[-104.84088,39.793631],[-104.840798,39.793571],[-104.841812,39.79276],[-104.842697,39.792808],[-104.84265,39.79331]]],[[[-104.839601,39.779359],[-104.839601,39.77936],[-104.839601,39.779362],[-104.839601,39.779363],[-104.839601,39.779364],[-104.8396,39.779366],[-104.8396,39.779367],[-104.8396,39.779367],[-104.8396,39.779369],[-104.8396,39.77937],[-104.839599,39.779372],[-104.839599,39.779373],[-104.839599,39.779374],[-104.839598,39.779376],[-104.839598,39.779376],[-104.839598,39.779377],[-104.839597,39.779378],[-104.839597,39.77938],[-104.839596,39.779381],[-104.839596,39.779382],[-104.839595,39.779384],[-104.839595,39.779385],[-104.839594,39.779387],[-104.839593,39.779388],[-104.839593,39.779389],[-104.839592,39.77939],[-104.839591,39.779392],[-104.839591,39.779393],[-104.83959,39.779394],[-104.839589,39.779396],[-104.839588,39.779397],[-104.839587,39.779398],[-104.839586,39.779399],[-104.839585,39.7794],[-104.839584,39.779402],[-104.838424,39.780443],[-104.838404,39.780458],[-104.838393,39.780465],[-104.838381,39.780472],[-104.83837,39.78048],[-104.838358,39.780487],[-104.838346,39.780493],[-104.838334,39.7805],[-104.838322,39.780507],[-104.83831,39.780513],[-104.838297,39.780519],[-104.838285,39.780525],[-104.838272,39.780531],[-104.838259,39.780537],[-104.838246,39.780542],[-104.838233,39.780548],[-104.83822,39.780553],[-104.838206,39.780558],[-104.838193,39.780563],[-104.838179,39.780567],[-104.838166,39.780572],[-104.838152,39.780576],[-104.838138,39.78058],[-104.838124,39.780584],[-104.83811,39.780588],[-104.838096,39.780591],[-104.838082,39.780595],[-104.837572,39.78069],[-104.836853,39.780833],[-104.836781,39.780608],[-104.836731,39.780453],[-104.836729,39.780448],[-104.8367,39.780358],[-104.836713,39.780334],[-104.836784,39.780198],[-104.836786,39.780193],[-104.836888,39.779998],[-104.836993,39.779796],[-104.837099,39.779592],[-104.837199,39.779399],[-104.837304,39.779197],[-104.837391,39.77903],[-104.837398,39.779017],[-104.837498,39.778824],[-104.837568,39.778689],[-104.837609,39.778612],[-104.83822,39.778811],[-104.838703,39.778958],[-104.839184,39.779111],[-104.839214,39.779123],[-104.839244,39.779135],[-104.839274,39.779147],[-104.839303,39.77916],[-104.839332,39.779173],[-104.839361,39.779187],[-104.83939,39.779201],[-104.839418,39.779215],[-104.839446,39.77923],[-104.839473,39.779245],[-104.839501,39.779261],[-104.839527,39.779277],[-104.839554,39.779293],[-104.83958,39.779309],[-104.839581,39.779311],[-104.839583,39.779312],[-104.839584,39.779313],[-104.839585,39.779315],[-104.839585,39.779316],[-104.839586,39.779317],[-104.839587,39.779318],[-104.839588,39.779319],[-104.839589,39.779321],[-104.83959,39.779322],[-104.839591,39.779323],[-104.839591,39.779324],[-104.839592,39.779326],[-104.839593,39.779327],[-104.839594,39.779328],[-104.839594,39.77933],[-104.839595,39.779331],[-104.839595,39.779332],[-104.839596,39.779334],[-104.839597,39.779335],[-104.839597,39.779336],[-104.839598,39.779338],[-104.839598,39.779339],[-104.839598,39.779341],[-104.839599,39.779342],[-104.839599,39.779343],[-104.839599,39.779345],[-104.8396,39.779346],[-104.8396,39.779348],[-104.8396,39.779349],[-104.8396,39.77935],[-104.839601,39.779352],[-104.839601,39.779353],[-104.839601,39.779355],[-104.839601,39.779356],[-104.839601,39.779357],[-104.839601,39.779359]]],[[[-104.8334,39.776983],[-104.833398,39.776986],[-104.833398,39.776987],[-104.833397,39.776989],[-104.833396,39.77699],[-104.833395,39.776991],[-104.833394,39.776992],[-104.833393,39.776994],[-104.833392,39.776995],[-104.833391,39.776996],[-104.83339,39.776997],[-104.833389,39.776999],[-104.833388,39.777],[-104.833387,39.777001],[-104.833386,39.777002],[-104.833385,39.777003],[-104.833384,39.777004],[-104.833383,39.777005],[-104.833381,39.777007],[-104.83338,39.777008],[-104.833379,39.777009],[-104.833378,39.77701],[-104.833376,39.777011],[-104.833375,39.777012],[-104.833374,39.777013],[-104.833372,39.777014],[-104.833371,39.777015],[-104.833369,39.777016],[-104.833368,39.777016],[-104.833366,39.777017],[-104.833365,39.777018],[-104.833363,39.777019],[-104.833362,39.77702],[-104.83336,39.777021],[-104.833359,39.777022],[-104.833357,39.777022],[-104.833356,39.777023],[-104.833354,39.777024],[-104.833352,39.777025],[-104.833351,39.777025],[-104.833349,39.777026],[-104.833348,39.777026],[-104.833346,39.777027],[-104.833344,39.777028],[-104.833342,39.777028],[-104.833341,39.777029],[-104.833339,39.777029],[-104.833337,39.77703],[-104.833335,39.77703],[-104.833334,39.777031],[-104.833332,39.777031],[-104.83333,39.777032],[-104.833328,39.777032],[-104.833327,39.777032],[-104.833325,39.777033],[-104.833323,39.777033],[-104.833321,39.777033],[-104.833319,39.777034],[-104.833317,39.777034],[-104.833316,39.777034],[-104.833314,39.777034],[-104.833312,39.777034],[-104.83331,39.777034],[-104.833308,39.777035],[-104.833306,39.777035],[-104.833304,39.777035],[-104.833303,39.777035],[-104.833301,39.777035],[-104.833299,39.777035],[-104.833297,39.777035],[-104.833295,39.777035],[-104.833293,39.777035],[-104.833291,39.777034],[-104.83329,39.777034],[-104.833288,39.777034],[-104.833286,39.777034],[-104.833284,39.777034],[-104.833282,39.777034],[-104.83328,39.777033],[-104.833279,39.777033],[-104.833277,39.777033],[-104.833275,39.777032],[-104.833273,39.777032],[-104.833271,39.777032],[-104.83327,39.777031],[-104.833268,39.777031],[-104.833266,39.77703],[-104.833264,39.77703],[-104.833262,39.777029],[-104.833261,39.777029],[-104.831555,39.776496],[-104.832303,39.775085],[-104.832401,39.775115],[-104.832937,39.775283],[-104.834101,39.775647],[-104.8334,39.776983]]],[[[-104.828267,39.788356],[-104.828265,39.788357],[-104.828264,39.788359],[-104.828263,39.78836],[-104.828262,39.788362],[-104.828261,39.788363],[-104.82826,39.788364],[-104.828259,39.788366],[-104.828257,39.788367],[-104.828256,39.788368],[-104.828255,39.78837],[-104.828253,39.788371],[-104.828252,39.788372],[-104.828251,39.788374],[-104.828249,39.788375],[-104.828248,39.788376],[-104.828246,39.788377],[-104.828245,39.788378],[-104.828243,39.78838],[-104.828242,39.788381],[-104.82824,39.788382],[-104.828238,39.788383],[-104.828237,39.788384],[-104.828235,39.788385],[-104.828233,39.788386],[-104.828232,39.788387],[-104.82823,39.788388],[-104.828228,39.788389],[-104.828226,39.78839],[-104.828225,39.788391],[-104.828223,39.788392],[-104.828221,39.788393],[-104.828219,39.788394],[-104.828217,39.788394],[-104.828215,39.788395],[-104.828213,39.788396],[-104.828211,39.788397],[-104.828209,39.788397],[-104.828207,39.788398],[-104.828205,39.788399],[-104.828203,39.788399],[-104.828201,39.7884],[-104.828199,39.788401],[-104.828197,39.788401],[-104.828195,39.788402],[-104.828193,39.788402],[-104.828191,39.788403],[-104.828189,39.788403],[-104.828187,39.788404],[-104.828185,39.788404],[-104.828183,39.788404],[-104.828181,39.788405],[-104.828179,39.788405],[-104.828176,39.788405],[-104.828174,39.788405],[-104.828172,39.788406],[-104.82817,39.788406],[-104.828168,39.788406],[-104.828166,39.788406],[-104.828164,39.788406],[-104.828161,39.788406],[-104.828159,39.788406],[-104.828157,39.788406],[-104.828155,39.788406],[-104.828153,39.788406],[-104.828151,39.788406],[-104.828148,39.788406],[-104.828146,39.788406],[-104.828144,39.788406],[-104.828142,39.788406],[-104.82814,39.788405],[-104.828138,39.788405],[-104.828136,39.788405],[-104.828133,39.788405],[-104.828131,39.788404],[-104.828129,39.788404],[-104.828127,39.788404],[-104.828125,39.788403],[-104.828123,39.788403],[-104.828121,39.788402],[-104.828119,39.788402],[-104.828117,39.788401],[-104.828115,39.788401],[-104.828113,39.7884],[-104.828111,39.7884],[-104.828109,39.788399],[-104.828107,39.788398],[-104.828105,39.788398],[-104.828103,39.788397],[-104.828101,39.788396],[-104.828099,39.788395],[-104.828097,39.788395],[-104.825874,39.787456],[-104.825871,39.787454],[-104.825868,39.787453],[-104.825864,39.787452],[-104.825861,39.787451],[-104.825858,39.78745],[-104.825855,39.787448],[-104.825852,39.787447],[-104.825848,39.787446],[-104.825845,39.787445],[-104.825842,39.787444],[-104.825839,39.787442],[-104.825836,39.787441],[-104.825833,39.78744],[-104.825829,39.787439],[-104.825826,39.787438],[-104.825823,39.787436],[-104.82582,39.787435],[-104.825817,39.787434],[-104.825814,39.787433],[-104.82581,39.787431],[-104.825807,39.78743],[-104.825804,39.787429],[-104.825801,39.787428],[-104.825798,39.787426],[-104.825795,39.787425],[-104.825792,39.787424],[-104.825788,39.787423],[-104.825785,39.787421],[-104.825782,39.78742],[-104.825779,39.787419],[-104.825776,39.787417],[-104.825773,39.787416],[-104.82577,39.787415],[-104.825767,39.787414],[-104.825763,39.787412],[-104.82576,39.787411],[-104.825757,39.78741],[-104.825754,39.787408],[-104.825751,39.787407],[-104.825748,39.787406],[-104.825745,39.787404],[-104.825742,39.787403],[-104.825739,39.787402],[-104.825735,39.7874],[-104.825732,39.787399],[-104.825729,39.787398],[-104.825726,39.787396],[-104.825723,39.787395],[-104.82572,39.787394],[-104.825717,39.787392],[-104.825714,39.787391],[-104.825711,39.78739],[-104.825708,39.787388],[-104.825705,39.787387],[-104.825701,39.787386],[-104.825698,39.787384],[-104.825695,39.787383],[-104.825692,39.787382],[-104.825689,39.78738],[-104.825686,39.787379],[-104.825683,39.787377],[-104.82568,39.787376],[-104.825677,39.787375],[-104.825674,39.787373],[-104.825671,39.787372],[-104.825668,39.78737],[-104.825665,39.787369],[-104.825662,39.787368],[-104.825659,39.787366],[-104.825656,39.787365],[-104.825653,39.787363],[-104.82565,39.787362],[-104.825647,39.787361],[-104.825644,39.787359],[-104.825641,39.787358],[-104.825637,39.787356],[-104.825634,39.787355],[-104.825631,39.787353],[-104.825628,39.787352],[-104.825625,39.787351],[-104.825622,39.787349],[-104.825619,39.787348],[-104.825616,39.787346],[-104.825613,39.787345],[-104.82561,39.787343],[-104.825607,39.787342],[-104.825604,39.78734],[-104.825601,39.787339],[-104.825598,39.787337],[-104.825595,39.787336],[-104.825592,39.787334],[-104.825589,39.787333],[-104.825587,39.787332],[-104.825584,39.78733],[-104.825581,39.787329],[-104.825578,39.787327],[-104.825575,39.787326],[-104.825572,39.787324],[-104.825569,39.787323],[-104.825566,39.787321],[-104.825563,39.78732],[-104.82556,39.787318],[-104.825557,39.787317],[-104.825554,39.787315],[-104.825551,39.787313],[-104.825548,39.787312],[-104.825545,39.78731],[-104.825542,39.787309],[-104.825539,39.787307],[-104.825536,39.787306],[-104.825533,39.787304],[-104.82553,39.787303],[-104.825528,39.787301],[-104.825525,39.7873],[-104.825522,39.787298],[-104.825519,39.787297],[-104.825516,39.787295],[-104.825513,39.787293],[-104.82551,39.787292],[-104.825507,39.78729],[-104.825504,39.787289],[-104.825501,39.787287],[-104.825498,39.787286],[-104.825496,39.787284],[-104.825493,39.787282],[-104.82549,39.787281],[-104.825487,39.787279],[-104.825484,39.787278],[-104.825481,39.787276],[-104.825478,39.787274],[-104.825475,39.787273],[-104.825472,39.787271],[-104.82547,39.78727],[-104.825467,39.787268],[-104.825464,39.787266],[-104.825461,39.787265],[-104.825458,39.787263],[-104.825455,39.787262],[-104.825452,39.78726],[-104.82545,39.787258],[-104.825447,39.787257],[-104.825444,39.787255],[-104.825441,39.787253],[-104.825438,39.787252],[-104.825435,39.78725],[-104.825433,39.787248],[-104.82543,39.787247],[-104.825427,39.787245],[-104.825424,39.787244],[-104.825421,39.787242],[-104.825418,39.78724],[-104.825416,39.787239],[-104.825413,39.787237],[-104.82541,39.787235],[-104.825407,39.787234],[-104.825404,39.787232],[-104.825402,39.78723],[-104.825399,39.787228],[-104.825396,39.787227],[-104.825393,39.787225],[-104.82539,39.787223],[-104.825388,39.787222],[-104.825385,39.78722],[-104.825382,39.787218],[-104.825379,39.787217],[-104.825377,39.787215],[-104.825374,39.787213],[-104.825371,39.787211],[-104.825368,39.78721],[-104.825366,39.787208],[-104.825363,39.787206],[-104.82536,39.787205],[-104.825357,39.787203],[-104.825355,39.787201],[-104.825352,39.787199],[-104.825349,39.787198],[-104.825346,39.787196],[-104.825344,39.787194],[-104.825341,39.787192],[-104.825338,39.787191],[-104.825335,39.787189],[-104.825333,39.787187],[-104.82533,39.787185],[-104.825327,39.787184],[-104.825325,39.787182],[-104.825322,39.78718],[-104.825319,39.787178],[-104.825316,39.787177],[-104.825314,39.787175],[-104.825311,39.787173],[-104.825308,39.787171],[-104.825306,39.78717],[-104.825303,39.787168],[-104.8253,39.787166],[-104.825298,39.787164],[-104.825295,39.787162],[-104.825292,39.787161],[-104.82529,39.787159],[-104.825287,39.787157],[-104.825284,39.787155],[-104.825282,39.787153],[-104.825279,39.787152],[-104.825276,39.78715],[-104.825274,39.787148],[-104.825271,39.787146],[-104.825268,39.787144],[-104.825266,39.787142],[-104.825263,39.787141],[-104.82526,39.787139],[-104.825258,39.787137],[-104.825255,39.787135],[-104.825253,39.787133],[-104.82525,39.787131],[-104.825247,39.78713],[-104.825245,39.787128],[-104.825242,39.787126],[-104.825239,39.787124],[-104.825237,39.787122],[-104.825234,39.78712],[-104.825232,39.787119],[-104.825229,39.787117],[-104.825226,39.787115],[-104.825224,39.787113],[-104.825221,39.787111],[-104.825219,39.787109],[-104.825216,39.787107],[-104.825214,39.787105],[-104.825211,39.787104],[-104.825208,39.787102],[-104.825206,39.7871],[-104.825203,39.787098],[-104.825201,39.787096],[-104.825198,39.787094],[-104.825196,39.787092],[-104.825193,39.78709],[-104.825191,39.787088],[-104.825188,39.787086],[-104.825185,39.787085],[-104.825183,39.787083],[-104.82518,39.787081],[-104.825178,39.787079],[-104.825175,39.787077],[-104.825173,39.787075],[-104.82517,39.787073],[-104.825168,39.787071],[-104.825165,39.787069],[-104.825163,39.787067],[-104.82516,39.787065],[-104.825158,39.787063],[-104.825155,39.787061],[-104.825153,39.78706],[-104.82515,39.787058],[-104.825148,39.787056],[-104.825145,39.787054],[-104.825143,39.787052],[-104.82514,39.78705],[-104.825138,39.787048],[-104.825135,39.787046],[-104.825133,39.787044],[-104.82513,39.787042],[-104.825128,39.78704],[-104.825126,39.787038],[-104.825123,39.787036],[-104.825121,39.787034],[-104.825118,39.787032],[-104.825116,39.78703],[-104.825113,39.787028],[-104.825111,39.787026],[-104.825108,39.787024],[-104.825106,39.787022],[-104.825104,39.78702],[-104.825101,39.787018],[-104.825099,39.787016],[-104.825096,39.787014],[-104.825094,39.787012],[-104.825092,39.78701],[-104.825089,39.787008],[-104.825087,39.787006],[-104.825084,39.787004],[-104.825082,39.787002],[-104.82508,39.787],[-104.825077,39.786998],[-104.825075,39.786996],[-104.825072,39.786994],[-104.82507,39.786992],[-104.825068,39.78699],[-104.825065,39.786988],[-104.825063,39.786986],[-104.825061,39.786984],[-104.825058,39.786982],[-104.825056,39.78698],[-104.825054,39.786978],[-104.825051,39.786976],[-104.825049,39.786974],[-104.825047,39.786971],[-104.825044,39.786969],[-104.825042,39.786967],[-104.82504,39.786965],[-104.825037,39.786963],[-104.825035,39.786961],[-104.825033,39.786959],[-104.82503,39.786957],[-104.825028,39.786955],[-104.825026,39.786953],[-104.825023,39.786951],[-104.825021,39.786949],[-104.825019,39.786947],[-104.825016,39.786944],[-104.825014,39.786942],[-104.825012,39.78694],[-104.82501,39.786938],[-104.825007,39.786936],[-104.825005,39.786934],[-104.825003,39.786932],[-104.825001,39.78693],[-104.824998,39.786928],[-104.824996,39.786926],[-104.824994,39.786923],[-104.824992,39.786921],[-104.824989,39.786919],[-104.824987,39.786917],[-104.824985,39.786915],[-104.824983,39.786913],[-104.82498,39.786911],[-104.824978,39.786909],[-104.824976,39.786907],[-104.824974,39.786904],[-104.824971,39.786902],[-104.824969,39.7869],[-104.824967,39.786898],[-104.824965,39.786896],[-104.824963,39.786894],[-104.82496,39.786892],[-104.824958,39.786889],[-104.824956,39.786887],[-104.824954,39.786885],[-104.824952,39.786883],[-104.82495,39.786881],[-104.824947,39.786879],[-104.824945,39.786876],[-104.824943,39.786874],[-104.824941,39.786872],[-104.824939,39.78687],[-104.824937,39.786868],[-104.824934,39.786866],[-104.824932,39.786863],[-104.82493,39.786861],[-104.824928,39.786859],[-104.824926,39.786857],[-104.824924,39.786855],[-104.824922,39.786852],[-104.824919,39.78685],[-104.824917,39.786848],[-104.824915,39.786846],[-104.824913,39.786844],[-104.824911,39.786841],[-104.824909,39.786839],[-104.824907,39.786837],[-104.824905,39.786835],[-104.824903,39.786833],[-104.824901,39.78683],[-104.824898,39.786828],[-104.824896,39.786826],[-104.824894,39.786824],[-104.824892,39.786822],[-104.82489,39.786819],[-104.824888,39.786817],[-104.824886,39.786815],[-104.824884,39.786813],[-104.824882,39.78681],[-104.82488,39.786808],[-104.824878,39.786806],[-104.824876,39.786804],[-104.824874,39.786802],[-104.824872,39.786799],[-104.82487,39.786797],[-104.824868,39.786795],[-104.824866,39.786793],[-104.824864,39.78679],[-104.824862,39.786788],[-104.82486,39.786786],[-104.824858,39.786784],[-104.824856,39.786781],[-104.824854,39.786779],[-104.824852,39.786777],[-104.82485,39.786774],[-104.824848,39.786772],[-104.824846,39.78677],[-104.824844,39.786768],[-104.824842,39.786765],[-104.82484,39.786763],[-104.824838,39.786761],[-104.824837,39.786759],[-104.824835,39.786756],[-104.824834,39.786754],[-104.824832,39.786752],[-104.824831,39.786749],[-104.824829,39.786747],[-104.824827,39.786745],[-104.824826,39.786742],[-104.824824,39.78674],[-104.824823,39.786738],[-104.824821,39.786735],[-104.82482,39.786733],[-104.824818,39.786731],[-104.824817,39.786729],[-104.824815,39.786726],[-104.824814,39.786724],[-104.824812,39.786722],[-104.824811,39.786719],[-104.824809,39.786717],[-104.824808,39.786715],[-104.824806,39.786712],[-104.824805,39.78671],[-104.824803,39.786708],[-104.824802,39.786705],[-104.8248,39.786703],[-104.824799,39.786701],[-104.824797,39.786698],[-104.824796,39.786696],[-104.824794,39.786694],[-104.824793,39.786691],[-104.824791,39.786689],[-104.82479,39.786687],[-104.824788,39.786684],[-104.824787,39.786682],[-104.824785,39.78668],[-104.824784,39.786677],[-104.824783,39.786675],[-104.824781,39.786673],[-104.82478,39.78667],[-104.824778,39.786668],[-104.824777,39.786666],[-104.824775,39.786663],[-104.824774,39.786661],[-104.824773,39.786658],[-104.824771,39.786656],[-104.82477,39.786654],[-104.824768,39.786651],[-104.824767,39.786649],[-104.824765,39.786647],[-104.824764,39.786644],[-104.824763,39.786642],[-104.824761,39.78664],[-104.82476,39.786637],[-104.824758,39.786635],[-104.824757,39.786633],[-104.824756,39.78663],[-104.824754,39.786628],[-104.824753,39.786625],[-104.824751,39.786623],[-104.82475,39.786621],[-104.824749,39.786618],[-104.824747,39.786616],[-104.824746,39.786614],[-104.824745,39.786611],[-104.824743,39.786609],[-104.824742,39.786607],[-104.82474,39.786604],[-104.824739,39.786602],[-104.824738,39.786599],[-104.824736,39.786597],[-104.824673,39.786473],[-104.824475,39.786244],[-104.823403,39.784219],[-104.823401,39.784217],[-104.8234,39.784214],[-104.823399,39.784212],[-104.823397,39.78421],[-104.823396,39.784207],[-104.823394,39.784205],[-104.823393,39.784202],[-104.823392,39.7842],[-104.82339,39.784197],[-104.823389,39.784195],[-104.823388,39.784192],[-104.823386,39.78419],[-104.823385,39.784187],[-104.823384,39.784185],[-104.823382,39.784182],[-104.823381,39.78418],[-104.823379,39.784178],[-104.823378,39.784175],[-104.823377,39.784173],[-104.823375,39.78417],[-104.823374,39.784168],[-104.823372,39.784165],[-104.823371,39.784163],[-104.82337,39.78416],[-104.823368,39.784158],[-104.823367,39.784156],[-104.823365,39.784153],[-104.823364,39.784151],[-104.823363,39.784148],[-104.823361,39.784146],[-104.82336,39.784143],[-104.823358,39.784141],[-104.823357,39.784139],[-104.823355,39.784136],[-104.823354,39.784134],[-104.823353,39.784131],[-104.823351,39.784129],[-104.82335,39.784126],[-104.823348,39.784124],[-104.823347,39.784122],[-104.823345,39.784119],[-104.823344,39.784117],[-104.823342,39.784114],[-104.823341,39.784112],[-104.823339,39.784109],[-104.823338,39.784107],[-104.823336,39.784105],[-104.823335,39.784102],[-104.823333,39.7841],[-104.823332,39.784097],[-104.82333,39.784095],[-104.823329,39.784092],[-104.823327,39.78409],[-104.823326,39.784088],[-104.823324,39.784085],[-104.823323,39.784083],[-104.823321,39.78408],[-104.82332,39.784078],[-104.823318,39.784076],[-104.823317,39.784073],[-104.823315,39.784071],[-104.823314,39.784068],[-104.823312,39.784066],[-104.823311,39.784064],[-104.823309,39.784061],[-104.823308,39.784059],[-104.823306,39.784056],[-104.823304,39.784054],[-104.823303,39.784052],[-104.823301,39.784049],[-104.8233,39.784047],[-104.823298,39.784045],[-104.823297,39.784042],[-104.823295,39.78404],[-104.823294,39.784037],[-104.823292,39.784035],[-104.82329,39.784033],[-104.823289,39.78403],[-104.823287,39.784028],[-104.823286,39.784025],[-104.823284,39.784023],[-104.823282,39.784021],[-104.823281,39.784018],[-104.823279,39.784016],[-104.823278,39.784014],[-104.823276,39.784011],[-104.823274,39.784009],[-104.823273,39.784007],[-104.823271,39.784004],[-104.823269,39.784002],[-104.823268,39.783999],[-104.823266,39.783997],[-104.823265,39.783995],[-104.823263,39.783992],[-104.823261,39.78399],[-104.82326,39.783988],[-104.823258,39.783985],[-104.823256,39.783983],[-104.823255,39.783981],[-104.823253,39.783978],[-104.823251,39.783976],[-104.82325,39.783974],[-104.823248,39.783971],[-104.823246,39.783969],[-104.823245,39.783967],[-104.823243,39.783964],[-104.823241,39.783962],[-104.82324,39.78396],[-104.823238,39.783957],[-104.823236,39.783955],[-104.823235,39.783953],[-104.823233,39.78395],[-104.823231,39.783948],[-104.82323,39.783946],[-104.823228,39.783943],[-104.823226,39.783941],[-104.823224,39.783939],[-104.823223,39.783936],[-104.823221,39.783934],[-104.823219,39.783932],[-104.823218,39.783929],[-104.823216,39.783927],[-104.823214,39.783925],[-104.823212,39.783922],[-104.823211,39.78392],[-104.823209,39.783918],[-104.823207,39.783915],[-104.823205,39.783913],[-104.823204,39.783911],[-104.823202,39.783908],[-104.8232,39.783906],[-104.823198,39.783904],[-104.823197,39.783902],[-104.823195,39.783899],[-104.823193,39.783897],[-104.823191,39.783895],[-104.823189,39.783892],[-104.823188,39.78389],[-104.823186,39.783888],[-104.823184,39.783885],[-104.823182,39.783883],[-104.823181,39.783881],[-104.823179,39.783879],[-104.823177,39.783876],[-104.823175,39.783874],[-104.823173,39.783872],[-104.823172,39.783869],[-104.82317,39.783867],[-104.823168,39.783865],[-104.823166,39.783863],[-104.823164,39.78386],[-104.823162,39.783858],[-104.823161,39.783856],[-104.823159,39.783853],[-104.823157,39.783851],[-104.823155,39.783849],[-104.823153,39.783847],[-104.823151,39.783844],[-104.82315,39.783842],[-104.823148,39.78384],[-104.823146,39.783838],[-104.823144,39.783835],[-104.823142,39.783833],[-104.82314,39.783831],[-104.823139,39.783829],[-104.823137,39.783826],[-104.823135,39.783824],[-104.823133,39.783822],[-104.823131,39.78382],[-104.823129,39.783817],[-104.823127,39.783815],[-104.823125,39.783813],[-104.823123,39.783811],[-104.823122,39.783808],[-104.82312,39.783806],[-104.823118,39.783804],[-104.823116,39.783802],[-104.823114,39.783799],[-104.823112,39.783797],[-104.82311,39.783795],[-104.823108,39.783793],[-104.823106,39.783791],[-104.823104,39.783788],[-104.823103,39.783786],[-104.823101,39.783784],[-104.823099,39.783782],[-104.823097,39.783779],[-104.823095,39.783777],[-104.823093,39.783775],[-104.823091,39.783773],[-104.823089,39.783771],[-104.823087,39.783768],[-104.823085,39.783766],[-104.823083,39.783764],[-104.823081,39.783762],[-104.823079,39.783759],[-104.823077,39.783757],[-104.823075,39.783755],[-104.823073,39.783753],[-104.823071,39.783751],[-104.823069,39.783748],[-104.823067,39.783746],[-104.823065,39.783744],[-104.823063,39.783742],[-104.823061,39.78374],[-104.823059,39.783737],[-104.823057,39.783735],[-104.823055,39.783733],[-104.823053,39.783731],[-104.823051,39.783729],[-104.823049,39.783727],[-104.823047,39.783724],[-104.823045,39.783722],[-104.823043,39.78372],[-104.823041,39.783718],[-104.82304,39.783716],[-104.823038,39.783714],[-104.823036,39.783712],[-104.823034,39.783709],[-104.823032,39.783707],[-104.82303,39.783705],[-104.823028,39.783704],[-104.823027,39.783703],[-104.823025,39.783701],[-104.823024,39.783699],[-104.823023,39.783698],[-104.823022,39.783697],[-104.823021,39.783696],[-104.82302,39.783695],[-104.823019,39.783694],[-104.823018,39.783693],[-104.823017,39.783692],[-104.823016,39.783691],[-104.823015,39.78369],[-104.823014,39.783689],[-104.823013,39.783688],[-104.823011,39.783685],[-104.823009,39.783683],[-104.823008,39.783682],[-104.823007,39.783681],[-104.823006,39.78368],[-104.823005,39.783679],[-104.823004,39.783678],[-104.823003,39.783677],[-104.823002,39.783676],[-104.823001,39.783675],[-104.822999,39.783674],[-104.822998,39.783673],[-104.822997,39.783671],[-104.822996,39.78367],[-104.822995,39.783669],[-104.822994,39.783668],[-104.822993,39.783667],[-104.822992,39.783666],[-104.822991,39.783665],[-104.822991,39.783664],[-104.822989,39.783663],[-104.822988,39.783662],[-104.822987,39.783661],[-104.822986,39.78366],[-104.822985,39.783659],[-104.822984,39.783658],[-104.822983,39.783657],[-104.822982,39.783656],[-104.822982,39.783655],[-104.822981,39.783654],[-104.82298,39.783654],[-104.822979,39.783652],[-104.822978,39.783652],[-104.822978,39.783651],[-104.822976,39.78365],[-104.822976,39.78365],[-104.822974,39.783648],[-104.822973,39.783647],[-104.822972,39.783646],[-104.822971,39.783645],[-104.82297,39.783644],[-104.82297,39.783643],[-104.822969,39.783643],[-104.822968,39.783642],[-104.822967,39.783641],[-104.822966,39.78364],[-104.822965,39.783639],[-104.822964,39.783638],[-104.822963,39.783636],[-104.822962,39.783636],[-104.822961,39.783634],[-104.822958,39.783632],[-104.822958,39.783631],[-104.822956,39.78363],[-104.822956,39.783629],[-104.822954,39.783628],[-104.822953,39.783627],[-104.822952,39.783626],[-104.822951,39.783625],[-104.82295,39.783624],[-104.822949,39.783623],[-104.822948,39.783622],[-104.822946,39.78362],[-104.822945,39.783619],[-104.822943,39.783617],[-104.822943,39.783617],[-104.822941,39.783615],[-104.822939,39.783613],[-104.822938,39.783613],[-104.822937,39.783611],[-104.822936,39.783611],[-104.822935,39.783609],[-104.822934,39.783608],[-104.822933,39.783607],[-104.822932,39.783606],[-104.82293,39.783605],[-104.822928,39.783603],[-104.822928,39.783602],[-104.822926,39.783601],[-104.822925,39.7836],[-104.822924,39.783599],[-104.822923,39.783598],[-104.822922,39.783597],[-104.822921,39.783596],[-104.82292,39.783595],[-104.822919,39.783594],[-104.822917,39.783592],[-104.822915,39.78359],[-104.822914,39.78359],[-104.822913,39.783588],[-104.822912,39.783588],[-104.822911,39.783586],[-104.82291,39.783586],[-104.822909,39.783585],[-104.822909,39.783584],[-104.822908,39.783584],[-104.822907,39.783583],[-104.822906,39.783582],[-104.822906,39.783582],[-104.822904,39.78358],[-104.822904,39.783579],[-104.822902,39.783578],[-104.8229,39.783576],[-104.822899,39.783575],[-104.822898,39.783574],[-104.822897,39.783573],[-104.822895,39.783572],[-104.822894,39.783571],[-104.822894,39.78357],[-104.822893,39.78357],[-104.822892,39.783569],[-104.822892,39.783569],[-104.822891,39.783568],[-104.82289,39.783567],[-104.822889,39.783566],[-104.822888,39.783565],[-104.822887,39.783564],[-104.822886,39.783563],[-104.822885,39.783562],[-104.822884,39.783562],[-104.822884,39.783561],[-104.822882,39.78356],[-104.822881,39.783559],[-104.822881,39.783558],[-104.82288,39.783558],[-104.822879,39.783557],[-104.822879,39.783556],[-104.822878,39.783556],[-104.822876,39.783554],[-104.822876,39.783554],[-104.822875,39.783553],[-104.822874,39.783552],[-104.822874,39.783552],[-104.822872,39.78355],[-104.822871,39.78355],[-104.822871,39.783549],[-104.82287,39.783548],[-104.822869,39.783548],[-104.822868,39.783547],[-104.822867,39.783546],[-104.822867,39.783546],[-104.822866,39.783545],[-104.822866,39.783545],[-104.822865,39.783544],[-104.822865,39.783544],[-104.822864,39.783543],[-104.822863,39.783543],[-104.822863,39.783542],[-104.822862,39.783542],[-104.822861,39.783541],[-104.82286,39.78354],[-104.822859,39.783539],[-104.822858,39.783538],[-104.822857,39.783537],[-104.822857,39.783537],[-104.822856,39.783536],[-104.822856,39.783536],[-104.822855,39.783535],[-104.822854,39.783534],[-104.822853,39.783533],[-104.822852,39.783532],[-104.82285,39.783531],[-104.82285,39.783531],[-104.822849,39.78353],[-104.822848,39.783529],[-104.822847,39.783528],[-104.822846,39.783527],[-104.822844,39.783526],[-104.822844,39.783525],[-104.822842,39.783524],[-104.822841,39.783523],[-104.82284,39.783522],[-104.82284,39.783522],[-104.822839,39.783521],[-104.822839,39.783521],[-104.822838,39.78352],[-104.822837,39.78352],[-104.822837,39.783519],[-104.822836,39.783518],[-104.822834,39.783517],[-104.822832,39.783515],[-104.822831,39.783514],[-104.82283,39.783513],[-104.822828,39.783512],[-104.822828,39.783511],[-104.822826,39.78351],[-104.822825,39.783509],[-104.822824,39.783508],[-104.822823,39.783507],[-104.822821,39.783506],[-104.822821,39.783505],[-104.822818,39.783503],[-104.822817,39.783502],[-104.822816,39.783501],[-104.822814,39.7835],[-104.822814,39.783499],[-104.822812,39.783498],[-104.822811,39.783497],[-104.822809,39.783495],[-104.822807,39.783494],[-104.822805,39.783492],[-104.822804,39.783491],[-104.822803,39.78349],[-104.822802,39.783489],[-104.8228,39.783488],[-104.8228,39.783487],[-104.822798,39.783486],[-104.822797,39.783485],[-104.822796,39.783484],[-104.822795,39.783483],[-104.822793,39.783482],[-104.822793,39.783481],[-104.822791,39.78348],[-104.82279,39.783479],[-104.822789,39.783478],[-104.822788,39.783477],[-104.822786,39.783476],[-104.822786,39.783475],[-104.822784,39.783474],[-104.822783,39.783473],[-104.822782,39.783472],[-104.822781,39.783471],[-104.822779,39.78347],[-104.822779,39.783469],[-104.822777,39.783468],[-104.822776,39.783467],[-104.822775,39.783466],[-104.822774,39.783465],[-104.822773,39.783465],[-104.822772,39.783464],[-104.822772,39.783464],[-104.82277,39.783462],[-104.822769,39.783462],[-104.822769,39.783461],[-104.822767,39.78346],[-104.822766,39.783459],[-104.822765,39.783458],[-104.822764,39.783458],[-104.822763,39.783456],[-104.822762,39.783456],[-104.822761,39.783455],[-104.82276,39.783454],[-104.82276,39.783454],[-104.822759,39.783453],[-104.822757,39.783452],[-104.822757,39.783451],[-104.822756,39.78345],[-104.822755,39.78345],[-104.822754,39.783449],[-104.822753,39.783448],[-104.822752,39.783448],[-104.822752,39.783448],[-104.822751,39.783447],[-104.82275,39.783446],[-104.82275,39.783446],[-104.822748,39.783445],[-104.822748,39.783444],[-104.822746,39.783443],[-104.822745,39.783442],[-104.822744,39.783441],[-104.822743,39.78344],[-104.822741,39.783438],[-104.822739,39.783437],[-104.822738,39.783436],[-104.822736,39.783435],[-104.822736,39.783434],[-104.822733,39.783433],[-104.822732,39.783431],[-104.822731,39.783431],[-104.822729,39.783429],[-104.822728,39.783429],[-104.822727,39.783427],[-104.822726,39.783427],[-104.822724,39.783425],[-104.822724,39.783425],[-104.822722,39.783423],[-104.822721,39.783423],[-104.82272,39.783422],[-104.822719,39.783421],[-104.822717,39.78342],[-104.822716,39.783419],[-104.822715,39.783418],[-104.822714,39.783417],[-104.822712,39.783416],[-104.822712,39.783415],[-104.82271,39.783414],[-104.822709,39.783413],[-104.822707,39.783412],[-104.822707,39.783411],[-104.822704,39.78341],[-104.822702,39.783408],[-104.822699,39.783406],[-104.822697,39.783404],[-104.822694,39.783402],[-104.822692,39.7834],[-104.82269,39.783398],[-104.822687,39.783396],[-104.822685,39.783394],[-104.822682,39.783393],[-104.82268,39.783391],[-104.822677,39.783389],[-104.822675,39.783387],[-104.822672,39.783385],[-104.82267,39.783383],[-104.822667,39.783381],[-104.822665,39.783379],[-104.822662,39.783378],[-104.82266,39.783376],[-104.822657,39.783374],[-104.822655,39.783372],[-104.822653,39.783371],[-104.822652,39.78337],[-104.82265,39.783368],[-104.822649,39.783367],[-104.822647,39.783366],[-104.822646,39.783365],[-104.822644,39.783363],[-104.822643,39.783362],[-104.822642,39.783361],[-104.82264,39.78336],[-104.822639,39.783358],[-104.822638,39.783357],[-104.822637,39.783355],[-104.822635,39.783354],[-104.822634,39.783353],[-104.822633,39.783351],[-104.822632,39.78335],[-104.822631,39.783348],[-104.82263,39.783347],[-104.822629,39.783345],[-104.822628,39.783344],[-104.822627,39.783342],[-104.822626,39.783341],[-104.822625,39.783339],[-104.822625,39.783338],[-104.822624,39.783336],[-104.822623,39.783335],[-104.822622,39.783333],[-104.822622,39.783332],[-104.822621,39.78333],[-104.82262,39.783328],[-104.82262,39.783327],[-104.822619,39.783325],[-104.822619,39.783324],[-104.822618,39.783322],[-104.822618,39.78332],[-104.822617,39.783319],[-104.822617,39.783317],[-104.822617,39.783315],[-104.822616,39.783314],[-104.822616,39.783312],[-104.822616,39.78331],[-104.822616,39.783309],[-104.822616,39.783307],[-104.822616,39.783305],[-104.822616,39.783304],[-104.822616,39.783302],[-104.822616,39.7833],[-104.822616,39.783299],[-104.822616,39.783297],[-104.822616,39.783295],[-104.822616,39.783294],[-104.822616,39.783292],[-104.822616,39.78329],[-104.822617,39.783289],[-104.822617,39.783287],[-104.822617,39.783285],[-104.822618,39.783284],[-104.822618,39.783282],[-104.822619,39.78328],[-104.822619,39.783279],[-104.82262,39.783277],[-104.82262,39.783276],[-104.822621,39.783274],[-104.822622,39.783272],[-104.822622,39.783271],[-104.822623,39.783269],[-104.822624,39.783268],[-104.822624,39.783266],[-104.822625,39.783265],[-104.822626,39.783263],[-104.822627,39.783262],[-104.822628,39.78326],[-104.822629,39.783259],[-104.82263,39.783257],[-104.822631,39.783256],[-104.822632,39.783254],[-104.822633,39.783253],[-104.822634,39.783251],[-104.822636,39.783249],[-104.822638,39.783247],[-104.82264,39.783245],[-104.822642,39.783242],[-104.822643,39.78324],[-104.822645,39.783238],[-104.822647,39.783236],[-104.822649,39.783233],[-104.822651,39.783231],[-104.822653,39.783229],[-104.822655,39.783227],[-104.822656,39.783225],[-104.822658,39.783222],[-104.82266,39.78322],[-104.822662,39.783218],[-104.822664,39.783216],[-104.822666,39.783214],[-104.822668,39.783211],[-104.82267,39.783209],[-104.822672,39.783207],[-104.822674,39.783205],[-104.822676,39.783203],[-104.822678,39.783201],[-104.82268,39.783198],[-104.822682,39.783196],[-104.822684,39.783194],[-104.822686,39.783192],[-104.822688,39.78319],[-104.82269,39.783188],[-104.822692,39.783186],[-104.822694,39.783184],[-104.822696,39.783181],[-104.822698,39.783179],[-104.8227,39.783177],[-104.822702,39.783175],[-104.822704,39.783173],[-104.822706,39.783171],[-104.822708,39.783169],[-104.82271,39.783167],[-104.822712,39.783165],[-104.822714,39.783162],[-104.822717,39.78316],[-104.822719,39.783158],[-104.822721,39.783156],[-104.822723,39.783154],[-104.822725,39.783152],[-104.822727,39.78315],[-104.822729,39.783148],[-104.822731,39.783146],[-104.822734,39.783144],[-104.822736,39.783142],[-104.822738,39.78314],[-104.82274,39.783138],[-104.822742,39.783136],[-104.822745,39.783134],[-104.822747,39.783132],[-104.822749,39.78313],[-104.822751,39.783128],[-104.822753,39.783126],[-104.822756,39.783124],[-104.822758,39.783122],[-104.82276,39.78312],[-104.822762,39.783118],[-104.822765,39.783116],[-104.822767,39.783114],[-104.822769,39.783112],[-104.822771,39.78311],[-104.822774,39.783108],[-104.822776,39.783106],[-104.822778,39.783104],[-104.822781,39.783102],[-104.822783,39.7831],[-104.822785,39.783098],[-104.822788,39.783096],[-104.82279,39.783094],[-104.822792,39.783092],[-104.822795,39.78309],[-104.822797,39.783088],[-104.822799,39.783086],[-104.822802,39.783085],[-104.822804,39.783083],[-104.822806,39.783081],[-104.822809,39.783079],[-104.822811,39.783077],[-104.822814,39.783075],[-104.822816,39.783073],[-104.822818,39.783071],[-104.822821,39.783069],[-104.822823,39.783068],[-104.822826,39.783066],[-104.822828,39.783064],[-104.82283,39.783062],[-104.822833,39.78306],[-104.822835,39.783058],[-104.822838,39.783056],[-104.82284,39.783055],[-104.822843,39.783053],[-104.822845,39.783051],[-104.822848,39.783049],[-104.82285,39.783047],[-104.822853,39.783046],[-104.822855,39.783044],[-104.822858,39.783042],[-104.82286,39.78304],[-104.822863,39.783038],[-104.822865,39.783037],[-104.822868,39.783035],[-104.82287,39.783033],[-104.822873,39.783031],[-104.822875,39.78303],[-104.822878,39.783028],[-104.822881,39.783026],[-104.822883,39.783024],[-104.822886,39.783023],[-104.822888,39.783021],[-104.822891,39.783019],[-104.822893,39.783017],[-104.822896,39.783016],[-104.822899,39.783014],[-104.822901,39.783012],[-104.822904,39.78301],[-104.822906,39.783009],[-104.822909,39.783007],[-104.822912,39.783005],[-104.822914,39.783004],[-104.822917,39.783002],[-104.82292,39.783],[-104.822922,39.782999],[-104.822925,39.782997],[-104.822928,39.782995],[-104.82293,39.782994],[-104.822933,39.782992],[-104.822936,39.78299],[-104.822938,39.782989],[-104.822941,39.782987],[-104.822944,39.782986],[-104.822946,39.782984],[-104.822949,39.782982],[-104.822952,39.782981],[-104.822955,39.782979],[-104.822957,39.782977],[-104.82296,39.782976],[-104.822963,39.782974],[-104.822966,39.782973],[-104.822968,39.782971],[-104.822971,39.78297],[-104.822974,39.782968],[-104.822977,39.782966],[-104.822979,39.782965],[-104.822982,39.782963],[-104.822985,39.782962],[-104.822988,39.78296],[-104.82299,39.782959],[-104.822993,39.782957],[-104.822996,39.782956],[-104.822999,39.782954],[-104.823002,39.782953],[-104.823004,39.782951],[-104.823007,39.78295],[-104.82301,39.782948],[-104.823013,39.782947],[-104.823016,39.782945],[-104.823019,39.782944],[-104.823021,39.782942],[-104.823024,39.782941],[-104.823027,39.782939],[-104.82303,39.782938],[-104.823033,39.782936],[-104.823036,39.782935],[-104.823039,39.782934],[-104.823041,39.782932],[-104.823044,39.782931],[-104.823047,39.782929],[-104.82305,39.782928],[-104.823053,39.782926],[-104.823056,39.782925],[-104.823059,39.782924],[-104.823062,39.782922],[-104.823065,39.782921],[-104.823068,39.78292],[-104.82307,39.782918],[-104.823073,39.782917],[-104.823076,39.782915],[-104.823079,39.782914],[-104.823082,39.782913],[-104.823085,39.782911],[-104.823088,39.78291],[-104.823091,39.782909],[-104.823094,39.782907],[-104.823097,39.782906],[-104.8231,39.782905],[-104.823103,39.782903],[-104.823106,39.782902],[-104.823109,39.782901],[-104.823112,39.7829],[-104.823115,39.782898],[-104.823118,39.782897],[-104.823121,39.782896],[-104.823124,39.782894],[-104.823127,39.782893],[-104.82313,39.782892],[-104.823133,39.782891],[-104.823136,39.782889],[-104.823139,39.782888],[-104.823142,39.782887],[-104.823145,39.782886],[-104.823148,39.782885],[-104.823151,39.782883],[-104.823154,39.782882],[-104.823157,39.782881],[-104.82316,39.78288],[-104.823163,39.782879],[-104.823166,39.782877],[-104.823169,39.782876],[-104.823173,39.782875],[-104.823176,39.782874],[-104.823179,39.782873],[-104.823182,39.782872],[-104.823185,39.78287],[-104.823188,39.782869],[-104.823191,39.782868],[-104.823194,39.782867],[-104.823197,39.782866],[-104.8232,39.782865],[-104.823203,39.782864],[-104.823207,39.782863],[-104.82321,39.782862],[-104.823213,39.78286],[-104.823216,39.782859],[-104.823219,39.782858],[-104.823222,39.782857],[-104.823225,39.782856],[-104.823228,39.782855],[-104.823232,39.782854],[-104.823235,39.782853],[-104.823238,39.782852],[-104.823241,39.782851],[-104.823244,39.78285],[-104.823247,39.782849],[-104.82325,39.782848],[-104.823254,39.782847],[-104.823257,39.782846],[-104.82326,39.782845],[-104.823263,39.782844],[-104.823266,39.782843],[-104.82327,39.782842],[-104.823273,39.782841],[-104.824521,39.782464],[-104.825152,39.783704],[-104.825749,39.784878],[-104.828141,39.785865],[-104.829587,39.786461],[-104.828267,39.788356]]],[[[-104.824297,39.790873],[-104.824287,39.790889],[-104.824278,39.790904],[-104.824269,39.79092],[-104.824261,39.790935],[-104.824248,39.79096],[-104.824232,39.791],[-104.824215,39.79104],[-104.823847,39.792142],[-104.823154,39.792007],[-104.822953,39.792587],[-104.822435,39.792486],[-104.822501,39.792296],[-104.822561,39.792122],[-104.822623,39.791945],[-104.822681,39.791777],[-104.82274,39.791607],[-104.822809,39.791409],[-104.82287,39.791234],[-104.822926,39.791071],[-104.822962,39.790968],[-104.822985,39.790899],[-104.823038,39.790739],[-104.823183,39.790299],[-104.823288,39.790002],[-104.823316,39.790007],[-104.823343,39.790012],[-104.823371,39.790017],[-104.823399,39.790023],[-104.823426,39.79003],[-104.823454,39.790036],[-104.823481,39.790043],[-104.823508,39.790051],[-104.823535,39.790058],[-104.823561,39.790066],[-104.823588,39.790075],[-104.823614,39.790084],[-104.82364,39.790093],[-104.823666,39.790102],[-104.823692,39.790112],[-104.823717,39.790122],[-104.823742,39.790133],[-104.823767,39.790144],[-104.823792,39.790155],[-104.823816,39.790167],[-104.82384,39.790179],[-104.823864,39.790191],[-104.823889,39.790204],[-104.823922,39.790222],[-104.823956,39.790242],[-104.823988,39.790261],[-104.824021,39.790281],[-104.82407,39.790313],[-104.824131,39.79036],[-104.823896,39.790545],[-104.824298,39.790871],[-104.824297,39.790873]]],[[[-104.820666,39.77881],[-104.820666,39.778811],[-104.820666,39.778812],[-104.820666,39.778813],[-104.820666,39.778814],[-104.820666,39.778814],[-104.820666,39.778815],[-104.820666,39.778816],[-104.820666,39.778817],[-104.820665,39.778818],[-104.820665,39.778818],[-104.820665,39.778819],[-104.820665,39.77882],[-104.820665,39.778821],[-104.820664,39.778821],[-104.820664,39.778822],[-104.820664,39.778823],[-104.820664,39.778824],[-104.820663,39.778824],[-104.820663,39.778825],[-104.820663,39.778826],[-104.820662,39.778827],[-104.820662,39.778827],[-104.820661,39.778828],[-104.820661,39.778829],[-104.820661,39.77883],[-104.82066,39.77883],[-104.82066,39.778831],[-104.820659,39.778832],[-104.820659,39.778832],[-104.820658,39.778833],[-104.820658,39.778834],[-104.820657,39.778834],[-104.820656,39.778835],[-104.820656,39.778836],[-104.820655,39.778836],[-104.820655,39.778837],[-104.820654,39.778838],[-104.820653,39.778838],[-104.820653,39.778839],[-104.820652,39.77884],[-104.820651,39.77884],[-104.820651,39.778841],[-104.82065,39.778841],[-104.820649,39.778842],[-104.820649,39.778842],[-104.820648,39.778843],[-104.820647,39.778844],[-104.820646,39.778844],[-104.820646,39.778845],[-104.820645,39.778845],[-104.820644,39.778846],[-104.820643,39.778846],[-104.820642,39.778847],[-104.820641,39.778847],[-104.820641,39.778848],[-104.82064,39.778848],[-104.820639,39.778848],[-104.820638,39.778849],[-104.820637,39.778849],[-104.820636,39.77885],[-104.820635,39.77885],[-104.820634,39.77885],[-104.820633,39.778851],[-104.820633,39.778851],[-104.820632,39.778851],[-104.820631,39.778852],[-104.82063,39.778852],[-104.820629,39.778852],[-104.820628,39.778853],[-104.820627,39.778853],[-104.820626,39.778853],[-104.820625,39.778853],[-104.820624,39.778854],[-104.820623,39.778854],[-104.820622,39.778854],[-104.820621,39.778854],[-104.82062,39.778854],[-104.820619,39.778855],[-104.820618,39.778855],[-104.820617,39.778855],[-104.820616,39.778855],[-104.820615,39.778855],[-104.820614,39.778855],[-104.820613,39.778855],[-104.820612,39.778855],[-104.820611,39.778855],[-104.82061,39.778855],[-104.820609,39.778855],[-104.820608,39.778855],[-104.820607,39.778855],[-104.819826,39.778849],[-104.819783,39.778847],[-104.819758,39.778846],[-104.819733,39.778845],[-104.819707,39.778843],[-104.819682,39.778841],[-104.819657,39.778838],[-104.819632,39.778835],[-104.819607,39.778832],[-104.819582,39.778829],[-104.819557,39.778825],[-104.819533,39.778821],[-104.819508,39.778816],[-104.819484,39.778811],[-104.819459,39.778806],[-104.819435,39.7788],[-104.819411,39.778795],[-104.819387,39.778788],[-104.819363,39.778782],[-104.819339,39.778775],[-104.819316,39.778768],[-104.819292,39.778761],[-104.819269,39.778753],[-104.817851,39.778364],[-104.81794,39.778182],[-104.818019,39.77802],[-104.818092,39.77787],[-104.818099,39.777857],[-104.818189,39.777696],[-104.81827,39.777551],[-104.818273,39.777546],[-104.818362,39.777389],[-104.81845,39.777233],[-104.818455,39.777225],[-104.818495,39.777152],[-104.818519,39.777106],[-104.818542,39.777059],[-104.818544,39.777055],[-104.818565,39.777011],[-104.818586,39.776964],[-104.818605,39.776916],[-104.818624,39.776868],[-104.818629,39.776852],[-104.818702,39.776633],[-104.818747,39.776639],[-104.818774,39.776644],[-104.818802,39.776649],[-104.818829,39.776654],[-104.818856,39.77666],[-104.818883,39.776666],[-104.81891,39.776672],[-104.818937,39.776678],[-104.818963,39.776686],[-104.81899,39.776693],[-104.819264,39.776777],[-104.819644,39.776875],[-104.819662,39.776879],[-104.819673,39.776882],[-104.819685,39.776885],[-104.819697,39.776888],[-104.819708,39.776891],[-104.819719,39.776895],[-104.819731,39.776898],[-104.819742,39.776902],[-104.819753,39.776906],[-104.819764,39.77691],[-104.819775,39.776914],[-104.819786,39.776919],[-104.819796,39.776923],[-104.819807,39.776928],[-104.819818,39.776932],[-104.820002,39.777016],[-104.820004,39.777016],[-104.820005,39.777016],[-104.820006,39.777017],[-104.820007,39.777017],[-104.820008,39.777017],[-104.820009,39.777017],[-104.82001,39.777018],[-104.820011,39.777018],[-104.820012,39.777018],[-104.820013,39.777019],[-104.820014,39.777019],[-104.820014,39.77702],[-104.820015,39.77702],[-104.820016,39.77702],[-104.820017,39.777021],[-104.820018,39.777021],[-104.820019,39.777022],[-104.82002,39.777022],[-104.820021,39.777022],[-104.820021,39.777023],[-104.820022,39.777023],[-104.820023,39.777024],[-104.820024,39.777024],[-104.820025,39.777025],[-104.820025,39.777025],[-104.820026,39.777026],[-104.820027,39.777026],[-104.820028,39.777027],[-104.820028,39.777028],[-104.820029,39.777028],[-104.82003,39.777029],[-104.820031,39.777029],[-104.820031,39.77703],[-104.820032,39.77703],[-104.820033,39.777031],[-104.820033,39.777032],[-104.820034,39.777032],[-104.820034,39.777033],[-104.820035,39.777034],[-104.820036,39.777034],[-104.820036,39.777035],[-104.820037,39.777036],[-104.820037,39.777036],[-104.820038,39.777037],[-104.820038,39.777038],[-104.820039,39.777038],[-104.820039,39.777039],[-104.82004,39.77704],[-104.82004,39.777041],[-104.820041,39.777041],[-104.820041,39.777042],[-104.820041,39.777043],[-104.820042,39.777043],[-104.820042,39.777044],[-104.820042,39.777045],[-104.820043,39.777046],[-104.820043,39.777046],[-104.820043,39.777047],[-104.820044,39.777048],[-104.820044,39.777049],[-104.820044,39.77705],[-104.820044,39.77705],[-104.820045,39.777051],[-104.820045,39.777052],[-104.820045,39.777053],[-104.820045,39.777053],[-104.820045,39.777054],[-104.820045,39.777055],[-104.820045,39.777056],[-104.820045,39.777057],[-104.820045,39.777057],[-104.820046,39.777058],[-104.820046,39.777059],[-104.820046,39.77706],[-104.820046,39.777061],[-104.820046,39.777061],[-104.820045,39.777062],[-104.820045,39.777063],[-104.820045,39.777064],[-104.820045,39.777065],[-104.820045,39.777065],[-104.820045,39.777066],[-104.820045,39.777067],[-104.820045,39.777068],[-104.820044,39.777068],[-104.820044,39.777069],[-104.820044,39.77707],[-104.820044,39.777071],[-104.820043,39.777072],[-104.820043,39.777072],[-104.820043,39.777073],[-104.820043,39.777074],[-104.820042,39.777075],[-104.820042,39.777075],[-104.820042,39.777076],[-104.820041,39.777077],[-104.820034,39.777092],[-104.820029,39.777102],[-104.820024,39.777113],[-104.820019,39.777123],[-104.820015,39.777134],[-104.820011,39.777145],[-104.820007,39.777156],[-104.820003,39.777167],[-104.82,39.777178],[-104.819997,39.777189],[-104.819994,39.7772],[-104.819991,39.777211],[-104.819989,39.777222],[-104.819987,39.777233],[-104.819985,39.777244],[-104.819983,39.777255],[-104.819982,39.777266],[-104.819981,39.777277],[-104.81998,39.777289],[-104.819979,39.7773],[-104.819979,39.777311],[-104.819979,39.777322],[-104.819979,39.777334],[-104.81998,39.777345],[-104.81998,39.777356],[-104.819981,39.777367],[-104.819982,39.777378],[-104.819984,39.77739],[-104.819986,39.777401],[-104.819988,39.777412],[-104.81999,39.777423],[-104.819992,39.777434],[-104.819995,39.777445],[-104.819998,39.777456],[-104.820001,39.777467],[-104.820004,39.777478],[-104.820008,39.777489],[-104.820012,39.7775],[-104.820016,39.777511],[-104.820021,39.777521],[-104.820025,39.777532],[-104.82003,39.777542],[-104.820035,39.777553],[-104.820041,39.777563],[-104.820046,39.777574],[-104.820052,39.777584],[-104.820225,39.777882],[-104.820572,39.778503],[-104.820585,39.778527],[-104.820592,39.77854],[-104.820599,39.778553],[-104.820605,39.778566],[-104.820611,39.77858],[-104.820617,39.778593],[-104.820622,39.778606],[-104.820627,39.77862],[-104.820632,39.778633],[-104.820636,39.778647],[-104.82064,39.778661],[-104.820644,39.778674],[-104.820648,39.778688],[-104.820651,39.778702],[-104.820654,39.778716],[-104.820656,39.778729],[-104.820659,39.778743],[-104.820661,39.778757],[-104.820662,39.778771],[-104.820664,39.778785],[-104.820665,39.778799],[-104.820665,39.7788],[-104.820665,39.778801],[-104.820665,39.778802],[-104.820666,39.778802],[-104.820666,39.778803],[-104.820666,39.778804],[-104.820666,39.778805],[-104.820666,39.778806],[-104.820666,39.778806],[-104.820666,39.778807],[-104.820666,39.778808],[-104.820666,39.778809],[-104.820666,39.77881],[-104.820666,39.77881]]],[[[-104.818294,39.786192],[-104.818294,39.786193],[-104.818294,39.786194],[-104.818294,39.786195],[-104.818294,39.786196],[-104.818294,39.786197],[-104.818294,39.786198],[-104.818293,39.786199],[-104.818293,39.7862],[-104.818293,39.786201],[-104.818293,39.786202],[-104.818293,39.786203],[-104.818292,39.786204],[-104.818292,39.786204],[-104.818292,39.786205],[-104.818291,39.786206],[-104.818291,39.786207],[-104.818291,39.786208],[-104.81829,39.786209],[-104.81829,39.78621],[-104.818289,39.786211],[-104.817411,39.787951],[-104.81741,39.787953],[-104.81741,39.787954],[-104.817409,39.787954],[-104.817409,39.787955],[-104.817408,39.787956],[-104.817407,39.787957],[-104.817407,39.787958],[-104.817406,39.787959],[-104.817406,39.78796],[-104.817405,39.78796],[-104.817404,39.787961],[-104.817404,39.787962],[-104.817403,39.787963],[-104.817402,39.787964],[-104.817401,39.787964],[-104.817401,39.787965],[-104.8174,39.787966],[-104.817399,39.787967],[-104.817398,39.787967],[-104.817398,39.787968],[-104.817397,39.787969],[-104.817396,39.787969],[-104.817395,39.78797],[-104.817394,39.787971],[-104.817393,39.787971],[-104.817392,39.787972],[-104.817391,39.787973],[-104.81739,39.787973],[-104.817389,39.787974],[-104.817388,39.787974],[-104.817387,39.787975],[-104.817386,39.787976],[-104.817385,39.787976],[-104.817384,39.787977],[-104.817383,39.787977],[-104.817382,39.787978],[-104.817381,39.787978],[-104.81738,39.787979],[-104.817379,39.787979],[-104.817378,39.78798],[-104.817377,39.78798],[-104.817376,39.787981],[-104.817375,39.787981],[-104.817374,39.787981],[-104.817372,39.787982],[-104.817371,39.787982],[-104.81737,39.787982],[-104.817369,39.787983],[-104.817368,39.787983],[-104.817367,39.787983],[-104.817365,39.787984],[-104.817364,39.787984],[-104.817363,39.787984],[-104.817362,39.787984],[-104.817361,39.787985],[-104.817359,39.787985],[-104.817358,39.787985],[-104.817357,39.787985],[-104.817356,39.787985],[-104.817354,39.787986],[-104.817353,39.787986],[-104.817352,39.787986],[-104.817351,39.787986],[-104.81735,39.787986],[-104.817348,39.787986],[-104.817347,39.787986],[-104.817346,39.787986],[-104.817345,39.787986],[-104.817343,39.787986],[-104.817342,39.787986],[-104.817341,39.787986],[-104.81734,39.787986],[-104.817338,39.787986],[-104.817337,39.787986],[-104.817336,39.787986],[-104.817335,39.787985],[-104.817333,39.787985],[-104.817332,39.787985],[-104.817331,39.787985],[-104.81733,39.787985],[-104.817329,39.787985],[-104.817327,39.787984],[-104.817326,39.787984],[-104.817325,39.787984],[-104.817324,39.787984],[-104.817323,39.787983],[-104.817321,39.787983],[-104.81732,39.787983],[-104.817319,39.787982],[-104.816946,39.787871],[-104.816936,39.787868],[-104.816925,39.787865],[-104.816915,39.787863],[-104.816905,39.78786],[-104.816894,39.787858],[-104.816884,39.787855],[-104.816873,39.787853],[-104.816863,39.787851],[-104.816844,39.787848],[-104.816306,39.787765],[-104.816243,39.787754],[-104.816209,39.787748],[-104.816176,39.787741],[-104.816143,39.787734],[-104.81611,39.787726],[-104.816078,39.787718],[-104.816045,39.787709],[-104.816013,39.787701],[-104.815981,39.787691],[-104.815977,39.78769],[-104.815974,39.787689],[-104.815972,39.787688],[-104.81597,39.787687],[-104.815968,39.787687],[-104.815965,39.787686],[-104.815963,39.787685],[-104.815961,39.787684],[-104.815959,39.787683],[-104.815956,39.787682],[-104.815954,39.787681],[-104.815952,39.78768],[-104.81595,39.787679],[-104.815948,39.787677],[-104.815946,39.787676],[-104.815944,39.787675],[-104.815942,39.787674],[-104.81594,39.787673],[-104.815938,39.787671],[-104.815936,39.78767],[-104.815934,39.787669],[-104.815932,39.787667],[-104.815931,39.787666],[-104.815929,39.787665],[-104.815927,39.787663],[-104.815925,39.787662],[-104.815924,39.78766],[-104.815922,39.787659],[-104.81592,39.787657],[-104.815919,39.787656],[-104.815917,39.787654],[-104.815916,39.787653],[-104.815914,39.787651],[-104.815913,39.787649],[-104.815911,39.787648],[-104.81591,39.787646],[-104.815909,39.787644],[-104.815907,39.787643],[-104.815906,39.787641],[-104.815905,39.787639],[-104.815904,39.787637],[-104.815903,39.787636],[-104.815901,39.787634],[-104.8159,39.787632],[-104.815899,39.78763],[-104.815898,39.787629],[-104.815897,39.787627],[-104.815897,39.787625],[-104.815896,39.787623],[-104.815895,39.787621],[-104.815894,39.787619],[-104.815893,39.787617],[-104.815893,39.787615],[-104.815892,39.787613],[-104.815891,39.787611],[-104.815891,39.787609],[-104.81589,39.787607],[-104.81589,39.787605],[-104.815889,39.787603],[-104.815889,39.787601],[-104.815889,39.787599],[-104.815888,39.787597],[-104.815888,39.787596],[-104.815888,39.787594],[-104.815888,39.787592],[-104.815888,39.78759],[-104.815888,39.787588],[-104.815888,39.787586],[-104.815888,39.787584],[-104.815888,39.787582],[-104.815888,39.78758],[-104.815888,39.787578],[-104.815888,39.787576],[-104.815889,39.787574],[-104.815889,39.787572],[-104.815889,39.78757],[-104.81589,39.787568],[-104.81589,39.787566],[-104.815891,39.787564],[-104.815891,39.787562],[-104.815892,39.78756],[-104.815892,39.787559],[-104.815893,39.787557],[-104.815894,39.787555],[-104.815894,39.787553],[-104.815895,39.787551],[-104.815896,39.787549],[-104.815897,39.787547],[-104.815898,39.787545],[-104.816052,39.787239],[-104.81678,39.785798],[-104.81678,39.785797],[-104.816781,39.785796],[-104.816781,39.785795],[-104.816782,39.785794],[-104.816782,39.785793],[-104.816783,39.785792],[-104.816783,39.785791],[-104.816784,39.785791],[-104.816785,39.78579],[-104.816785,39.785789],[-104.816786,39.785788],[-104.816787,39.785787],[-104.816787,39.785787],[-104.816788,39.785786],[-104.816789,39.785785],[-104.81679,39.785784],[-104.81679,39.785784],[-104.816791,39.785783],[-104.816792,39.785782],[-104.816793,39.785781],[-104.816794,39.785781],[-104.816794,39.78578],[-104.816795,39.785779],[-104.816796,39.785779],[-104.816797,39.785778],[-104.816798,39.785777],[-104.816799,39.785777],[-104.8168,39.785776],[-104.816801,39.785775],[-104.816802,39.785775],[-104.816803,39.785774],[-104.816804,39.785774],[-104.816805,39.785773],[-104.816806,39.785772],[-104.816807,39.785772],[-104.816808,39.785771],[-104.816809,39.785771],[-104.81681,39.78577],[-104.816811,39.78577],[-104.816812,39.785769],[-104.816813,39.785769],[-104.816814,39.785769],[-104.816815,39.785768],[-104.816816,39.785768],[-104.816818,39.785767],[-104.816819,39.785767],[-104.81682,39.785767],[-104.816821,39.785766],[-104.816822,39.785766],[-104.816823,39.785766],[-104.816825,39.785765],[-104.816826,39.785765],[-104.816827,39.785765],[-104.816828,39.785764],[-104.816829,39.785764],[-104.816831,39.785764],[-104.816832,39.785764],[-104.816833,39.785764],[-104.816834,39.785763],[-104.816835,39.785763],[-104.816837,39.785763],[-104.816838,39.785763],[-104.816839,39.785763],[-104.81684,39.785763],[-104.816842,39.785763],[-104.816843,39.785763],[-104.816844,39.785763],[-104.816845,39.785763],[-104.816847,39.785763],[-104.816848,39.785763],[-104.816849,39.785763],[-104.81685,39.785763],[-104.816851,39.785763],[-104.816853,39.785763],[-104.816854,39.785763],[-104.816855,39.785763],[-104.816856,39.785763],[-104.816858,39.785763],[-104.816859,39.785764],[-104.81686,39.785764],[-104.816861,39.785764],[-104.816863,39.785764],[-104.816864,39.785764],[-104.816865,39.785765],[-104.816866,39.785765],[-104.816867,39.785765],[-104.816868,39.785765],[-104.818247,39.786139],[-104.818249,39.78614],[-104.81825,39.78614],[-104.818251,39.786141],[-104.818252,39.786141],[-104.818253,39.786141],[-104.818254,39.786142],[-104.818256,39.786142],[-104.818257,39.786143],[-104.818258,39.786143],[-104.818259,39.786144],[-104.81826,39.786144],[-104.818261,39.786145],[-104.818262,39.786145],[-104.818263,39.786146],[-104.818264,39.786146],[-104.818265,39.786147],[-104.818266,39.786147],[-104.818267,39.786148],[-104.818268,39.786148],[-104.818269,39.786149],[-104.81827,39.78615],[-104.818271,39.78615],[-104.818272,39.786151],[-104.818273,39.786152],[-104.818274,39.786152],[-104.818274,39.786153],[-104.818275,39.786154],[-104.818276,39.786154],[-104.818277,39.786155],[-104.818278,39.786156],[-104.818278,39.786157],[-104.818279,39.786157],[-104.81828,39.786158],[-104.818281,39.786159],[-104.818281,39.78616],[-104.818282,39.78616],[-104.818283,39.786161],[-104.818284,39.786162],[-104.818284,39.786163],[-104.818285,39.786164],[-104.818285,39.786165],[-104.818286,39.786165],[-104.818287,39.786166],[-104.818287,39.786167],[-104.818288,39.786168],[-104.818288,39.786169],[-104.818289,39.78617],[-104.818289,39.786171],[-104.81829,39.786172],[-104.81829,39.786172],[-104.81829,39.786173],[-104.818291,39.786174],[-104.818291,39.786175],[-104.818291,39.786176],[-104.818292,39.786177],[-104.818292,39.786178],[-104.818292,39.786179],[-104.818293,39.78618],[-104.818293,39.786181],[-104.818293,39.786182],[-104.818293,39.786183],[-104.818293,39.786184],[-104.818294,39.786185],[-104.818294,39.786185],[-104.818294,39.786186],[-104.818294,39.786187],[-104.818294,39.786188],[-104.818294,39.786189],[-104.818294,39.78619],[-104.818294,39.786191],[-104.818294,39.786192]]],[[[-104.817042,39.792634],[-104.816642,39.792905],[-104.816203,39.793201],[-104.815671,39.793563],[-104.81561,39.793605],[-104.81544,39.793448],[-104.815402,39.793413],[-104.815325,39.793307],[-104.815187,39.793115],[-104.815154,39.793031],[-104.815078,39.792842],[-104.815001,39.792643],[-104.814985,39.792603],[-104.814929,39.792453],[-104.814929,39.792447],[-104.814928,39.7923],[-104.814928,39.792159],[-104.814927,39.79202],[-104.814929,39.792015],[-104.81499,39.791833],[-104.81505,39.791652],[-104.81511,39.791476],[-104.81518,39.791266],[-104.815686,39.791375],[-104.815715,39.791382],[-104.815745,39.791389],[-104.81576,39.791392],[-104.817113,39.792587],[-104.817042,39.792634]]],[[[-104.804268,39.794371],[-104.804205,39.794374],[-104.804165,39.794376],[-104.803468,39.794411],[-104.803412,39.794413],[-104.803401,39.794413],[-104.803374,39.794414],[-104.803348,39.794416],[-104.803337,39.794416],[-104.8033,39.794419],[-104.803263,39.794422],[-104.803226,39.794426],[-104.803189,39.79443],[-104.803152,39.794435],[-104.803115,39.79444],[-104.803079,39.794445],[-104.803042,39.794452],[-104.803006,39.794458],[-104.80297,39.794465],[-104.802934,39.794473],[-104.802898,39.794481],[-104.802862,39.79449],[-104.802827,39.794499],[-104.802792,39.794508],[-104.802757,39.794518],[-104.802722,39.794528],[-104.802719,39.794529],[-104.802717,39.79453],[-104.802716,39.79453],[-104.802714,39.79453],[-104.802712,39.794531],[-104.802711,39.794531],[-104.802709,39.794531],[-104.802707,39.794531],[-104.802705,39.794532],[-104.802704,39.794532],[-104.802702,39.794532],[-104.8027,39.794532],[-104.802699,39.794532],[-104.802697,39.794532],[-104.802695,39.794532],[-104.802693,39.794532],[-104.802692,39.794532],[-104.80269,39.794532],[-104.802688,39.794532],[-104.802686,39.794532],[-104.802685,39.794532],[-104.802683,39.794532],[-104.802681,39.794532],[-104.802679,39.794532],[-104.802678,39.794532],[-104.802676,39.794532],[-104.802674,39.794531],[-104.802673,39.794531],[-104.802671,39.794531],[-104.802669,39.794531],[-104.802667,39.79453],[-104.802666,39.79453],[-104.802664,39.79453],[-104.802662,39.794529],[-104.802661,39.794529],[-104.802659,39.794529],[-104.802657,39.794528],[-104.802656,39.794528],[-104.802654,39.794527],[-104.802653,39.794527],[-104.802651,39.794526],[-104.802649,39.794526],[-104.802648,39.794525],[-104.802646,39.794525],[-104.802645,39.794524],[-104.802643,39.794523],[-104.802642,39.794523],[-104.80264,39.794522],[-104.802639,39.794521],[-104.802637,39.794521],[-104.802636,39.79452],[-104.802634,39.794519],[-104.802633,39.794518],[-104.802631,39.794518],[-104.80263,39.794517],[-104.802629,39.794516],[-104.802627,39.794515],[-104.802626,39.794514],[-104.802625,39.794513],[-104.802623,39.794513],[-104.802622,39.794512],[-104.802621,39.794511],[-104.80262,39.79451],[-104.802618,39.794509],[-104.802617,39.794508],[-104.802616,39.794507],[-104.802615,39.794506],[-104.802614,39.794505],[-104.802613,39.794504],[-104.802612,39.794503],[-104.802611,39.794502],[-104.80261,39.794501],[-104.802609,39.794499],[-104.802608,39.794498],[-104.802607,39.794497],[-104.802606,39.794496],[-104.802605,39.794495],[-104.802604,39.794494],[-104.802603,39.794493],[-104.802602,39.794491],[-104.802601,39.79449],[-104.802601,39.794489],[-104.8026,39.794488],[-104.802599,39.794487],[-104.802599,39.794485],[-104.802598,39.794484],[-104.802597,39.794483],[-104.802597,39.794482],[-104.802596,39.79448],[-104.802586,39.794467],[-104.802579,39.794456],[-104.802572,39.794446],[-104.802563,39.794431],[-104.802556,39.79442],[-104.80255,39.79441],[-104.802544,39.794399],[-104.802538,39.794388],[-104.802533,39.794377],[-104.802528,39.794366],[-104.802523,39.794355],[-104.802518,39.794344],[-104.802514,39.794332],[-104.80251,39.794321],[-104.802506,39.79431],[-104.802502,39.794298],[-104.802499,39.794287],[-104.802496,39.794275],[-104.802493,39.794264],[-104.80249,39.794252],[-104.802488,39.794241],[-104.802486,39.794229],[-104.802484,39.794217],[-104.802483,39.794206],[-104.802481,39.794194],[-104.80248,39.794182],[-104.80248,39.794171],[-104.802479,39.794159],[-104.802479,39.794147],[-104.802479,39.794136],[-104.802479,39.794124],[-104.80248,39.794112],[-104.802481,39.7941],[-104.802482,39.794089],[-104.802483,39.794077],[-104.802485,39.794065],[-104.802487,39.794054],[-104.802489,39.794042],[-104.802491,39.79403],[-104.802494,39.794019],[-104.802497,39.794007],[-104.8025,39.793996],[-104.802504,39.793985],[-104.802507,39.793973],[-104.802511,39.793962],[-104.802516,39.793951],[-104.80252,39.793939],[-104.802525,39.793928],[-104.80253,39.793917],[-104.802535,39.793906],[-104.802541,39.793895],[-104.802546,39.793884],[-104.802552,39.793874],[-104.802559,39.793863],[-104.802565,39.793852],[-104.802572,39.793842],[-104.803002,39.793218],[-104.803891,39.793173],[-104.804295,39.793152],[-104.804304,39.794316],[-104.804304,39.794369],[-104.804268,39.794371]]],[[[-104.80277,39.793252],[-104.802585,39.793525],[-104.802397,39.793797],[-104.802383,39.793821],[-104.802376,39.793834],[-104.80237,39.793848],[-104.802363,39.793861],[-104.802357,39.793875],[-104.802351,39.793889],[-104.802346,39.793902],[-104.80234,39.793916],[-104.802335,39.79393],[-104.802331,39.793944],[-104.802327,39.793958],[-104.802323,39.793969],[-104.802323,39.793972],[-104.802319,39.793986],[-104.802316,39.794001],[-104.802313,39.794015],[-104.80231,39.794029],[-104.802308,39.794044],[-104.802306,39.794058],[-104.802304,39.794072],[-104.802303,39.794087],[-104.802302,39.794099],[-104.802302,39.794101],[-104.802301,39.794116],[-104.8023,39.79413],[-104.8023,39.794144],[-104.802301,39.794159],[-104.802301,39.794173],[-104.802302,39.794188],[-104.802303,39.794202],[-104.802305,39.794216],[-104.802307,39.794231],[-104.802309,39.794245],[-104.802312,39.794259],[-104.802314,39.794274],[-104.802318,39.794288],[-104.802321,39.794302],[-104.802325,39.794316],[-104.802329,39.79433],[-104.802369,39.79443],[-104.802402,39.79451],[-104.802406,39.79452],[-104.80241,39.79453],[-104.802412,39.794532],[-104.802413,39.794533],[-104.802414,39.794534],[-104.802415,39.794535],[-104.802416,39.794536],[-104.802417,39.794538],[-104.802418,39.794539],[-104.802419,39.79454],[-104.80242,39.794541],[-104.80242,39.794543],[-104.802421,39.794544],[-104.802422,39.794545],[-104.802423,39.794547],[-104.802423,39.794548],[-104.802424,39.794549],[-104.802425,39.794551],[-104.802425,39.794552],[-104.802426,39.794553],[-104.802426,39.794555],[-104.802427,39.794556],[-104.802427,39.794558],[-104.802428,39.794559],[-104.802428,39.79456],[-104.802429,39.794562],[-104.802429,39.794563],[-104.802429,39.794565],[-104.80243,39.794566],[-104.80243,39.794567],[-104.80243,39.794569],[-104.80243,39.79457],[-104.80243,39.794572],[-104.802431,39.794573],[-104.802431,39.794575],[-104.802431,39.794576],[-104.802431,39.794577],[-104.802431,39.794579],[-104.802431,39.79458],[-104.802431,39.794582],[-104.802431,39.794583],[-104.80243,39.794585],[-104.80243,39.794586],[-104.80243,39.794587],[-104.80243,39.794589],[-104.80243,39.79459],[-104.802429,39.794592],[-104.802429,39.794593],[-104.802429,39.794595],[-104.802428,39.794596],[-104.802428,39.794597],[-104.802427,39.794599],[-104.802427,39.7946],[-104.802426,39.794601],[-104.802426,39.794603],[-104.802425,39.794604],[-104.802425,39.794606],[-104.802424,39.794607],[-104.802423,39.794608],[-104.802423,39.79461],[-104.802422,39.794611],[-104.802421,39.794612],[-104.80242,39.794614],[-104.80242,39.794615],[-104.802419,39.794616],[-104.802418,39.794617],[-104.802417,39.794619],[-104.802416,39.79462],[-104.802415,39.794621],[-104.802414,39.794622],[-104.802413,39.794624],[-104.802412,39.794625],[-104.802411,39.794626],[-104.80241,39.794627],[-104.802409,39.794628],[-104.802408,39.794629],[-104.802406,39.79463],[-104.802405,39.794632],[-104.802404,39.794633],[-104.802403,39.794634],[-104.802401,39.794635],[-104.8024,39.794636],[-104.802399,39.794637],[-104.802398,39.794638],[-104.802396,39.794639],[-104.802395,39.79464],[-104.802349,39.794659],[-104.802315,39.794675],[-104.802281,39.794691],[-104.802247,39.794707],[-104.802214,39.794724],[-104.802181,39.794741],[-104.802149,39.794759],[-104.802117,39.794777],[-104.802085,39.794796],[-104.802054,39.794815],[-104.802028,39.794831],[-104.802023,39.794834],[-104.801993,39.794854],[-104.801963,39.794874],[-104.801959,39.794877],[-104.801934,39.794895],[-104.801934,39.794895],[-104.801905,39.794916],[-104.801893,39.794925],[-104.801876,39.794937],[-104.801849,39.794959],[-104.801821,39.794981],[-104.801772,39.795016],[-104.801747,39.795036],[-104.801722,39.795056],[-104.801697,39.795076],[-104.801672,39.795097],[-104.801649,39.795117],[-104.801625,39.795139],[-104.801602,39.79516],[-104.80158,39.795182],[-104.801558,39.795204],[-104.801537,39.795226],[-104.801516,39.795249],[-104.801495,39.795272],[-104.801468,39.795303],[-104.801466,39.795301],[-104.801463,39.7953],[-104.801461,39.795298],[-104.801458,39.795297],[-104.801455,39.795295],[-104.801453,39.795293],[-104.80145,39.795292],[-104.801448,39.79529],[-104.801445,39.795289],[-104.801443,39.795287],[-104.80144,39.795286],[-104.801437,39.795284],[-104.801435,39.795282],[-104.801432,39.795281],[-104.80143,39.795279],[-104.801427,39.795278],[-104.801425,39.795276],[-104.801422,39.795274],[-104.80142,39.795273],[-104.801417,39.795271],[-104.801415,39.79527],[-104.801412,39.795268],[-104.80141,39.795266],[-104.801407,39.795265],[-104.801405,39.795263],[-104.801402,39.795261],[-104.8014,39.79526],[-104.801397,39.795258],[-104.801395,39.795256],[-104.801392,39.795255],[-104.801391,39.795254],[-104.80139,39.795253],[-104.801372,39.79524],[-104.801357,39.795229],[-104.801343,39.795218],[-104.801329,39.795207],[-104.801315,39.795196],[-104.801302,39.795184],[-104.801289,39.795173],[-104.801276,39.795161],[-104.801263,39.795149],[-104.80125,39.795136],[-104.801238,39.795124],[-104.801226,39.795111],[-104.801215,39.795099],[-104.801204,39.795086],[-104.801193,39.795073],[-104.801182,39.795059],[-104.801172,39.795046],[-104.801161,39.795033],[-104.801152,39.795019],[-104.801142,39.795005],[-104.801133,39.794991],[-104.801124,39.794978],[-104.801116,39.794963],[-104.801108,39.794949],[-104.8011,39.794935],[-104.801092,39.79492],[-104.801085,39.794906],[-104.801078,39.794891],[-104.801071,39.794877],[-104.801065,39.794862],[-104.801059,39.794847],[-104.801054,39.794832],[-104.801048,39.794817],[-104.801044,39.794802],[-104.801039,39.794787],[-104.801035,39.794772],[-104.801031,39.794756],[-104.801027,39.794741],[-104.801024,39.794726],[-104.801022,39.79471],[-104.801019,39.794695],[-104.801017,39.794679],[-104.801015,39.794664],[-104.801014,39.794648],[-104.801013,39.794633],[-104.801012,39.794617],[-104.801012,39.794602],[-104.801012,39.794586],[-104.801012,39.794571],[-104.801013,39.794555],[-104.801014,39.79454],[-104.801015,39.794524],[-104.801017,39.794509],[-104.801019,39.794493],[-104.801254,39.79355],[-104.801477,39.793506],[-104.801718,39.793458],[-104.801765,39.793449],[-104.801801,39.793441],[-104.801836,39.793432],[-104.801871,39.793423],[-104.801906,39.793414],[-104.801941,39.793404],[-104.801975,39.793394],[-104.802009,39.793383],[-104.802043,39.793372],[-104.802077,39.79336],[-104.802111,39.793348],[-104.802144,39.793336],[-104.802177,39.793322],[-104.802209,39.793309],[-104.802241,39.793295],[-104.802273,39.793281],[-104.802305,39.793266],[-104.802333,39.793252],[-104.802785,39.793229],[-104.80277,39.793252]]],[[[-104.802128,39.788913],[-104.802128,39.788914],[-104.802128,39.788915],[-104.802128,39.788917],[-104.802128,39.788918],[-104.802128,39.788919],[-104.802127,39.78892],[-104.802127,39.788921],[-104.802127,39.788923],[-104.802127,39.788924],[-104.802126,39.788925],[-104.802126,39.788926],[-104.802126,39.788927],[-104.802125,39.788928],[-104.802125,39.78893],[-104.802125,39.788931],[-104.802124,39.788932],[-104.802124,39.788933],[-104.802123,39.788934],[-104.802123,39.788935],[-104.802122,39.788936],[-104.802122,39.788938],[-104.802121,39.788939],[-104.80212,39.78894],[-104.80212,39.788941],[-104.802119,39.788942],[-104.802118,39.788943],[-104.802118,39.788944],[-104.802117,39.788945],[-104.802116,39.788946],[-104.802116,39.788947],[-104.802115,39.788948],[-104.802114,39.788949],[-104.802113,39.78895],[-104.802112,39.788951],[-104.802111,39.788952],[-104.80211,39.788953],[-104.802109,39.788954],[-104.802108,39.788955],[-104.802107,39.788956],[-104.802106,39.788957],[-104.802105,39.788958],[-104.802104,39.788959],[-104.802103,39.78896],[-104.802102,39.78896],[-104.802101,39.788961],[-104.8021,39.788962],[-104.802099,39.788963],[-104.802098,39.788964],[-104.802097,39.788964],[-104.802095,39.788965],[-104.802094,39.788966],[-104.802093,39.788967],[-104.802092,39.788967],[-104.80209,39.788968],[-104.802089,39.788969],[-104.802088,39.78897],[-104.802087,39.78897],[-104.802085,39.788971],[-104.802084,39.788971],[-104.802083,39.788972],[-104.802081,39.788973],[-104.80208,39.788973],[-104.802078,39.788974],[-104.80204,39.788989],[-104.802001,39.789005],[-104.799717,39.78995],[-104.799485,39.790046],[-104.798777,39.788019],[-104.798772,39.788006],[-104.798767,39.787993],[-104.798762,39.78798],[-104.798756,39.787967],[-104.798751,39.787955],[-104.798744,39.787942],[-104.798738,39.78793],[-104.798731,39.787917],[-104.798724,39.787905],[-104.798717,39.787893],[-104.79871,39.787881],[-104.798702,39.787868],[-104.798694,39.787857],[-104.798685,39.787845],[-104.798677,39.787833],[-104.798668,39.787821],[-104.798659,39.78781],[-104.798649,39.787799],[-104.79864,39.787787],[-104.79863,39.787776],[-104.79862,39.787765],[-104.798609,39.787755],[-104.798599,39.787744],[-104.798588,39.787733],[-104.798577,39.787723],[-104.798565,39.787713],[-104.798554,39.787703],[-104.798542,39.787693],[-104.79853,39.787683],[-104.798518,39.787674],[-104.798505,39.787664],[-104.798493,39.787655],[-104.79848,39.787646],[-104.798467,39.787637],[-104.798453,39.787628],[-104.79844,39.78762],[-104.798426,39.787611],[-104.798412,39.787603],[-104.798398,39.787595],[-104.798384,39.787587],[-104.79837,39.78758],[-104.798355,39.787572],[-104.79834,39.787565],[-104.798326,39.787558],[-104.798311,39.787551],[-104.798295,39.787545],[-104.79828,39.787538],[-104.798265,39.787532],[-104.798249,39.787526],[-104.798233,39.78752],[-104.798217,39.787515],[-104.798201,39.787509],[-104.798185,39.787504],[-104.798169,39.787499],[-104.798153,39.787495],[-104.798136,39.78749],[-104.79812,39.787486],[-104.798103,39.787482],[-104.798086,39.787478],[-104.798069,39.787474],[-104.798052,39.787471],[-104.798036,39.787468],[-104.798018,39.787465],[-104.798001,39.787462],[-104.797984,39.78746],[-104.797967,39.787458],[-104.79795,39.787456],[-104.797932,39.787454],[-104.797915,39.787453],[-104.797898,39.787451],[-104.79788,39.78745],[-104.797863,39.787449],[-104.797836,39.787449],[-104.80191,39.787464],[-104.801905,39.788262],[-104.801905,39.788281],[-104.801906,39.7883],[-104.801907,39.788318],[-104.801908,39.788337],[-104.80191,39.788355],[-104.801912,39.788374],[-104.801915,39.788393],[-104.801918,39.788411],[-104.801921,39.78843],[-104.801925,39.788448],[-104.801929,39.788467],[-104.801934,39.788485],[-104.801939,39.788503],[-104.801945,39.788521],[-104.801951,39.788539],[-104.801957,39.788557],[-104.801964,39.788575],[-104.801971,39.788593],[-104.801979,39.788611],[-104.801987,39.788629],[-104.801995,39.788646],[-104.802008,39.788672],[-104.802121,39.788886],[-104.802122,39.788888],[-104.802123,39.788889],[-104.802123,39.788891],[-104.802124,39.788892],[-104.802124,39.788893],[-104.802125,39.788894],[-104.802125,39.788895],[-104.802126,39.788896],[-104.802126,39.788898],[-104.802126,39.788899],[-104.802127,39.7889],[-104.802127,39.788901],[-104.802127,39.788902],[-104.802127,39.788903],[-104.802127,39.788905],[-104.802128,39.788906],[-104.802128,39.788907],[-104.802128,39.788908],[-104.802128,39.788909],[-104.802128,39.788911],[-104.802128,39.788912],[-104.802128,39.788913]]],[[[-104.79481,39.776587],[-104.794811,39.776462],[-104.794814,39.776205],[-104.794814,39.776203],[-104.794815,39.77602],[-104.79482,39.775955],[-104.794834,39.775891],[-104.794857,39.775828],[-104.794889,39.775768],[-104.794928,39.775711],[-104.794976,39.775657],[-104.795031,39.775608],[-104.795092,39.775563],[-104.79585,39.77506],[-104.795855,39.775064],[-104.795863,39.775069],[-104.795875,39.775058],[-104.795887,39.775048],[-104.795899,39.775037],[-104.795911,39.775026],[-104.795922,39.775015],[-104.795933,39.775004],[-104.795944,39.774992],[-104.795955,39.774981],[-104.795965,39.774969],[-104.795975,39.774957],[-104.795985,39.774945],[-104.795994,39.774933],[-104.796003,39.774921],[-104.796012,39.774909],[-104.796021,39.774896],[-104.796079,39.774912],[-104.796108,39.774922],[-104.796134,39.774935],[-104.796157,39.77495],[-104.796177,39.774968],[-104.796194,39.774988],[-104.797071,39.776223],[-104.797072,39.776223],[-104.797072,39.776223],[-104.7971,39.776216],[-104.797066,39.776258],[-104.79706,39.776323],[-104.797086,39.77643],[-104.797101,39.776467],[-104.797153,39.776594],[-104.797153,39.776608],[-104.79481,39.776587]]],[[[-104.781509,39.788107],[-104.78144,39.788107],[-104.781441,39.78787],[-104.781388,39.787867],[-104.781098,39.787867],[-104.781027,39.787867],[-104.78098,39.787866],[-104.780933,39.787864],[-104.780886,39.787861],[-104.780839,39.787858],[-104.780792,39.787854],[-104.780745,39.78785],[-104.780699,39.787845],[-104.780652,39.787839],[-104.780606,39.787833],[-104.780559,39.787826],[-104.780513,39.787818],[-104.780467,39.78781],[-104.780422,39.787801],[-104.780376,39.787792],[-104.780331,39.787782],[-104.780286,39.787771],[-104.780241,39.78776],[-104.780196,39.787748],[-104.780152,39.787736],[-104.780108,39.787723],[-104.780064,39.787709],[-104.780021,39.787695],[-104.779978,39.78768],[-104.779935,39.787665],[-104.779893,39.787649],[-104.779851,39.787633],[-104.778548,39.78711],[-104.778538,39.789434],[-104.775699,39.789424],[-104.775707,39.786696],[-104.77459,39.786695],[-104.774606,39.786074],[-104.775426,39.786042],[-104.775449,39.786041],[-104.775464,39.786041],[-104.77549,39.78604],[-104.775517,39.78604],[-104.775544,39.786041],[-104.775571,39.786041],[-104.775598,39.786042],[-104.775625,39.786044],[-104.775651,39.786046],[-104.775678,39.786048],[-104.775705,39.78605],[-104.775732,39.786053],[-104.775745,39.786055],[-104.775766,39.786058],[-104.775777,39.786059],[-104.775785,39.78606],[-104.77579,39.786061],[-104.775806,39.786063],[-104.775811,39.786064],[-104.775815,39.786065],[-104.775835,39.786068],[-104.775837,39.786068],[-104.775839,39.786069],[-104.775863,39.786073],[-104.775864,39.786073],[-104.77589,39.786078],[-104.775915,39.786083],[-104.775941,39.786089],[-104.775967,39.786095],[-104.775993,39.786101],[-104.776018,39.786108],[-104.776043,39.786115],[-104.776068,39.786123],[-104.776093,39.78613],[-104.776118,39.786139],[-104.776143,39.786147],[-104.776167,39.786156],[-104.776191,39.786165],[-104.776215,39.786174],[-104.77656,39.786312],[-104.776561,39.786313],[-104.776564,39.785656],[-104.776599,39.785642],[-104.776633,39.785627],[-104.776668,39.785611],[-104.776701,39.785595],[-104.776735,39.785579],[-104.776768,39.785562],[-104.7768,39.785545],[-104.776832,39.785527],[-104.776864,39.785509],[-104.776895,39.785491],[-104.776926,39.785472],[-104.776957,39.785453],[-104.776987,39.785433],[-104.777017,39.785413],[-104.777046,39.785392],[-104.777074,39.785371],[-104.777104,39.785349],[-104.777255,39.785232],[-104.777273,39.785219],[-104.777289,39.785205],[-104.777306,39.785191],[-104.777322,39.785177],[-104.777338,39.785163],[-104.777353,39.785149],[-104.777368,39.785134],[-104.777383,39.785119],[-104.777398,39.785104],[-104.777412,39.785089],[-104.777426,39.785073],[-104.777439,39.785058],[-104.777452,39.785042],[-104.777465,39.785026],[-104.777477,39.78501],[-104.777489,39.784993],[-104.777501,39.784977],[-104.777512,39.78496],[-104.777523,39.784943],[-104.777534,39.784926],[-104.777544,39.784909],[-104.777553,39.784892],[-104.777563,39.784875],[-104.777572,39.784857],[-104.77758,39.78484],[-104.777588,39.784822],[-104.777596,39.784804],[-104.777603,39.784786],[-104.77761,39.784768],[-104.777617,39.78475],[-104.777623,39.784732],[-104.777629,39.784714],[-104.777634,39.784695],[-104.777639,39.784677],[-104.777643,39.784659],[-104.777647,39.78464],[-104.777651,39.784621],[-104.777654,39.784603],[-104.777657,39.784584],[-104.777659,39.784565],[-104.777661,39.784547],[-104.777663,39.784528],[-104.777664,39.784509],[-104.777665,39.784476],[-104.777668,39.783943],[-104.777668,39.783941],[-104.777668,39.783939],[-104.777668,39.783938],[-104.777668,39.783937],[-104.777668,39.783936],[-104.777668,39.783935],[-104.777669,39.783933],[-104.777669,39.783932],[-104.777669,39.783931],[-104.777669,39.78393],[-104.77767,39.783929],[-104.77767,39.783927],[-104.77767,39.783926],[-104.777671,39.783925],[-104.777671,39.783924],[-104.777672,39.783923],[-104.777672,39.783922],[-104.777673,39.783921],[-104.777673,39.783919],[-104.777674,39.783918],[-104.777674,39.783917],[-104.777675,39.783916],[-104.777675,39.783915],[-104.777676,39.783914],[-104.777677,39.783913],[-104.777677,39.783912],[-104.777678,39.783911],[-104.777679,39.78391],[-104.77768,39.783909],[-104.77768,39.783908],[-104.777681,39.783907],[-104.777682,39.783906],[-104.777683,39.783905],[-104.777684,39.783904],[-104.777685,39.783903],[-104.777686,39.783902],[-104.777687,39.783901],[-104.777688,39.7839],[-104.777689,39.783899],[-104.77769,39.783898],[-104.777691,39.783897],[-104.777692,39.783896],[-104.777693,39.783895],[-104.777694,39.783894],[-104.777695,39.783894],[-104.777696,39.783893],[-104.777697,39.783892],[-104.777698,39.783891],[-104.7777,39.78389],[-104.777701,39.78389],[-104.777702,39.783889],[-104.777703,39.783888],[-104.777704,39.783887],[-104.777706,39.783887],[-104.777707,39.783886],[-104.777708,39.783885],[-104.77771,39.783885],[-104.777711,39.783884],[-104.777712,39.783884],[-104.777714,39.783883],[-104.777715,39.783882],[-104.777716,39.783882],[-104.777718,39.783881],[-104.777719,39.783881],[-104.777721,39.78388],[-104.777722,39.78388],[-104.777723,39.783879],[-104.777725,39.783879],[-104.777726,39.783879],[-104.777728,39.783878],[-104.777729,39.783878],[-104.777731,39.783877],[-104.777732,39.783877],[-104.777734,39.783877],[-104.777735,39.783876],[-104.777737,39.783876],[-104.777738,39.783876],[-104.77774,39.783876],[-104.777741,39.783875],[-104.777743,39.783875],[-104.777744,39.783875],[-104.777746,39.783875],[-104.777747,39.783875],[-104.777749,39.783875],[-104.777751,39.783875],[-104.777752,39.783875],[-104.777754,39.783874],[-104.777755,39.783874],[-104.777757,39.783874],[-104.781438,39.78388],[-104.781441,39.78388],[-104.781442,39.783881],[-104.781444,39.783881],[-104.781445,39.783881],[-104.781447,39.783881],[-104.781448,39.783881],[-104.78145,39.783881],[-104.781451,39.783881],[-104.781453,39.783881],[-104.781454,39.783882],[-104.781456,39.783882],[-104.781458,39.783882],[-104.78146,39.783883],[-104.781461,39.783883],[-104.781463,39.783883],[-104.781464,39.783884],[-104.781466,39.783884],[-104.781467,39.783884],[-104.781469,39.783885],[-104.78147,39.783885],[-104.781471,39.783886],[-104.781473,39.783886],[-104.781474,39.783886],[-104.781476,39.783887],[-104.781477,39.783887],[-104.781479,39.783888],[-104.78148,39.783889],[-104.781481,39.783889],[-104.781483,39.78389],[-104.781484,39.78389],[-104.781485,39.783891],[-104.781487,39.783892],[-104.781488,39.783892],[-104.781489,39.783893],[-104.78149,39.783894],[-104.781492,39.783894],[-104.781493,39.783895],[-104.781494,39.783896],[-104.781495,39.783897],[-104.781496,39.783897],[-104.781498,39.783898],[-104.781499,39.783899],[-104.7815,39.7839],[-104.781501,39.783901],[-104.781502,39.783902],[-104.781503,39.783902],[-104.781504,39.783903],[-104.781505,39.783904],[-104.781506,39.783905],[-104.781507,39.783906],[-104.781508,39.783907],[-104.781509,39.783908],[-104.78151,39.783909],[-104.781511,39.78391],[-104.781512,39.783911],[-104.781513,39.783912],[-104.781513,39.783913],[-104.781514,39.783914],[-104.781515,39.783915],[-104.781516,39.783916],[-104.781517,39.783917],[-104.781517,39.783918],[-104.781518,39.783919],[-104.781519,39.78392],[-104.781519,39.783921],[-104.78152,39.783922],[-104.78152,39.783924],[-104.781521,39.783925],[-104.781522,39.783926],[-104.781522,39.783927],[-104.781523,39.783928],[-104.781523,39.783929],[-104.781523,39.78393],[-104.781524,39.783931],[-104.781524,39.783933],[-104.781525,39.783934],[-104.781525,39.783935],[-104.781525,39.783935],[-104.781509,39.788107]]],[[[-104.779866,39.780837],[-104.779861,39.781714],[-104.777755,39.781707],[-104.777741,39.781707],[-104.777727,39.781704],[-104.777714,39.7817],[-104.777702,39.781694],[-104.777692,39.781687],[-104.777683,39.781679],[-104.777676,39.78167],[-104.77767,39.78166],[-104.777667,39.781649],[-104.777666,39.781638],[-104.777666,39.781635],[-104.777682,39.778718],[-104.777682,39.778718],[-104.777819,39.77872],[-104.777883,39.778721],[-104.777909,39.778722],[-104.777968,39.778728],[-104.778019,39.778735],[-104.778073,39.778745],[-104.77813,39.778759],[-104.778185,39.778775],[-104.778224,39.778789],[-104.778266,39.778806],[-104.778294,39.778818],[-104.77833,39.778836],[-104.778355,39.778849],[-104.778377,39.778861],[-104.778401,39.778876],[-104.778422,39.778889],[-104.779743,39.779669],[-104.780066,39.780803],[-104.779866,39.780837]]],[[[-104.769493,39.820072],[-104.769462,39.821082],[-104.76946,39.821254],[-104.768669,39.821239],[-104.768684,39.819882],[-104.769498,39.819897],[-104.769493,39.820072]]],[[[-104.766877,39.786652],[-104.766843,39.786862],[-104.766964,39.787425],[-104.766774,39.787731],[-104.766637,39.787827],[-104.765983,39.787823],[-104.765978,39.787812],[-104.765972,39.787801],[-104.765966,39.787791],[-104.76596,39.78778],[-104.765953,39.78777],[-104.765946,39.787759],[-104.765939,39.787749],[-104.765932,39.787739],[-104.765925,39.787729],[-104.765917,39.787719],[-104.765909,39.787709],[-104.765901,39.7877],[-104.765893,39.78769],[-104.765884,39.78768],[-104.765875,39.787671],[-104.765866,39.787662],[-104.765857,39.787653],[-104.765848,39.787644],[-104.765838,39.787635],[-104.765829,39.787626],[-104.765819,39.787618],[-104.765808,39.787609],[-104.765798,39.787601],[-104.765788,39.787593],[-104.765777,39.787584],[-104.765766,39.787577],[-104.765755,39.787569],[-104.765744,39.787561],[-104.765732,39.787554],[-104.765721,39.787546],[-104.765709,39.787539],[-104.765697,39.787532],[-104.765685,39.787525],[-104.765673,39.787519],[-104.76566,39.787512],[-104.765648,39.787506],[-104.765635,39.7875],[-104.765622,39.787494],[-104.765609,39.787488],[-104.765596,39.787482],[-104.765583,39.787477],[-104.76557,39.787472],[-104.765556,39.787467],[-104.765543,39.787462],[-104.765529,39.787457],[-104.765515,39.787452],[-104.765501,39.787448],[-104.765488,39.787444],[-104.765473,39.78744],[-104.765459,39.787436],[-104.765445,39.787432],[-104.765431,39.787429],[-104.765416,39.787426],[-104.765402,39.787423],[-104.765388,39.78742],[-104.765373,39.787417],[-104.765358,39.787415],[-104.765344,39.787413],[-104.765329,39.78741],[-104.765314,39.787409],[-104.765299,39.787407],[-104.765284,39.787406],[-104.76527,39.787404],[-104.765255,39.787403],[-104.76524,39.787402],[-104.765225,39.787402],[-104.76521,39.787401],[-104.765191,39.787401],[-104.764588,39.787397],[-104.764587,39.787391],[-104.764587,39.787355],[-104.764589,39.787107],[-104.764589,39.787073],[-104.764591,39.787042],[-104.764593,39.787011],[-104.764595,39.786981],[-104.764599,39.78695],[-104.764603,39.78692],[-104.764608,39.786889],[-104.764613,39.786859],[-104.764619,39.786828],[-104.764626,39.786798],[-104.764634,39.786768],[-104.764642,39.786738],[-104.764651,39.786708],[-104.76466,39.786678],[-104.76467,39.786648],[-104.764681,39.786618],[-104.764693,39.786589],[-104.764705,39.78656],[-104.764718,39.786531],[-104.764732,39.786502],[-104.764746,39.786473],[-104.764761,39.786444],[-104.764776,39.786416],[-104.764792,39.786388],[-104.764809,39.78636],[-104.764826,39.786332],[-104.764844,39.786305],[-104.764863,39.786278],[-104.764882,39.786251],[-104.764902,39.786224],[-104.764923,39.786198],[-104.764944,39.786172],[-104.764965,39.786146],[-104.764988,39.78612],[-104.76501,39.786095],[-104.765034,39.78607],[-104.765058,39.786046],[-104.765082,39.786021],[-104.765107,39.785997],[-104.765133,39.785974],[-104.765159,39.785951],[-104.765185,39.785928],[-104.765212,39.785905],[-104.76524,39.785883],[-104.765268,39.785861],[-104.765297,39.78584],[-104.765326,39.785819],[-104.765355,39.785798],[-104.76537,39.78581],[-104.765412,39.785782],[-104.765442,39.785763],[-104.765473,39.785744],[-104.765504,39.785725],[-104.765536,39.785707],[-104.765568,39.785689],[-104.7656,39.785672],[-104.765633,39.785655],[-104.765666,39.785638],[-104.765689,39.785628],[-104.7657,39.785622],[-104.765734,39.785607],[-104.765768,39.785592],[-104.765803,39.785577],[-104.765838,39.785563],[-104.765873,39.785549],[-104.765909,39.785536],[-104.765944,39.785523],[-104.765981,39.785511],[-104.766017,39.785499],[-104.766054,39.785488],[-104.766091,39.785477],[-104.766128,39.785467],[-104.766165,39.785457],[-104.766203,39.785448],[-104.766241,39.785439],[-104.766279,39.785431],[-104.766302,39.785426],[-104.766302,39.785477],[-104.766302,39.785813],[-104.766523,39.785813],[-104.76652,39.786173],[-104.766854,39.786173],[-104.766854,39.786292],[-104.767218,39.786292],[-104.767218,39.786471],[-104.766877,39.786652]]],[[[-104.76564,39.772795],[-104.765609,39.772795],[-104.76536,39.772851],[-104.765023,39.772852],[-104.764808,39.772853],[-104.764804,39.772853],[-104.764757,39.772854],[-104.764594,39.772854],[-104.76438,39.772855],[-104.764165,39.772856],[-104.764141,39.772856],[-104.763959,39.772857],[-104.763951,39.772857],[-104.763957,39.772802],[-104.763689,39.772804],[-104.763513,39.772804],[-104.762792,39.772808],[-104.762493,39.772809],[-104.762241,39.772048],[-104.762241,39.772047],[-104.76224,39.772045],[-104.76224,39.772043],[-104.762239,39.772042],[-104.762238,39.77204],[-104.762238,39.772038],[-104.762237,39.772037],[-104.762237,39.772035],[-104.762236,39.772033],[-104.762235,39.772031],[-104.762235,39.77203],[-104.762234,39.772028],[-104.762234,39.772026],[-104.762233,39.772025],[-104.762232,39.772023],[-104.762232,39.772021],[-104.762231,39.77202],[-104.76223,39.772018],[-104.76223,39.772017],[-104.762229,39.772015],[-104.762228,39.772013],[-104.762227,39.772012],[-104.762227,39.77201],[-104.762226,39.772008],[-104.762225,39.772007],[-104.762224,39.772005],[-104.762224,39.772003],[-104.762223,39.772002],[-104.762222,39.772],[-104.762221,39.771998],[-104.762221,39.771997],[-104.76222,39.771995],[-104.762219,39.771994],[-104.762218,39.771992],[-104.762218,39.77199],[-104.762217,39.771989],[-104.762216,39.771987],[-104.762215,39.771985],[-104.762214,39.771984],[-104.762213,39.771982],[-104.762213,39.771981],[-104.762212,39.771979],[-104.762211,39.771977],[-104.76221,39.771976],[-104.762209,39.771974],[-104.762208,39.771973],[-104.762207,39.771971],[-104.762206,39.771969],[-104.762205,39.771968],[-104.762205,39.771966],[-104.762204,39.771965],[-104.762203,39.771963],[-104.762202,39.771961],[-104.762201,39.77196],[-104.7622,39.771958],[-104.762199,39.771957],[-104.762198,39.771955],[-104.762197,39.771954],[-104.762196,39.771952],[-104.762195,39.77195],[-104.762194,39.771949],[-104.762193,39.771947],[-104.762192,39.771946],[-104.762191,39.771944],[-104.76219,39.771943],[-104.762189,39.771941],[-104.762188,39.77194],[-104.762187,39.771938],[-104.762186,39.771936],[-104.762185,39.771935],[-104.762184,39.771933],[-104.762183,39.771932],[-104.762182,39.77193],[-104.76218,39.771929],[-104.762179,39.771927],[-104.762178,39.771926],[-104.762177,39.771924],[-104.762176,39.771923],[-104.762175,39.771921],[-104.762174,39.77192],[-104.762173,39.771918],[-104.762172,39.771917],[-104.76217,39.771915],[-104.762169,39.771914],[-104.762168,39.771912],[-104.762167,39.771911],[-104.762166,39.771909],[-104.762165,39.771908],[-104.762163,39.771906],[-104.762162,39.771905],[-104.762161,39.771903],[-104.76216,39.771902],[-104.762159,39.7719],[-104.762157,39.771899],[-104.762156,39.771897],[-104.762155,39.771896],[-104.762154,39.771895],[-104.762152,39.771893],[-104.762151,39.771892],[-104.76215,39.77189],[-104.762149,39.771889],[-104.762147,39.771887],[-104.762146,39.771886],[-104.762145,39.771884],[-104.762144,39.771883],[-104.762142,39.771882],[-104.762141,39.77188],[-104.76214,39.771879],[-104.762138,39.771877],[-104.762137,39.771876],[-104.762136,39.771875],[-104.762134,39.771873],[-104.762133,39.771872],[-104.762132,39.77187],[-104.76213,39.771869],[-104.762129,39.771868],[-104.762128,39.771866],[-104.762126,39.771865],[-104.762125,39.771863],[-104.762123,39.771862],[-104.762122,39.771861],[-104.762121,39.771859],[-104.762119,39.771858],[-104.762118,39.771857],[-104.762116,39.771855],[-104.762115,39.771854],[-104.762113,39.771853],[-104.762112,39.771851],[-104.762111,39.77185],[-104.762109,39.771849],[-104.762108,39.771847],[-104.762106,39.771846],[-104.762105,39.771845],[-104.762103,39.771843],[-104.762102,39.771842],[-104.7621,39.771841],[-104.762099,39.771839],[-104.762097,39.771838],[-104.762096,39.771837],[-104.762094,39.771835],[-104.762093,39.771834],[-104.762091,39.771833],[-104.76209,39.771832],[-104.762088,39.77183],[-104.762087,39.771829],[-104.762085,39.771828],[-104.762141,39.771737],[-104.762142,39.771735],[-104.762143,39.771734],[-104.762144,39.771732],[-104.762145,39.77173],[-104.762146,39.771729],[-104.762147,39.771727],[-104.762148,39.771725],[-104.762149,39.771724],[-104.76215,39.771722],[-104.762151,39.77172],[-104.762152,39.771719],[-104.762153,39.771717],[-104.762154,39.771715],[-104.762155,39.771714],[-104.762156,39.771712],[-104.762157,39.77171],[-104.762158,39.771709],[-104.76216,39.771707],[-104.762161,39.771706],[-104.762162,39.771704],[-104.762163,39.771702],[-104.762164,39.771701],[-104.762165,39.771699],[-104.762166,39.771697],[-104.762167,39.771696],[-104.762169,39.771694],[-104.76217,39.771693],[-104.762171,39.771691],[-104.762172,39.771689],[-104.762173,39.771688],[-104.762174,39.771686],[-104.762176,39.771684],[-104.762177,39.771683],[-104.762178,39.771681],[-104.762179,39.77168],[-104.76218,39.771678],[-104.762182,39.771677],[-104.762183,39.771675],[-104.762184,39.771673],[-104.762185,39.771672],[-104.762187,39.77167],[-104.762188,39.771669],[-104.762189,39.771667],[-104.76219,39.771666],[-104.762192,39.771664],[-104.762193,39.771662],[-104.762194,39.771661],[-104.762196,39.771659],[-104.762197,39.771658],[-104.762198,39.771656],[-104.7622,39.771655],[-104.762201,39.771653],[-104.762202,39.771652],[-104.762204,39.77165],[-104.762205,39.771649],[-104.762206,39.771647],[-104.762208,39.771646],[-104.762209,39.771644],[-104.76221,39.771643],[-104.762212,39.771641],[-104.762213,39.77164],[-104.762215,39.771638],[-104.762216,39.771637],[-104.762217,39.771635],[-104.762219,39.771634],[-104.76222,39.771632],[-104.762222,39.771631],[-104.762223,39.771629],[-104.762225,39.771628],[-104.762226,39.771626],[-104.762228,39.771625],[-104.762229,39.771623],[-104.76223,39.771622],[-104.762232,39.77162],[-104.762233,39.771619],[-104.762235,39.771618],[-104.762236,39.771616],[-104.762238,39.771615],[-104.762239,39.771613],[-104.762241,39.771612],[-104.762243,39.77161],[-104.762244,39.771609],[-104.762246,39.771608],[-104.762247,39.771606],[-104.762249,39.771605],[-104.76225,39.771603],[-104.762252,39.771602],[-104.762253,39.771601],[-104.762255,39.771599],[-104.762257,39.771598],[-104.762258,39.771596],[-104.76226,39.771595],[-104.762261,39.771594],[-104.762263,39.771592],[-104.762265,39.771591],[-104.762266,39.77159],[-104.762268,39.771588],[-104.762269,39.771587],[-104.762271,39.771586],[-104.762273,39.771584],[-104.762274,39.771583],[-104.762276,39.771582],[-104.762278,39.77158],[-104.762279,39.771579],[-104.762281,39.771578],[-104.762283,39.771576],[-104.762284,39.771575],[-104.762286,39.771574],[-104.762288,39.771572],[-104.762289,39.771571],[-104.762291,39.77157],[-104.762293,39.771569],[-104.762295,39.771567],[-104.762296,39.771566],[-104.762298,39.771565],[-104.7623,39.771563],[-104.762302,39.771562],[-104.762303,39.771561],[-104.762305,39.77156],[-104.762307,39.771558],[-104.762309,39.771557],[-104.76231,39.771556],[-104.762312,39.771555],[-104.762314,39.771553],[-104.762316,39.771552],[-104.762317,39.771551],[-104.762319,39.77155],[-104.762321,39.771549],[-104.762323,39.771547],[-104.762325,39.771546],[-104.762327,39.771545],[-104.762328,39.771544],[-104.76233,39.771543],[-104.762332,39.771541],[-104.762334,39.77154],[-104.762336,39.771539],[-104.762338,39.771538],[-104.762339,39.771537],[-104.762341,39.771536],[-104.762343,39.771534],[-104.762345,39.771533],[-104.762348,39.771535],[-104.762351,39.771536],[-104.762354,39.771537],[-104.762358,39.771538],[-104.762361,39.771539],[-104.762364,39.771541],[-104.762367,39.771542],[-104.76237,39.771543],[-104.762373,39.771544],[-104.762377,39.771545],[-104.76238,39.771547],[-104.762383,39.771548],[-104.762386,39.771549],[-104.762389,39.77155],[-104.762392,39.771551],[-104.762396,39.771553],[-104.762399,39.771554],[-104.762402,39.771555],[-104.762405,39.771556],[-104.762408,39.771557],[-104.762411,39.771559],[-104.762415,39.77156],[-104.762418,39.771561],[-104.762421,39.771562],[-104.762424,39.771563],[-104.762427,39.771564],[-104.762431,39.771566],[-104.762434,39.771567],[-104.762437,39.771568],[-104.76244,39.771569],[-104.762443,39.77157],[-104.762447,39.771571],[-104.76245,39.771572],[-104.762453,39.771574],[-104.762456,39.771575],[-104.762459,39.771576],[-104.762463,39.771577],[-104.762466,39.771578],[-104.762469,39.771579],[-104.762472,39.77158],[-104.762475,39.771581],[-104.762479,39.771583],[-104.762482,39.771584],[-104.762485,39.771585],[-104.762488,39.771586],[-104.762492,39.771587],[-104.762495,39.771588],[-104.762498,39.771589],[-104.762501,39.77159],[-104.762504,39.771591],[-104.762508,39.771592],[-104.762511,39.771593],[-104.762514,39.771595],[-104.762517,39.771596],[-104.762521,39.771597],[-104.762524,39.771598],[-104.762527,39.771599],[-104.76253,39.7716],[-104.762534,39.771601],[-104.762537,39.771602],[-104.76254,39.771603],[-104.762543,39.771604],[-104.762547,39.771605],[-104.76255,39.771606],[-104.762553,39.771607],[-104.762556,39.771608],[-104.76256,39.771609],[-104.762563,39.77161],[-104.762566,39.771611],[-104.762569,39.771612],[-104.762573,39.771613],[-104.762576,39.771614],[-104.762579,39.771615],[-104.762583,39.771616],[-104.762586,39.771617],[-104.762589,39.771618],[-104.762592,39.771619],[-104.762596,39.77162],[-104.762599,39.771621],[-104.762602,39.771622],[-104.762605,39.771623],[-104.762609,39.771624],[-104.762612,39.771625],[-104.762615,39.771626],[-104.762619,39.771627],[-104.762622,39.771628],[-104.762625,39.771629],[-104.762629,39.77163],[-104.762632,39.771631],[-104.762635,39.771632],[-104.762638,39.771633],[-104.762642,39.771634],[-104.762645,39.771635],[-104.762648,39.771636],[-104.762652,39.771637],[-104.762655,39.771638],[-104.762658,39.771639],[-104.762662,39.77164],[-104.762665,39.771641],[-104.762668,39.771642],[-104.762671,39.771643],[-104.762675,39.771644],[-104.762678,39.771645],[-104.762681,39.771645],[-104.762685,39.771646],[-104.762688,39.771647],[-104.762691,39.771648],[-104.762695,39.771649],[-104.762698,39.77165],[-104.762701,39.771651],[-104.762705,39.771652],[-104.762708,39.771653],[-104.762711,39.771654],[-104.762715,39.771654],[-104.762718,39.771655],[-104.762721,39.771656],[-104.762725,39.771657],[-104.762728,39.771658],[-104.762731,39.771659],[-104.762735,39.77166],[-104.762738,39.771661],[-104.762741,39.771662],[-104.762745,39.771662],[-104.762748,39.771663],[-104.762751,39.771664],[-104.762755,39.771665],[-104.762758,39.771666],[-104.762761,39.771667],[-104.762765,39.771667],[-104.762768,39.771668],[-104.762772,39.771669],[-104.762775,39.77167],[-104.762778,39.771671],[-104.762782,39.771672],[-104.762785,39.771672],[-104.762788,39.771673],[-104.762792,39.771674],[-104.762795,39.771675],[-104.762798,39.771676],[-104.762802,39.771677],[-104.762805,39.771677],[-104.762809,39.771678],[-104.762812,39.771679],[-104.762815,39.77168],[-104.762819,39.771681],[-104.762822,39.771681],[-104.762825,39.771682],[-104.762829,39.771683],[-104.762832,39.771684],[-104.762836,39.771684],[-104.762839,39.771685],[-104.762842,39.771686],[-104.762846,39.771687],[-104.762849,39.771688],[-104.762852,39.771688],[-104.762856,39.771689],[-104.762859,39.77169],[-104.762863,39.771691],[-104.762866,39.771691],[-104.762869,39.771692],[-104.762873,39.771693],[-104.762876,39.771694],[-104.76288,39.771694],[-104.762883,39.771695],[-104.762886,39.771696],[-104.76289,39.771696],[-104.762893,39.771697],[-104.762897,39.771698],[-104.7629,39.771699],[-104.762903,39.771699],[-104.762907,39.7717],[-104.76291,39.771701],[-104.762914,39.771701],[-104.762917,39.771702],[-104.76292,39.771703],[-104.762924,39.771704],[-104.762927,39.771704],[-104.762931,39.771705],[-104.762934,39.771706],[-104.762937,39.771706],[-104.762941,39.771707],[-104.762944,39.771708],[-104.762948,39.771708],[-104.762951,39.771709],[-104.762955,39.77171],[-104.762958,39.77171],[-104.762961,39.771711],[-104.762965,39.771712],[-104.762968,39.771712],[-104.762972,39.771713],[-104.762975,39.771714],[-104.762978,39.771714],[-104.762982,39.771715],[-104.762985,39.771716],[-104.762989,39.771716],[-104.762992,39.771717],[-104.762996,39.771717],[-104.762999,39.771718],[-104.763002,39.771719],[-104.763006,39.771719],[-104.763009,39.77172],[-104.763013,39.771721],[-104.763016,39.771721],[-104.76302,39.771722],[-104.763023,39.771722],[-104.763027,39.771723],[-104.76303,39.771724],[-104.763033,39.771724],[-104.763037,39.771725],[-104.76304,39.771725],[-104.763044,39.771726],[-104.763047,39.771727],[-104.763051,39.771727],[-104.763054,39.771728],[-104.763058,39.771728],[-104.763061,39.771729],[-104.763064,39.771729],[-104.763068,39.77173],[-104.763071,39.77173],[-104.763075,39.771731],[-104.763078,39.771732],[-104.763082,39.771732],[-104.763085,39.771733],[-104.763089,39.771733],[-104.763092,39.771734],[-104.763096,39.771734],[-104.763099,39.771735],[-104.763102,39.771735],[-104.763106,39.771736],[-104.763109,39.771736],[-104.763113,39.771737],[-104.763116,39.771737],[-104.76312,39.771738],[-104.763123,39.771738],[-104.763127,39.771739],[-104.76313,39.771739],[-104.763134,39.77174],[-104.763137,39.77174],[-104.763141,39.771741],[-104.763144,39.771741],[-104.763147,39.771742],[-104.763151,39.771742],[-104.763154,39.771743],[-104.763158,39.771743],[-104.763161,39.771744],[-104.763165,39.771744],[-104.763168,39.771745],[-104.763172,39.771745],[-104.763175,39.771746],[-104.763179,39.771746],[-104.763182,39.771747],[-104.763186,39.771747],[-104.763189,39.771748],[-104.763193,39.771748],[-104.763196,39.771748],[-104.7632,39.771749],[-104.763203,39.771749],[-104.763207,39.77175],[-104.76321,39.77175],[-104.763214,39.771751],[-104.763217,39.771751],[-104.763221,39.771751],[-104.763224,39.771752],[-104.763227,39.771752],[-104.763231,39.771753],[-104.763234,39.771753],[-104.763238,39.771753],[-104.763241,39.771754],[-104.763245,39.771754],[-104.763248,39.771755],[-104.763252,39.771755],[-104.763255,39.771755],[-104.763259,39.771756],[-104.763262,39.771756],[-104.763266,39.771757],[-104.763269,39.771757],[-104.763273,39.771757],[-104.763276,39.771758],[-104.76328,39.771758],[-104.763283,39.771758],[-104.763287,39.771759],[-104.76329,39.771759],[-104.763294,39.771759],[-104.763297,39.77176],[-104.763301,39.77176],[-104.763304,39.771761],[-104.763308,39.771761],[-104.763311,39.771761],[-104.763315,39.771762],[-104.763318,39.771762],[-104.763322,39.771762],[-104.763325,39.771762],[-104.763329,39.771763],[-104.763332,39.771763],[-104.763336,39.771763],[-104.763339,39.771764],[-104.763343,39.771764],[-104.763346,39.771764],[-104.76335,39.771765],[-104.763353,39.771765],[-104.763357,39.771765],[-104.76336,39.771766],[-104.763364,39.771766],[-104.763367,39.771766],[-104.763371,39.771766],[-104.763374,39.771767],[-104.763378,39.771767],[-104.763381,39.771767],[-104.763385,39.771767],[-104.763388,39.771768],[-104.763392,39.771768],[-104.763395,39.771768],[-104.763399,39.771768],[-104.763402,39.771769],[-104.763406,39.771769],[-104.76341,39.771769],[-104.763413,39.771769],[-104.763417,39.77177],[-104.76342,39.77177],[-104.763424,39.77177],[-104.763427,39.77177],[-104.763431,39.771771],[-104.763434,39.771771],[-104.763438,39.771771],[-104.763441,39.771771],[-104.763445,39.771771],[-104.763448,39.771772],[-104.763452,39.771772],[-104.763455,39.771772],[-104.763459,39.771772],[-104.763462,39.771772],[-104.763466,39.771773],[-104.763469,39.771773],[-104.763473,39.771773],[-104.763476,39.771773],[-104.76348,39.771773],[-104.763483,39.771774],[-104.763487,39.771774],[-104.76349,39.771774],[-104.763494,39.771774],[-104.763497,39.771774],[-104.763501,39.771774],[-104.763504,39.771775],[-104.763508,39.771775],[-104.763511,39.771775],[-104.763515,39.771775],[-104.763519,39.771775],[-104.763522,39.771775],[-104.763526,39.771775],[-104.763529,39.771776],[-104.763533,39.771776],[-104.763536,39.771776],[-104.76354,39.771776],[-104.763543,39.771776],[-104.763547,39.771776],[-104.76355,39.771776],[-104.763554,39.771776],[-104.763557,39.771776],[-104.763561,39.771777],[-104.763564,39.771777],[-104.763568,39.771777],[-104.763571,39.771777],[-104.763575,39.771777],[-104.763578,39.771777],[-104.763582,39.771777],[-104.763585,39.771777],[-104.763589,39.771777],[-104.763593,39.771777],[-104.763596,39.771777],[-104.7636,39.771777],[-104.763603,39.771778],[-104.763607,39.771778],[-104.76361,39.771778],[-104.763614,39.771778],[-104.763617,39.771778],[-104.763621,39.771778],[-104.763624,39.771778],[-104.763628,39.771778],[-104.763631,39.771778],[-104.763635,39.771778],[-104.763638,39.771778],[-104.763642,39.771778],[-104.763645,39.771778],[-104.763649,39.771778],[-104.763652,39.771778],[-104.763656,39.771778],[-104.76366,39.771778],[-104.763663,39.771778],[-104.763667,39.771778],[-104.76367,39.771778],[-104.763674,39.771778],[-104.763677,39.771778],[-104.763681,39.771778],[-104.763684,39.771778],[-104.763688,39.771778],[-104.763691,39.771778],[-104.765605,39.771759],[-104.765608,39.771759],[-104.765612,39.771759],[-104.765615,39.771759],[-104.765619,39.771759],[-104.765622,39.771759],[-104.765626,39.771759],[-104.765629,39.771759],[-104.765633,39.771759],[-104.765636,39.771759],[-104.76564,39.771759],[-104.765643,39.771758],[-104.765647,39.771758],[-104.76565,39.771758],[-104.765654,39.771758],[-104.765658,39.771758],[-104.765661,39.771758],[-104.765665,39.771758],[-104.765668,39.771759],[-104.765672,39.771759],[-104.765675,39.771759],[-104.765679,39.771759],[-104.765682,39.771759],[-104.765686,39.771759],[-104.765689,39.771759],[-104.765693,39.771759],[-104.765696,39.771759],[-104.7657,39.771759],[-104.765703,39.771759],[-104.765707,39.771759],[-104.76571,39.771759],[-104.765714,39.77176],[-104.765717,39.77176],[-104.765721,39.77176],[-104.765724,39.77176],[-104.765728,39.77176],[-104.765731,39.77176],[-104.765735,39.771761],[-104.765738,39.771761],[-104.765742,39.771761],[-104.765745,39.771761],[-104.765749,39.771761],[-104.765752,39.771762],[-104.765756,39.771762],[-104.765759,39.771762],[-104.765763,39.771762],[-104.765766,39.771762],[-104.76577,39.771763],[-104.765773,39.771763],[-104.765777,39.771763],[-104.76578,39.771764],[-104.765784,39.771764],[-104.765787,39.771764],[-104.765791,39.771764],[-104.765794,39.771765],[-104.765798,39.771765],[-104.765801,39.771765],[-104.765805,39.771766],[-104.765808,39.771766],[-104.765812,39.771766],[-104.765815,39.771767],[-104.765819,39.771767],[-104.765822,39.771767],[-104.765826,39.771768],[-104.765829,39.771768],[-104.765833,39.771769],[-104.765836,39.771769],[-104.76584,39.771769],[-104.765843,39.77177],[-104.765847,39.77177],[-104.76585,39.771771],[-104.765853,39.771771],[-104.765857,39.771772],[-104.76586,39.771772],[-104.765864,39.771772],[-104.765867,39.771773],[-104.765871,39.771773],[-104.765874,39.771774],[-104.765878,39.771774],[-104.765881,39.771775],[-104.765885,39.771775],[-104.765888,39.771776],[-104.765892,39.771776],[-104.765895,39.771777],[-104.765898,39.771777],[-104.765902,39.771778],[-104.765905,39.771779],[-104.765909,39.771779],[-104.765912,39.77178],[-104.765916,39.77178],[-104.765919,39.771781],[-104.765922,39.771781],[-104.765926,39.771782],[-104.765929,39.771783],[-104.765933,39.771783],[-104.765936,39.771784],[-104.76594,39.771784],[-104.765943,39.771785],[-104.765946,39.771786],[-104.76595,39.771786],[-104.765953,39.771787],[-104.765957,39.771788],[-104.76596,39.771788],[-104.765963,39.771789],[-104.765967,39.77179],[-104.76597,39.77179],[-104.765974,39.771791],[-104.765977,39.771792],[-104.76598,39.771793],[-104.765984,39.771793],[-104.765987,39.771794],[-104.765991,39.771795],[-104.765994,39.771796],[-104.765997,39.771796],[-104.766001,39.771797],[-104.766004,39.771798],[-104.766007,39.771799],[-104.766011,39.771799],[-104.766014,39.7718],[-104.766018,39.771801],[-104.766021,39.771802],[-104.766024,39.771803],[-104.766028,39.771803],[-104.766031,39.771804],[-104.766034,39.771805],[-104.766038,39.771806],[-104.766041,39.771807],[-104.766044,39.771808],[-104.766048,39.771809],[-104.766051,39.771809],[-104.766054,39.77181],[-104.766058,39.771811],[-104.766061,39.771812],[-104.766064,39.771813],[-104.766068,39.771814],[-104.766071,39.771815],[-104.766074,39.771816],[-104.766077,39.771817],[-104.766081,39.771818],[-104.766084,39.771819],[-104.766087,39.77182],[-104.766091,39.77182],[-104.766094,39.771821],[-104.766097,39.771822],[-104.766101,39.771823],[-104.766103,39.771824],[-104.76564,39.772795]]],[[[-104.763052,39.781554],[-104.762731,39.781555],[-104.762156,39.781557],[-104.761939,39.781558],[-104.761617,39.781558],[-104.761307,39.781559],[-104.761306,39.781832],[-104.761305,39.781915],[-104.761305,39.782079],[-104.761304,39.782202],[-104.761303,39.782511],[-104.761293,39.782514],[-104.761282,39.782518],[-104.761271,39.782521],[-104.76126,39.782525],[-104.761249,39.782529],[-104.761238,39.782533],[-104.76122,39.78254],[-104.761131,39.782577],[-104.761129,39.782578],[-104.761127,39.782578],[-104.761126,39.782579],[-104.761125,39.782579],[-104.761123,39.78258],[-104.761122,39.78258],[-104.76112,39.782581],[-104.761119,39.782581],[-104.761117,39.782581],[-104.761116,39.782582],[-104.761114,39.782582],[-104.761113,39.782583],[-104.761111,39.782583],[-104.76111,39.782583],[-104.761108,39.782583],[-104.761107,39.782584],[-104.761105,39.782584],[-104.761104,39.782584],[-104.761102,39.782584],[-104.761101,39.782585],[-104.761099,39.782585],[-104.761098,39.782585],[-104.761096,39.782585],[-104.761095,39.782585],[-104.761093,39.782585],[-104.761092,39.782585],[-104.76109,39.782585],[-104.761088,39.782585],[-104.761087,39.782585],[-104.761085,39.782585],[-104.761084,39.782585],[-104.761082,39.782585],[-104.761081,39.782585],[-104.761079,39.782585],[-104.761078,39.782585],[-104.761076,39.782584],[-104.761075,39.782584],[-104.761073,39.782584],[-104.761072,39.782584],[-104.76107,39.782584],[-104.761068,39.782583],[-104.761067,39.782583],[-104.761065,39.782583],[-104.761064,39.782582],[-104.761062,39.782582],[-104.761061,39.782582],[-104.76106,39.782581],[-104.761058,39.782581],[-104.761057,39.782581],[-104.761055,39.78258],[-104.761054,39.78258],[-104.761052,39.782579],[-104.761051,39.782579],[-104.76105,39.782578],[-104.761048,39.782578],[-104.761047,39.782577],[-104.761045,39.782576],[-104.76104,39.782574],[-104.76104,39.782574],[-104.761038,39.782572],[-104.761036,39.782569],[-104.761034,39.782567],[-104.761032,39.782565],[-104.76103,39.782562],[-104.761028,39.78256],[-104.761026,39.782558],[-104.761024,39.782556],[-104.761022,39.782553],[-104.76102,39.782551],[-104.761018,39.782549],[-104.761016,39.782547],[-104.761014,39.782544],[-104.761012,39.782542],[-104.76101,39.78254],[-104.761008,39.782538],[-104.761006,39.782535],[-104.761004,39.782533],[-104.761002,39.782531],[-104.761,39.782529],[-104.760998,39.782526],[-104.760996,39.782524],[-104.760994,39.782522],[-104.760991,39.78252],[-104.760989,39.782518],[-104.760987,39.782515],[-104.760985,39.782513],[-104.760983,39.782511],[-104.760981,39.782509],[-104.760979,39.782507],[-104.760977,39.782504],[-104.760974,39.782502],[-104.760972,39.7825],[-104.76097,39.782498],[-104.760968,39.782496],[-104.760966,39.782493],[-104.760964,39.782491],[-104.760961,39.782489],[-104.760959,39.782487],[-104.760957,39.782485],[-104.760955,39.782483],[-104.760953,39.782481],[-104.76095,39.782478],[-104.760948,39.782476],[-104.760946,39.782474],[-104.760944,39.782472],[-104.760942,39.78247],[-104.760939,39.782468],[-104.760937,39.782466],[-104.760935,39.782463],[-104.760933,39.782461],[-104.76093,39.782459],[-104.760928,39.782457],[-104.760926,39.782455],[-104.760923,39.782453],[-104.760921,39.782451],[-104.760919,39.782449],[-104.760917,39.782447],[-104.760914,39.782445],[-104.760912,39.782443],[-104.76091,39.78244],[-104.760907,39.782438],[-104.760905,39.782436],[-104.760903,39.782434],[-104.7609,39.782432],[-104.760898,39.78243],[-104.760896,39.782428],[-104.760893,39.782426],[-104.760891,39.782424],[-104.760889,39.782422],[-104.760886,39.78242],[-104.760884,39.782418],[-104.760881,39.782416],[-104.760879,39.782414],[-104.760877,39.782412],[-104.760874,39.78241],[-104.760872,39.782408],[-104.760869,39.782406],[-104.760867,39.782404],[-104.760864,39.782402],[-104.760862,39.7824],[-104.76086,39.782398],[-104.760857,39.782396],[-104.760855,39.782394],[-104.760852,39.782392],[-104.76085,39.78239],[-104.760847,39.782388],[-104.760845,39.782386],[-104.760842,39.782384],[-104.76084,39.782382],[-104.760837,39.78238],[-104.760835,39.782378],[-104.760832,39.782376],[-104.76083,39.782374],[-104.760827,39.782372],[-104.760825,39.78237],[-104.760822,39.782368],[-104.76082,39.782367],[-104.760817,39.782365],[-104.760815,39.782363],[-104.760812,39.782361],[-104.76081,39.782359],[-104.760807,39.782357],[-104.760804,39.782355],[-104.760802,39.782353],[-104.760799,39.782351],[-104.760797,39.782349],[-104.760794,39.782348],[-104.760791,39.782346],[-104.760789,39.782344],[-104.760786,39.782342],[-104.760784,39.78234],[-104.760781,39.782338],[-104.760778,39.782336],[-104.760776,39.782335],[-104.760773,39.782333],[-104.760771,39.782331],[-104.760768,39.782329],[-104.760765,39.782327],[-104.760763,39.782325],[-104.76076,39.782324],[-104.760757,39.782322],[-104.760755,39.78232],[-104.760752,39.782318],[-104.760749,39.782316],[-104.760747,39.782314],[-104.760744,39.782313],[-104.760741,39.782311],[-104.760739,39.782309],[-104.760736,39.782307],[-104.760733,39.782306],[-104.76073,39.782304],[-104.760728,39.782302],[-104.760725,39.7823],[-104.760722,39.782299],[-104.760719,39.782297],[-104.760717,39.782295],[-104.760714,39.782293],[-104.760711,39.782292],[-104.760709,39.78229],[-104.760706,39.782288],[-104.759928,39.781809],[-104.759925,39.781808],[-104.759922,39.781806],[-104.759919,39.781804],[-104.759917,39.781802],[-104.759914,39.781801],[-104.759911,39.781799],[-104.759908,39.781797],[-104.759905,39.781795],[-104.759902,39.781794],[-104.7599,39.781792],[-104.759897,39.78179],[-104.759894,39.781788],[-104.759891,39.781787],[-104.759888,39.781785],[-104.759886,39.781783],[-104.759883,39.781781],[-104.75988,39.781779],[-104.759877,39.781778],[-104.759875,39.781776],[-104.759872,39.781774],[-104.759869,39.781772],[-104.759866,39.78177],[-104.759863,39.781769],[-104.759861,39.781767],[-104.759858,39.781765],[-104.759855,39.781763],[-104.759852,39.781761],[-104.75985,39.781759],[-104.759847,39.781758],[-104.759844,39.781756],[-104.759842,39.781754],[-104.759839,39.781752],[-104.759836,39.78175],[-104.759833,39.781748],[-104.759831,39.781747],[-104.759828,39.781745],[-104.759825,39.781743],[-104.759823,39.781741],[-104.75982,39.781739],[-104.759817,39.781737],[-104.759815,39.781735],[-104.759812,39.781733],[-104.759809,39.781732],[-104.759807,39.78173],[-104.759804,39.781728],[-104.759801,39.781726],[-104.759799,39.781724],[-104.759796,39.781722],[-104.759793,39.78172],[-104.759791,39.781718],[-104.759788,39.781716],[-104.759785,39.781714],[-104.759783,39.781712],[-104.75978,39.781711],[-104.759778,39.781709],[-104.759775,39.781707],[-104.759772,39.781705],[-104.75977,39.781703],[-104.759767,39.781701],[-104.759765,39.781699],[-104.759762,39.781697],[-104.759759,39.781695],[-104.759757,39.781693],[-104.759754,39.781691],[-104.759752,39.781689],[-104.759749,39.781687],[-104.759747,39.781685],[-104.759744,39.781683],[-104.759741,39.781681],[-104.759739,39.781679],[-104.759736,39.781677],[-104.759734,39.781675],[-104.759731,39.781673],[-104.759729,39.781671],[-104.759726,39.781669],[-104.759724,39.781667],[-104.759721,39.781665],[-104.759719,39.781663],[-104.759716,39.781661],[-104.759714,39.781659],[-104.759711,39.781657],[-104.759709,39.781655],[-104.759706,39.781653],[-104.759704,39.781651],[-104.759701,39.781649],[-104.759699,39.781647],[-104.759696,39.781645],[-104.759694,39.781643],[-104.759691,39.781641],[-104.759689,39.781639],[-104.759687,39.781637],[-104.759684,39.781635],[-104.759682,39.781632],[-104.759679,39.78163],[-104.759677,39.781628],[-104.759674,39.781626],[-104.759672,39.781624],[-104.75967,39.781622],[-104.759667,39.78162],[-104.759665,39.781618],[-104.759662,39.781616],[-104.75966,39.781614],[-104.759658,39.781612],[-104.759655,39.781609],[-104.759653,39.781607],[-104.759651,39.781605],[-104.759648,39.781603],[-104.759646,39.781601],[-104.759643,39.781599],[-104.759641,39.781597],[-104.759639,39.781595],[-104.759636,39.781593],[-104.759634,39.78159],[-104.759632,39.781588],[-104.759629,39.781586],[-104.759627,39.781584],[-104.759625,39.781582],[-104.759623,39.78158],[-104.75962,39.781577],[-104.759618,39.781575],[-104.759616,39.781573],[-104.759613,39.781571],[-104.759611,39.781569],[-104.759609,39.781567],[-104.759607,39.781564],[-104.759606,39.781564],[-104.759604,39.781562],[-104.759602,39.78156],[-104.7596,39.781558],[-104.759597,39.781556],[-104.759595,39.781554],[-104.759593,39.781551],[-104.759591,39.781549],[-104.759589,39.781547],[-104.759586,39.781545],[-104.759584,39.781543],[-104.759582,39.78154],[-104.75958,39.781538],[-104.759577,39.781536],[-104.759575,39.781534],[-104.759573,39.781531],[-104.759571,39.781529],[-104.759569,39.781527],[-104.759567,39.781525],[-104.759564,39.781523],[-104.759562,39.78152],[-104.75956,39.781518],[-104.759558,39.781516],[-104.759556,39.781514],[-104.759554,39.781511],[-104.759551,39.781509],[-104.759549,39.781507],[-104.759547,39.781505],[-104.759545,39.781502],[-104.759543,39.7815],[-104.759541,39.781498],[-104.759539,39.781495],[-104.759537,39.781493],[-104.759535,39.781491],[-104.759532,39.781489],[-104.75953,39.781486],[-104.759528,39.781484],[-104.759526,39.781482],[-104.759524,39.781479],[-104.759522,39.781477],[-104.75952,39.781475],[-104.759518,39.781473],[-104.759516,39.78147],[-104.759514,39.781468],[-104.759512,39.781466],[-104.75951,39.781463],[-104.759508,39.781461],[-104.759506,39.781459],[-104.759504,39.781456],[-104.759502,39.781454],[-104.7595,39.781452],[-104.759498,39.781449],[-104.759496,39.781447],[-104.759494,39.781445],[-104.759492,39.781442],[-104.75949,39.78144],[-104.759488,39.781438],[-104.759486,39.781435],[-104.759484,39.781433],[-104.759482,39.781431],[-104.75948,39.781428],[-104.759478,39.781426],[-104.759476,39.781424],[-104.759474,39.781421],[-104.759472,39.781419],[-104.75947,39.781416],[-104.759468,39.781414],[-104.759467,39.781412],[-104.759465,39.781409],[-104.759463,39.781407],[-104.759461,39.781405],[-104.759459,39.781402],[-104.759457,39.7814],[-104.759455,39.781397],[-104.759453,39.781395],[-104.759452,39.781393],[-104.75945,39.78139],[-104.759448,39.781388],[-104.759446,39.781385],[-104.759444,39.781383],[-104.759442,39.781381],[-104.75944,39.781378],[-104.759439,39.781376],[-104.759437,39.781373],[-104.759435,39.781371],[-104.759433,39.781368],[-104.759431,39.781366],[-104.75943,39.781364],[-104.759428,39.781361],[-104.759426,39.781359],[-104.759424,39.781356],[-104.759423,39.781354],[-104.759421,39.781351],[-104.759419,39.781349],[-104.759417,39.781347],[-104.759416,39.781344],[-104.759414,39.781342],[-104.759412,39.781339],[-104.75941,39.781337],[-104.759409,39.781334],[-104.759407,39.781332],[-104.759405,39.781329],[-104.759403,39.781327],[-104.759402,39.781324],[-104.7594,39.781322],[-104.759398,39.78132],[-104.759397,39.781317],[-104.759395,39.781315],[-104.759393,39.781312],[-104.759392,39.78131],[-104.75939,39.781307],[-104.759388,39.781305],[-104.759387,39.781302],[-104.759385,39.7813],[-104.759383,39.781297],[-104.759382,39.781295],[-104.75938,39.781292],[-104.759379,39.78129],[-104.759377,39.781287],[-104.759375,39.781285],[-104.759374,39.781282],[-104.759372,39.78128],[-104.759371,39.781277],[-104.759369,39.781275],[-104.759367,39.781272],[-104.759366,39.78127],[-104.759364,39.781267],[-104.759363,39.781265],[-104.759361,39.781262],[-104.75936,39.781259],[-104.759358,39.781257],[-104.759357,39.781254],[-104.759355,39.781252],[-104.759354,39.781249],[-104.759352,39.781247],[-104.759351,39.781244],[-104.759349,39.781242],[-104.759348,39.781239],[-104.759346,39.781237],[-104.759345,39.781234],[-104.759343,39.781232],[-104.759342,39.781229],[-104.75934,39.781226],[-104.759339,39.781224],[-104.759337,39.781221],[-104.759336,39.781219],[-104.759334,39.781216],[-104.759333,39.781214],[-104.759332,39.781211],[-104.75933,39.781208],[-104.759329,39.781206],[-104.759327,39.781203],[-104.759326,39.781201],[-104.759324,39.781198],[-104.759323,39.781196],[-104.759322,39.781193],[-104.75932,39.78119],[-104.759319,39.781188],[-104.759318,39.781185],[-104.759316,39.781183],[-104.759315,39.78118],[-104.759314,39.781177],[-104.759312,39.781175],[-104.759311,39.781172],[-104.75931,39.78117],[-104.759308,39.781167],[-104.759307,39.781164],[-104.759306,39.781162],[-104.759304,39.781159],[-104.759303,39.781157],[-104.759302,39.781154],[-104.7593,39.781151],[-104.759299,39.781149],[-104.759298,39.781146],[-104.759297,39.781144],[-104.759295,39.781141],[-104.759294,39.781138],[-104.759293,39.781136],[-104.759292,39.781133],[-104.75929,39.78113],[-104.759289,39.781128],[-104.759288,39.781125],[-104.759287,39.781123],[-104.759285,39.78112],[-104.759284,39.781117],[-104.759283,39.781115],[-104.759282,39.781112],[-104.759281,39.781109],[-104.75928,39.781107],[-104.759278,39.781104],[-104.759277,39.781101],[-104.759276,39.781099],[-104.759275,39.781096],[-104.759274,39.781094],[-104.759273,39.781091],[-104.759271,39.781088],[-104.75927,39.781086],[-104.759269,39.781083],[-104.759268,39.78108],[-104.759267,39.781078],[-104.759266,39.781075],[-104.759265,39.781072],[-104.759264,39.78107],[-104.759263,39.781067],[-104.759261,39.781064],[-104.75926,39.781062],[-104.759259,39.781059],[-104.759258,39.781056],[-104.759257,39.781054],[-104.759256,39.781051],[-104.759255,39.781048],[-104.759254,39.781046],[-104.759253,39.781043],[-104.759252,39.78104],[-104.759251,39.781038],[-104.75925,39.781035],[-104.759249,39.781032],[-104.759248,39.781029],[-104.759247,39.781027],[-104.759246,39.781024],[-104.759245,39.781021],[-104.759244,39.781019],[-104.759243,39.781016],[-104.759242,39.781013],[-104.759241,39.781011],[-104.75924,39.781008],[-104.759239,39.781005],[-104.759238,39.781003],[-104.759238,39.781],[-104.759237,39.780997],[-104.759236,39.780994],[-104.759235,39.780992],[-104.759234,39.780989],[-104.759233,39.780986],[-104.759232,39.780984],[-104.759231,39.780981],[-104.75923,39.780978],[-104.75923,39.780975],[-104.759229,39.780973],[-104.759228,39.78097],[-104.759227,39.780967],[-104.759226,39.780965],[-104.759225,39.780962],[-104.759224,39.780959],[-104.759224,39.780956],[-104.759223,39.780954],[-104.759222,39.780951],[-104.759221,39.780948],[-104.75922,39.780946],[-104.75922,39.780943],[-104.759219,39.78094],[-104.759218,39.780937],[-104.759217,39.780935],[-104.759217,39.780932],[-104.759216,39.780929],[-104.759215,39.780926],[-104.759214,39.780924],[-104.759214,39.780921],[-104.759213,39.780918],[-104.759212,39.780915],[-104.759211,39.780913],[-104.759211,39.78091],[-104.75921,39.780907],[-104.759209,39.780905],[-104.759209,39.780902],[-104.759208,39.780899],[-104.759207,39.780896],[-104.759207,39.780894],[-104.759206,39.780891],[-104.759205,39.780888],[-104.759205,39.780885],[-104.759204,39.780883],[-104.759203,39.78088],[-104.759203,39.780877],[-104.759202,39.780874],[-104.759201,39.780872],[-104.759201,39.780869],[-104.7592,39.780866],[-104.7592,39.780863],[-104.759199,39.780861],[-104.759198,39.780858],[-104.759198,39.780855],[-104.759197,39.780852],[-104.759197,39.78085],[-104.759196,39.780847],[-104.759196,39.780844],[-104.759195,39.780841],[-104.759195,39.780838],[-104.759194,39.780836],[-104.759193,39.780833],[-104.759193,39.78083],[-104.759192,39.780827],[-104.759192,39.780825],[-104.759191,39.780822],[-104.759191,39.780819],[-104.75919,39.780816],[-104.75919,39.780814],[-104.75919,39.780811],[-104.759189,39.780808],[-104.759189,39.780805],[-104.759188,39.780802],[-104.759188,39.7808],[-104.759187,39.780797],[-104.759187,39.780794],[-104.759186,39.780791],[-104.759186,39.780789],[-104.759186,39.780786],[-104.759185,39.780783],[-104.759185,39.78078],[-104.759184,39.780778],[-104.759184,39.780775],[-104.759184,39.780772],[-104.759183,39.780769],[-104.759183,39.780766],[-104.759182,39.780764],[-104.759182,39.780761],[-104.759182,39.780758],[-104.759181,39.780755],[-104.759181,39.780752],[-104.759181,39.78075],[-104.75918,39.780747],[-104.75918,39.780744],[-104.75918,39.780741],[-104.75918,39.780739],[-104.759179,39.780736],[-104.759179,39.780733],[-104.759179,39.78073],[-104.759178,39.780727],[-104.759178,39.780725],[-104.759178,39.780722],[-104.759178,39.780719],[-104.759177,39.780716],[-104.759177,39.780713],[-104.759177,39.780711],[-104.759177,39.780708],[-104.759176,39.780705],[-104.759176,39.780702],[-104.759176,39.7807],[-104.759176,39.780697],[-104.759176,39.780694],[-104.759175,39.780691],[-104.759175,39.780688],[-104.759175,39.780686],[-104.759175,39.780683],[-104.759175,39.78068],[-104.759175,39.780677],[-104.759174,39.780674],[-104.759174,39.780672],[-104.759174,39.780669],[-104.759174,39.780666],[-104.759174,39.780663],[-104.759174,39.78066],[-104.759174,39.780658],[-104.759174,39.780655],[-104.759174,39.780652],[-104.759173,39.780649],[-104.759173,39.780647],[-104.759173,39.780644],[-104.759173,39.780641],[-104.759173,39.780638],[-104.759173,39.780635],[-104.759173,39.780633],[-104.759173,39.78063],[-104.759173,39.780627],[-104.759173,39.780624],[-104.759173,39.780621],[-104.759173,39.780619],[-104.759173,39.780616],[-104.759173,39.780613],[-104.759173,39.78061],[-104.759173,39.780607],[-104.759173,39.780605],[-104.759173,39.780602],[-104.759173,39.780599],[-104.75917,39.780198],[-104.75917,39.780198],[-104.75917,39.780197],[-104.75917,39.780196],[-104.75917,39.780195],[-104.75917,39.780194],[-104.75917,39.780194],[-104.75917,39.780193],[-104.75917,39.780192],[-104.75917,39.780191],[-104.75917,39.78019],[-104.75917,39.780189],[-104.75917,39.780189],[-104.75917,39.780188],[-104.75917,39.780187],[-104.75917,39.780186],[-104.759171,39.780185],[-104.759171,39.780184],[-104.759171,39.780184],[-104.759171,39.780183],[-104.759171,39.780182],[-104.759172,39.780181],[-104.759172,39.78018],[-104.759172,39.78018],[-104.759173,39.780179],[-104.759173,39.780178],[-104.759173,39.780177],[-104.759174,39.780176],[-104.759174,39.780176],[-104.759174,39.780175],[-104.759175,39.780174],[-104.759175,39.780173],[-104.759176,39.780173],[-104.759176,39.780172],[-104.759177,39.780171],[-104.759177,39.78017],[-104.759178,39.78017],[-104.759178,39.780169],[-104.759179,39.780168],[-104.759179,39.780167],[-104.75918,39.780167],[-104.759181,39.780166],[-104.759181,39.780165],[-104.759182,39.780165],[-104.759182,39.780164],[-104.759183,39.780163],[-104.759184,39.780163],[-104.759184,39.780162],[-104.759185,39.780161],[-104.759186,39.780161],[-104.759187,39.78016],[-104.759187,39.78016],[-104.759188,39.780159],[-104.759189,39.780158],[-104.75919,39.780158],[-104.75919,39.780157],[-104.759191,39.780157],[-104.759192,39.780156],[-104.759193,39.780156],[-104.759194,39.780155],[-104.759195,39.780155],[-104.759196,39.780154],[-104.759196,39.780154],[-104.759197,39.780153],[-104.759198,39.780153],[-104.759199,39.780152],[-104.7592,39.780152],[-104.759201,39.780152],[-104.759202,39.780151],[-104.759203,39.780151],[-104.759204,39.78015],[-104.759205,39.78015],[-104.759206,39.78015],[-104.759207,39.780149],[-104.759208,39.780149],[-104.759209,39.780149],[-104.75921,39.780148],[-104.759211,39.780148],[-104.759212,39.780148],[-104.759213,39.780148],[-104.759214,39.780147],[-104.759215,39.780147],[-104.759216,39.780147],[-104.759217,39.780147],[-104.759218,39.780146],[-104.759219,39.780146],[-104.76226,39.780102],[-104.762263,39.780102],[-104.762266,39.780101],[-104.76227,39.780101],[-104.762273,39.780101],[-104.762276,39.780101],[-104.76228,39.780101],[-104.762283,39.780101],[-104.762287,39.780101],[-104.76229,39.780101],[-104.762293,39.780101],[-104.762297,39.780101],[-104.7623,39.780101],[-104.762304,39.780101],[-104.762307,39.780102],[-104.76231,39.780102],[-104.762314,39.780102],[-104.762317,39.780102],[-104.76232,39.780102],[-104.762324,39.780102],[-104.762327,39.780103],[-104.762331,39.780103],[-104.762334,39.780103],[-104.762337,39.780104],[-104.762341,39.780104],[-104.762344,39.780104],[-104.762347,39.780105],[-104.762351,39.780105],[-104.762354,39.780105],[-104.762357,39.780106],[-104.762361,39.780106],[-104.762364,39.780107],[-104.762367,39.780107],[-104.762371,39.780108],[-104.762374,39.780108],[-104.762377,39.780109],[-104.762381,39.780109],[-104.762384,39.78011],[-104.762387,39.780111],[-104.76239,39.780111],[-104.762394,39.780112],[-104.762397,39.780113],[-104.7624,39.780113],[-104.762404,39.780114],[-104.762407,39.780115],[-104.76241,39.780115],[-104.762413,39.780116],[-104.762417,39.780117],[-104.76242,39.780118],[-104.762423,39.780119],[-104.762426,39.780119],[-104.762429,39.78012],[-104.762433,39.780121],[-104.762436,39.780122],[-104.762439,39.780123],[-104.762442,39.780124],[-104.762445,39.780125],[-104.762448,39.780126],[-104.762451,39.780127],[-104.762455,39.780128],[-104.762458,39.780129],[-104.762461,39.78013],[-104.762464,39.780131],[-104.762467,39.780132],[-104.76247,39.780133],[-104.762473,39.780134],[-104.762476,39.780135],[-104.762479,39.780137],[-104.762482,39.780138],[-104.762485,39.780139],[-104.762488,39.78014],[-104.762491,39.780141],[-104.762494,39.780143],[-104.762497,39.780144],[-104.7625,39.780145],[-104.762503,39.780147],[-104.762506,39.780148],[-104.762509,39.780149],[-104.762512,39.780151],[-104.762515,39.780152],[-104.762517,39.780153],[-104.76252,39.780155],[-104.762523,39.780156],[-104.762526,39.780158],[-104.762529,39.780159],[-104.762532,39.780161],[-104.762534,39.780162],[-104.762537,39.780164],[-104.76254,39.780165],[-104.762543,39.780167],[-104.762545,39.780168],[-104.762548,39.78017],[-104.762551,39.780171],[-104.762553,39.780173],[-104.762556,39.780175],[-104.762559,39.780176],[-104.762561,39.780178],[-104.762564,39.78018],[-104.762566,39.780181],[-104.762569,39.780183],[-104.762572,39.780185],[-104.762574,39.780186],[-104.762577,39.780188],[-104.762579,39.78019],[-104.762582,39.780192],[-104.762584,39.780193],[-104.762586,39.780195],[-104.762589,39.780197],[-104.762591,39.780199],[-104.762594,39.780201],[-104.762596,39.780203],[-104.762598,39.780205],[-104.762601,39.780206],[-104.762603,39.780208],[-104.762605,39.78021],[-104.762608,39.780212],[-104.76261,39.780214],[-104.762612,39.780216],[-104.762614,39.780218],[-104.762616,39.78022],[-104.762619,39.780222],[-104.762621,39.780224],[-104.762623,39.780226],[-104.762625,39.780228],[-104.762627,39.78023],[-104.762629,39.780232],[-104.762631,39.780234],[-104.762633,39.780237],[-104.762635,39.780239],[-104.762637,39.780241],[-104.762639,39.780243],[-104.762641,39.780245],[-104.762643,39.780247],[-104.762645,39.780249],[-104.762647,39.780251],[-104.762649,39.780254],[-104.762651,39.780256],[-104.762652,39.780258],[-104.762654,39.78026],[-104.762656,39.780263],[-104.762658,39.780265],[-104.762659,39.780267],[-104.762661,39.780269],[-104.762663,39.780272],[-104.762664,39.780274],[-104.762666,39.780276],[-104.762668,39.780278],[-104.762669,39.780281],[-104.762671,39.780283],[-104.762672,39.780285],[-104.762674,39.780288],[-104.762675,39.78029],[-104.762677,39.780292],[-104.762678,39.780295],[-104.76268,39.780297],[-104.762681,39.7803],[-104.762682,39.780302],[-104.762684,39.780304],[-104.762685,39.780307],[-104.762686,39.780309],[-104.762688,39.780312],[-104.762689,39.780314],[-104.76269,39.780316],[-104.762691,39.780319],[-104.763017,39.780957],[-104.763018,39.780959],[-104.763018,39.78096],[-104.763019,39.780961],[-104.76302,39.780963],[-104.76302,39.780964],[-104.763021,39.780965],[-104.763022,39.780967],[-104.763022,39.780968],[-104.763023,39.78097],[-104.763024,39.780971],[-104.763024,39.780972],[-104.763025,39.780974],[-104.763026,39.780975],[-104.763026,39.780977],[-104.763027,39.780978],[-104.763028,39.780979],[-104.763028,39.780981],[-104.763029,39.780982],[-104.763029,39.780984],[-104.76303,39.780985],[-104.763031,39.780986],[-104.763031,39.780988],[-104.763032,39.780989],[-104.763032,39.780991],[-104.763033,39.780992],[-104.763033,39.780993],[-104.763034,39.780995],[-104.763034,39.780996],[-104.763035,39.780998],[-104.763036,39.780999],[-104.763036,39.781],[-104.763037,39.781002],[-104.763037,39.781003],[-104.763038,39.781005],[-104.763038,39.781006],[-104.763039,39.781008],[-104.763039,39.781009],[-104.76304,39.78101],[-104.76304,39.781012],[-104.76304,39.781013],[-104.763041,39.781015],[-104.763041,39.781016],[-104.763042,39.781018],[-104.763042,39.781019],[-104.763043,39.78102],[-104.763043,39.781022],[-104.763044,39.781023],[-104.763044,39.781025],[-104.763044,39.781026],[-104.763045,39.781028],[-104.763045,39.781029],[-104.763046,39.781031],[-104.763046,39.781032],[-104.763046,39.781033],[-104.763047,39.781035],[-104.763047,39.781036],[-104.763047,39.781038],[-104.763048,39.781039],[-104.763048,39.781041],[-104.763048,39.781042],[-104.763049,39.781044],[-104.763049,39.781045],[-104.763049,39.781047],[-104.76305,39.781048],[-104.76305,39.781049],[-104.76305,39.781051],[-104.763051,39.781052],[-104.763051,39.781054],[-104.763051,39.781055],[-104.763051,39.781057],[-104.763052,39.781058],[-104.763052,39.78106],[-104.763052,39.781061],[-104.763052,39.781063],[-104.763053,39.781064],[-104.763053,39.781066],[-104.763053,39.781067],[-104.763053,39.781068],[-104.763053,39.78107],[-104.763054,39.781071],[-104.763054,39.781073],[-104.763054,39.781074],[-104.763054,39.781076],[-104.763054,39.781077],[-104.763055,39.781079],[-104.763055,39.78108],[-104.763055,39.781082],[-104.763055,39.781083],[-104.763055,39.781085],[-104.763055,39.781086],[-104.763055,39.781088],[-104.763056,39.781089],[-104.763056,39.781091],[-104.763056,39.781092],[-104.763056,39.781093],[-104.763056,39.781095],[-104.763056,39.781096],[-104.763056,39.781098],[-104.763056,39.781099],[-104.763056,39.781101],[-104.763056,39.781102],[-104.763056,39.781104],[-104.763056,39.781105],[-104.763056,39.781107],[-104.763056,39.781108],[-104.763057,39.78111],[-104.763052,39.781554]]],[[[-104.762554,39.819331],[-104.762491,39.81933],[-104.762495,39.818554],[-104.762566,39.818555],[-104.762554,39.819331]]],[[[-104.762483,39.795005],[-104.762482,39.795588],[-104.76248,39.796587],[-104.76248,39.79659],[-104.76248,39.796591],[-104.76248,39.796592],[-104.762479,39.796593],[-104.762479,39.796594],[-104.762479,39.796596],[-104.762479,39.796597],[-104.762478,39.796598],[-104.762478,39.796599],[-104.762478,39.7966],[-104.762477,39.796602],[-104.762477,39.796603],[-104.762477,39.796604],[-104.762476,39.796605],[-104.762476,39.796606],[-104.762475,39.796607],[-104.762475,39.796608],[-104.762474,39.79661],[-104.762474,39.796611],[-104.762473,39.796612],[-104.762473,39.796613],[-104.762472,39.796614],[-104.762471,39.796615],[-104.762471,39.796616],[-104.76247,39.796617],[-104.762469,39.796618],[-104.762468,39.796619],[-104.762468,39.79662],[-104.762467,39.796621],[-104.762466,39.796622],[-104.762465,39.796623],[-104.762464,39.796624],[-104.762463,39.796625],[-104.762462,39.796626],[-104.762461,39.796627],[-104.762461,39.796628],[-104.76246,39.796629],[-104.762459,39.79663],[-104.762457,39.796631],[-104.762456,39.796632],[-104.762455,39.796633],[-104.762454,39.796634],[-104.762453,39.796634],[-104.762452,39.796635],[-104.762451,39.796636],[-104.76245,39.796637],[-104.762449,39.796638],[-104.762447,39.796638],[-104.762446,39.796639],[-104.762445,39.79664],[-104.762444,39.796641],[-104.762442,39.796641],[-104.762441,39.796642],[-104.76244,39.796643],[-104.762439,39.796643],[-104.762437,39.796644],[-104.762436,39.796645],[-104.762435,39.796645],[-104.762433,39.796646],[-104.762432,39.796646],[-104.762431,39.796647],[-104.762429,39.796647],[-104.762428,39.796648],[-104.762426,39.796648],[-104.762425,39.796649],[-104.762423,39.796649],[-104.762422,39.79665],[-104.76242,39.79665],[-104.762419,39.79665],[-104.762418,39.796651],[-104.762416,39.796651],[-104.762415,39.796651],[-104.762413,39.796652],[-104.762412,39.796652],[-104.76241,39.796652],[-104.762409,39.796653],[-104.762407,39.796653],[-104.762405,39.796653],[-104.762404,39.796653],[-104.762402,39.796653],[-104.762401,39.796653],[-104.762399,39.796654],[-104.762398,39.796654],[-104.762396,39.796654],[-104.762395,39.796654],[-104.762393,39.796654],[-104.762392,39.796654],[-104.760194,39.796664],[-104.759615,39.796666],[-104.759613,39.796666],[-104.759612,39.796666],[-104.759611,39.796666],[-104.75961,39.796666],[-104.75961,39.796666],[-104.759609,39.796666],[-104.759608,39.796666],[-104.759607,39.796666],[-104.759606,39.796666],[-104.759605,39.796665],[-104.759604,39.796665],[-104.759603,39.796665],[-104.759602,39.796665],[-104.759601,39.796665],[-104.7596,39.796665],[-104.7596,39.796664],[-104.759599,39.796664],[-104.759598,39.796664],[-104.759597,39.796664],[-104.759596,39.796663],[-104.759595,39.796663],[-104.759594,39.796663],[-104.759593,39.796663],[-104.759593,39.796662],[-104.759592,39.796662],[-104.759591,39.796662],[-104.75959,39.796661],[-104.759589,39.796661],[-104.759588,39.796661],[-104.759588,39.79666],[-104.759587,39.79666],[-104.759586,39.79666],[-104.759585,39.796659],[-104.759584,39.796659],[-104.759584,39.796658],[-104.759583,39.796658],[-104.759582,39.796658],[-104.759581,39.796657],[-104.759581,39.796657],[-104.75958,39.796656],[-104.759579,39.796656],[-104.759579,39.796655],[-104.759578,39.796655],[-104.759577,39.796654],[-104.759577,39.796654],[-104.759576,39.796653],[-104.759575,39.796653],[-104.759575,39.796652],[-104.759574,39.796652],[-104.759574,39.796651],[-104.759573,39.79665],[-104.759572,39.79665],[-104.759572,39.796649],[-104.759571,39.796649],[-104.759571,39.796648],[-104.75957,39.796648],[-104.75957,39.796647],[-104.759569,39.796646],[-104.759569,39.796646],[-104.759568,39.796645],[-104.759568,39.796644],[-104.759567,39.796644],[-104.759567,39.796643],[-104.759567,39.796643],[-104.759566,39.796642],[-104.759566,39.796641],[-104.759565,39.796641],[-104.759565,39.79664],[-104.759565,39.796639],[-104.759564,39.796639],[-104.759564,39.796638],[-104.759564,39.796637],[-104.759564,39.796637],[-104.759563,39.796636],[-104.759563,39.796635],[-104.759563,39.796634],[-104.759563,39.796634],[-104.759562,39.796633],[-104.759562,39.796632],[-104.759562,39.796632],[-104.759562,39.796631],[-104.759562,39.79663],[-104.759562,39.796629],[-104.759562,39.796629],[-104.759562,39.796628],[-104.759562,39.796627],[-104.759561,39.796627],[-104.759561,39.796626],[-104.759561,39.796625],[-104.75956,39.796382],[-104.759559,39.796371],[-104.759559,39.79636],[-104.759558,39.796349],[-104.759557,39.796338],[-104.759556,39.796327],[-104.759555,39.796316],[-104.759553,39.796305],[-104.759551,39.796294],[-104.759549,39.796283],[-104.759546,39.796272],[-104.759544,39.796261],[-104.759541,39.796251],[-104.759538,39.79624],[-104.759534,39.796229],[-104.759531,39.796219],[-104.759527,39.796208],[-104.759523,39.796197],[-104.759518,39.796187],[-104.759514,39.796177],[-104.759509,39.796166],[-104.759504,39.796156],[-104.759498,39.796146],[-104.759493,39.796135],[-104.759487,39.796125],[-104.759481,39.796115],[-104.759475,39.796105],[-104.759468,39.796096],[-104.759462,39.796086],[-104.759455,39.796076],[-104.759448,39.796067],[-104.75944,39.796057],[-104.759433,39.796048],[-104.759425,39.796039],[-104.759416,39.796029],[-104.759037,39.795601],[-104.758964,39.795519],[-104.758954,39.795508],[-104.758949,39.795501],[-104.758943,39.795494],[-104.758938,39.795487],[-104.758933,39.79548],[-104.758928,39.795473],[-104.758923,39.795466],[-104.758918,39.795458],[-104.758914,39.795451],[-104.758909,39.795444],[-104.758905,39.795436],[-104.758901,39.795429],[-104.758897,39.795421],[-104.758894,39.795413],[-104.75889,39.795406],[-104.758887,39.795398],[-104.758884,39.79539],[-104.758881,39.795382],[-104.758878,39.795374],[-104.758875,39.795367],[-104.758873,39.795359],[-104.758871,39.795351],[-104.758853,39.795286],[-104.758824,39.795179],[-104.758824,39.795177],[-104.758823,39.795176],[-104.758823,39.795175],[-104.758823,39.795174],[-104.758823,39.795173],[-104.758822,39.795172],[-104.758822,39.79517],[-104.758822,39.795169],[-104.758822,39.795168],[-104.758822,39.795167],[-104.758822,39.795166],[-104.758822,39.795164],[-104.758822,39.795163],[-104.758822,39.795162],[-104.758822,39.795161],[-104.758822,39.79516],[-104.758822,39.795158],[-104.758822,39.795157],[-104.758823,39.795156],[-104.758823,39.795155],[-104.758823,39.795154],[-104.758823,39.795152],[-104.758824,39.795151],[-104.758824,39.79515],[-104.758824,39.795149],[-104.758825,39.795148],[-104.758825,39.795147],[-104.758825,39.795145],[-104.758826,39.795144],[-104.758826,39.795143],[-104.758827,39.795142],[-104.758827,39.795141],[-104.75883,39.795136],[-104.758833,39.795132],[-104.758833,39.795131],[-104.758833,39.795131],[-104.758834,39.79513],[-104.758835,39.795129],[-104.758836,39.795128],[-104.758837,39.795127],[-104.758837,39.795126],[-104.758838,39.795125],[-104.758839,39.795124],[-104.75884,39.795123],[-104.758841,39.795122],[-104.758842,39.795121],[-104.758843,39.79512],[-104.758844,39.795119],[-104.758845,39.795118],[-104.758846,39.795118],[-104.758847,39.795117],[-104.758848,39.795116],[-104.758849,39.795115],[-104.758851,39.795114],[-104.758852,39.795113],[-104.758853,39.795113],[-104.758854,39.795112],[-104.758855,39.795111],[-104.758856,39.79511],[-104.758858,39.79511],[-104.758859,39.795109],[-104.75886,39.795108],[-104.758861,39.795108],[-104.758863,39.795107],[-104.758864,39.795106],[-104.758865,39.795106],[-104.758867,39.795105],[-104.758868,39.795104],[-104.758869,39.795104],[-104.758871,39.795103],[-104.758872,39.795103],[-104.758874,39.795102],[-104.758875,39.795102],[-104.758876,39.795101],[-104.758878,39.795101],[-104.758879,39.7951],[-104.758881,39.7951],[-104.758882,39.7951],[-104.758884,39.795099],[-104.758885,39.795099],[-104.758887,39.795099],[-104.758888,39.795098],[-104.75889,39.795098],[-104.758891,39.795098],[-104.758893,39.795097],[-104.759736,39.794961],[-104.75979,39.794953],[-104.759819,39.79495],[-104.759847,39.794946],[-104.759876,39.794943],[-104.759904,39.794941],[-104.759933,39.794939],[-104.759962,39.794937],[-104.759991,39.794936],[-104.760019,39.794935],[-104.760048,39.794934],[-104.760077,39.794934],[-104.762394,39.794937],[-104.762396,39.794937],[-104.762397,39.794937],[-104.762399,39.794937],[-104.762401,39.794937],[-104.762402,39.794937],[-104.762404,39.794937],[-104.762405,39.794938],[-104.762407,39.794938],[-104.762408,39.794938],[-104.76241,39.794938],[-104.762411,39.794938],[-104.762413,39.794939],[-104.762414,39.794939],[-104.762416,39.794939],[-104.762417,39.794939],[-104.762419,39.79494],[-104.76242,39.79494],[-104.762422,39.79494],[-104.762423,39.794941],[-104.762425,39.794941],[-104.762426,39.794942],[-104.762428,39.794942],[-104.762429,39.794942],[-104.762431,39.794943],[-104.762432,39.794943],[-104.762433,39.794944],[-104.762435,39.794945],[-104.762436,39.794945],[-104.762437,39.794946],[-104.762439,39.794946],[-104.76244,39.794947],[-104.762441,39.794947],[-104.762443,39.794948],[-104.762444,39.794949],[-104.762445,39.794949],[-104.762447,39.79495],[-104.762448,39.794951],[-104.762449,39.794952],[-104.76245,39.794952],[-104.762451,39.794953],[-104.762453,39.794954],[-104.762454,39.794955],[-104.762455,39.794955],[-104.762456,39.794956],[-104.762457,39.794957],[-104.762458,39.794958],[-104.762459,39.794959],[-104.76246,39.79496],[-104.762461,39.794961],[-104.762462,39.794962],[-104.762463,39.794963],[-104.762464,39.794963],[-104.762465,39.794964],[-104.762466,39.794965],[-104.762467,39.794966],[-104.762468,39.794967],[-104.762469,39.794968],[-104.76247,39.794969],[-104.762471,39.79497],[-104.762471,39.794971],[-104.762472,39.794972],[-104.762473,39.794973],[-104.762474,39.794975],[-104.762474,39.794976],[-104.762475,39.794977],[-104.762476,39.794978],[-104.762476,39.794979],[-104.762477,39.79498],[-104.762477,39.794981],[-104.762478,39.794982],[-104.762478,39.794983],[-104.762479,39.794984],[-104.762479,39.794986],[-104.76248,39.794987],[-104.76248,39.794988],[-104.762481,39.794989],[-104.762481,39.79499],[-104.762481,39.794991],[-104.762482,39.794993],[-104.762482,39.794994],[-104.762482,39.794995],[-104.762482,39.794996],[-104.762483,39.794997],[-104.762483,39.794999],[-104.762483,39.795],[-104.762483,39.795001],[-104.762483,39.795002],[-104.762483,39.795003],[-104.762483,39.795005],[-104.762483,39.795005]]],[[[-104.749382,39.77313],[-104.749377,39.773946],[-104.749377,39.773947],[-104.749377,39.773948],[-104.749377,39.773949],[-104.749377,39.773949],[-104.749377,39.77395],[-104.749377,39.773951],[-104.749377,39.773951],[-104.749376,39.773952],[-104.749376,39.773953],[-104.749376,39.773954],[-104.749376,39.773954],[-104.749376,39.773955],[-104.749376,39.773956],[-104.749375,39.773956],[-104.749375,39.773957],[-104.749375,39.773958],[-104.749375,39.773959],[-104.749374,39.773959],[-104.749374,39.77396],[-104.749374,39.773961],[-104.749373,39.773961],[-104.749373,39.773962],[-104.749373,39.773963],[-104.749372,39.773963],[-104.749372,39.773964],[-104.749371,39.773964],[-104.749371,39.773965],[-104.749371,39.773966],[-104.74937,39.773966],[-104.74937,39.773967],[-104.749369,39.773968],[-104.749369,39.773968],[-104.749368,39.773969],[-104.749368,39.773969],[-104.749367,39.77397],[-104.749367,39.773971],[-104.749366,39.773971],[-104.749365,39.773972],[-104.749365,39.773972],[-104.749364,39.773973],[-104.749364,39.773973],[-104.749363,39.773974],[-104.749362,39.773974],[-104.749362,39.773975],[-104.749361,39.773975],[-104.74936,39.773976],[-104.74936,39.773976],[-104.749359,39.773977],[-104.749358,39.773977],[-104.749358,39.773978],[-104.749357,39.773978],[-104.749356,39.773979],[-104.749355,39.773979],[-104.749355,39.77398],[-104.749354,39.77398],[-104.749353,39.77398],[-104.749352,39.773981],[-104.749352,39.773981],[-104.749351,39.773982],[-104.74935,39.773982],[-104.749349,39.773982],[-104.749348,39.773983],[-104.749348,39.773983],[-104.749347,39.773983],[-104.749346,39.773984],[-104.749345,39.773984],[-104.749344,39.773984],[-104.749343,39.773984],[-104.749342,39.773985],[-104.749342,39.773985],[-104.749341,39.773985],[-104.74934,39.773985],[-104.749339,39.773986],[-104.749338,39.773986],[-104.749337,39.773986],[-104.749336,39.773986],[-104.749335,39.773986],[-104.749334,39.773986],[-104.749333,39.773987],[-104.749333,39.773987],[-104.749332,39.773987],[-104.749331,39.773987],[-104.74933,39.773987],[-104.749329,39.773987],[-104.749248,39.773994],[-104.749194,39.773999],[-104.74914,39.774006],[-104.749085,39.774013],[-104.749031,39.77402],[-104.748978,39.774029],[-104.748924,39.774038],[-104.74887,39.774048],[-104.748817,39.774058],[-104.748764,39.77407],[-104.748712,39.774082],[-104.748659,39.774095],[-104.748607,39.774108],[-104.748555,39.774122],[-104.748504,39.774137],[-104.748453,39.774152],[-104.748402,39.774169],[-104.748352,39.774186],[-104.748302,39.774203],[-104.748252,39.774221],[-104.748203,39.77424],[-104.748119,39.774273],[-104.74797,39.774047],[-104.747365,39.77313],[-104.747369,39.772413],[-104.747373,39.77241],[-104.747376,39.772408],[-104.747379,39.772406],[-104.747382,39.772403],[-104.747384,39.772401],[-104.747387,39.772399],[-104.74739,39.772397],[-104.747392,39.772394],[-104.747395,39.772392],[-104.747397,39.77239],[-104.747399,39.772387],[-104.747402,39.772385],[-104.747404,39.772382],[-104.747406,39.77238],[-104.747408,39.772377],[-104.74741,39.772375],[-104.747412,39.772372],[-104.747414,39.77237],[-104.747416,39.772367],[-104.747418,39.772364],[-104.74742,39.772362],[-104.747422,39.772359],[-104.747423,39.772356],[-104.747425,39.772353],[-104.747427,39.772351],[-104.747428,39.772348],[-104.747429,39.772345],[-104.747431,39.772342],[-104.747597,39.771986],[-104.747598,39.771985],[-104.747598,39.771984],[-104.747598,39.771983],[-104.747599,39.771983],[-104.747599,39.771982],[-104.747599,39.771981],[-104.7476,39.771981],[-104.7476,39.77198],[-104.747601,39.771979],[-104.747601,39.771979],[-104.747602,39.771978],[-104.747602,39.771978],[-104.747603,39.771977],[-104.747603,39.771976],[-104.747604,39.771976],[-104.747604,39.771975],[-104.747605,39.771975],[-104.747606,39.771974],[-104.747606,39.771974],[-104.747607,39.771973],[-104.747607,39.771972],[-104.747608,39.771972],[-104.747609,39.771971],[-104.747609,39.771971],[-104.74761,39.77197],[-104.747611,39.77197],[-104.747611,39.771969],[-104.747612,39.771969],[-104.747613,39.771968],[-104.747613,39.771968],[-104.747614,39.771968],[-104.747615,39.771967],[-104.747616,39.771967],[-104.747616,39.771966],[-104.747617,39.771966],[-104.747618,39.771965],[-104.747619,39.771965],[-104.747619,39.771965],[-104.74762,39.771964],[-104.747621,39.771964],[-104.747622,39.771964],[-104.747623,39.771963],[-104.747624,39.771963],[-104.747624,39.771963],[-104.747625,39.771962],[-104.747626,39.771962],[-104.747627,39.771962],[-104.747628,39.771962],[-104.747629,39.771961],[-104.74763,39.771961],[-104.74763,39.771961],[-104.747631,39.771961],[-104.747632,39.77196],[-104.747633,39.77196],[-104.747634,39.77196],[-104.747635,39.77196],[-104.747636,39.77196],[-104.747637,39.77196],[-104.747638,39.771959],[-104.747639,39.771959],[-104.747639,39.771959],[-104.74764,39.771959],[-104.747641,39.771959],[-104.747642,39.771959],[-104.747643,39.771959],[-104.747644,39.771959],[-104.747645,39.771959],[-104.747646,39.771959],[-104.747647,39.771959],[-104.747648,39.771959],[-104.747649,39.771959],[-104.74765,39.771959],[-104.747651,39.771959],[-104.747652,39.771959],[-104.747652,39.771959],[-104.747653,39.771959],[-104.747654,39.771959],[-104.747655,39.771959],[-104.747656,39.771959],[-104.747657,39.771959],[-104.747658,39.77196],[-104.747659,39.77196],[-104.74766,39.77196],[-104.747661,39.77196],[-104.747662,39.77196],[-104.747663,39.77196],[-104.747663,39.771961],[-104.747664,39.771961],[-104.747665,39.771961],[-104.747749,39.771984],[-104.747771,39.77199],[-104.747786,39.771994],[-104.747801,39.771997],[-104.747816,39.772001],[-104.747831,39.772004],[-104.747846,39.772007],[-104.747861,39.772009],[-104.747876,39.772012],[-104.747892,39.772014],[-104.747907,39.772016],[-104.747922,39.772018],[-104.747938,39.772019],[-104.747953,39.772021],[-104.747968,39.772022],[-104.747984,39.772023],[-104.747999,39.772024],[-104.748015,39.772024],[-104.74803,39.772025],[-104.748046,39.772025],[-104.749335,39.772029],[-104.749337,39.772029],[-104.749338,39.772029],[-104.749339,39.772029],[-104.749339,39.77203],[-104.74934,39.77203],[-104.749341,39.77203],[-104.749342,39.77203],[-104.749343,39.77203],[-104.749344,39.77203],[-104.749345,39.77203],[-104.749346,39.77203],[-104.749347,39.77203],[-104.749348,39.772031],[-104.749349,39.772031],[-104.749349,39.772031],[-104.74935,39.772031],[-104.749351,39.772031],[-104.749352,39.772032],[-104.749353,39.772032],[-104.749354,39.772032],[-104.749355,39.772032],[-104.749356,39.772033],[-104.749356,39.772033],[-104.749357,39.772033],[-104.749358,39.772034],[-104.749359,39.772034],[-104.74936,39.772034],[-104.749361,39.772035],[-104.749361,39.772035],[-104.749362,39.772035],[-104.749363,39.772036],[-104.749364,39.772036],[-104.749365,39.772036],[-104.749365,39.772037],[-104.749366,39.772037],[-104.749367,39.772038],[-104.749368,39.772038],[-104.749368,39.772039],[-104.749369,39.772039],[-104.74937,39.77204],[-104.74937,39.77204],[-104.749371,39.772041],[-104.749372,39.772041],[-104.749372,39.772042],[-104.749373,39.772042],[-104.749374,39.772043],[-104.749374,39.772043],[-104.749375,39.772044],[-104.749376,39.772044],[-104.749376,39.772045],[-104.749377,39.772045],[-104.749377,39.772046],[-104.749378,39.772046],[-104.749378,39.772047],[-104.749379,39.772048],[-104.749379,39.772048],[-104.74938,39.772049],[-104.74938,39.772049],[-104.749381,39.77205],[-104.749381,39.772051],[-104.749382,39.772051],[-104.749382,39.772052],[-104.749383,39.772053],[-104.749383,39.772053],[-104.749383,39.772054],[-104.749384,39.772055],[-104.749384,39.772055],[-104.749384,39.772056],[-104.749385,39.772057],[-104.749385,39.772057],[-104.749385,39.772058],[-104.749386,39.772059],[-104.749386,39.772059],[-104.749386,39.77206],[-104.749386,39.772061],[-104.749387,39.772061],[-104.749387,39.772062],[-104.749387,39.772063],[-104.749387,39.772064],[-104.749387,39.772064],[-104.749387,39.772065],[-104.749388,39.772066],[-104.749388,39.772066],[-104.749388,39.772067],[-104.749388,39.772068],[-104.749388,39.772069],[-104.749388,39.772069],[-104.749388,39.77207],[-104.749388,39.772071],[-104.749382,39.77313]]],[[[-104.737684,39.789444],[-104.737684,39.789466],[-104.737684,39.789487],[-104.737682,39.789535],[-104.737679,39.78958],[-104.737675,39.789624],[-104.73767,39.789668],[-104.737664,39.789712],[-104.737657,39.789756],[-104.73765,39.7898],[-104.737641,39.789844],[-104.737631,39.789887],[-104.73762,39.789931],[-104.737608,39.789974],[-104.737596,39.790017],[-104.737582,39.79006],[-104.737567,39.790103],[-104.737552,39.790146],[-104.737535,39.790188],[-104.737517,39.79023],[-104.737499,39.790272],[-104.737479,39.790314],[-104.737459,39.790355],[-104.737438,39.790397],[-104.737319,39.79062],[-104.737301,39.790654],[-104.737088,39.791053],[-104.736937,39.791337],[-104.736935,39.79134],[-104.736933,39.79134],[-104.736932,39.791339],[-104.73693,39.791339],[-104.736929,39.791339],[-104.736927,39.791339],[-104.736926,39.791338],[-104.736924,39.791338],[-104.736923,39.791337],[-104.736921,39.791337],[-104.73692,39.791337],[-104.736918,39.791336],[-104.736468,39.791194],[-104.73641,39.791176],[-104.736352,39.791159],[-104.736294,39.791142],[-104.736235,39.791127],[-104.736176,39.791112],[-104.736117,39.791098],[-104.736057,39.791085],[-104.735997,39.791073],[-104.735886,39.791053],[-104.735826,39.791043],[-104.735765,39.791034],[-104.735704,39.791025],[-104.735642,39.791018],[-104.735581,39.791011],[-104.735519,39.791005],[-104.735457,39.791],[-104.735396,39.790996],[-104.735334,39.790993],[-104.735272,39.79099],[-104.73521,39.790989],[-104.735133,39.790988],[-104.734849,39.790987],[-104.734844,39.790987],[-104.734841,39.790987],[-104.734838,39.790986],[-104.734834,39.790986],[-104.734831,39.790986],[-104.734828,39.790986],[-104.734825,39.790985],[-104.734822,39.790985],[-104.734819,39.790985],[-104.734816,39.790984],[-104.734813,39.790984],[-104.73481,39.790983],[-104.734807,39.790983],[-104.734804,39.790982],[-104.734801,39.790981],[-104.734798,39.790981],[-104.734795,39.79098],[-104.734792,39.790979],[-104.734789,39.790978],[-104.734786,39.790978],[-104.734783,39.790977],[-104.73478,39.790976],[-104.734778,39.790975],[-104.734795,39.789222],[-104.734796,39.789221],[-104.734799,39.78922],[-104.734802,39.789219],[-104.734805,39.789219],[-104.734808,39.789218],[-104.734811,39.789217],[-104.734814,39.789216],[-104.734817,39.789216],[-104.73482,39.789215],[-104.734823,39.789214],[-104.734826,39.789214],[-104.734829,39.789213],[-104.734832,39.789213],[-104.734835,39.789212],[-104.734838,39.789212],[-104.734841,39.789212],[-104.734844,39.789211],[-104.734847,39.789211],[-104.734851,39.789211],[-104.734854,39.789211],[-104.734857,39.789211],[-104.73486,39.789211],[-104.734863,39.78921],[-104.734866,39.78921],[-104.734956,39.789211],[-104.734956,39.789194],[-104.737686,39.789204],[-104.737684,39.789444]]]]}},{"type":"Feature","properties":{"zone_kind":"slow","zone_label":"Slow zone","zone_venue":"Millennium Bridge","source_file":"denver-slow_millenniumbridge_export.geojson"},"geometry":{"type":"MultiPolygon","coordinates":[[[[-105.004121,39.75484],[-105.003545,39.754271],[-105.003848,39.753863],[-105.004416,39.754355],[-105.004121,39.75484]]]]}}]}
